{
 "type": "FeatureCollection",
 "properties": {
  "capture": "jbeil-mb-104",
  "count": 59,
  "note": "Hand corrections made in the map UI. Fold into labels with scripts/apply_corrections.py; nothing reads this file automatically.",
  "applied_at": "2026-09-08T15:32:54"
 },
 "features": [
  {
   "type": "Feature",
   "geometry": {
    "type": "Polygon",
    "coordinates": [
     [
      [
       35.66359918496555,
       34.1258208787823
      ],
      [
       35.66380028559274,
       34.125849727662455
      ],
      [
       35.66381905498462,
       34.125827536217045
      ],
      [
       35.66360991033235,
       34.125792029892295
      ],
      [
       35.66359918496555,
       34.1258208787823
      ]
     ]
    ]
   },
   "properties": {
    "kind": "add",
    "note": "",
    "source": "hand-drawn",
    "applied": "2026-09-08T15:32:54"
   }
  },
  {
   "type": "Feature",
   "geometry": {
    "type": "Polygon",
    "coordinates": [
     [
      [
       35.66374129607543,
       34.12576983843172
      ],
      [
       35.66384586840159,
       34.1257898107465
      ],
      [
       35.66384318705988,
       34.125754304405866
      ],
      [
       35.663746658758846,
       34.125749866112265
      ],
      [
       35.66374129607543,
       34.12576983843172
      ]
     ]
    ]
   },
   "properties": {
    "kind": "remove",
    "note": "",
    "source": "hand-drawn",
    "applied": "2026-09-08T15:32:54"
   }
  },
  {
   "type": "Feature",
   "geometry": {
    "type": "Polygon",
    "coordinates": [
     [
      [
       35.66363107051399,
       34.12397398999586
      ],
      [
       35.66371151076489,
       34.12398730515573
      ],
      [
       35.66371687344827,
       34.12396511322148
      ],
      [
       35.6636337518557,
       34.1239517980581
      ],
      [
       35.66363107051399,
       34.12397398999586
      ]
     ]
    ]
   },
   "properties": {
    "kind": "add",
    "note": "",
    "source": "hand-drawn",
    "applied": "2026-09-08T15:32:54"
   }
  },
  {
   "type": "Feature",
   "geometry": {
    "type": "Polygon",
    "coordinates": [
     [
      [
       35.6594404578209,
       34.127168328769116
      ],
      [
       35.65950214862824,
       34.12719053194222
      ],
      [
       35.65950214862824,
       34.12716388813381
      ],
      [
       35.659448504447944,
       34.12716388813381
      ],
      [
       35.6594404578209,
       34.127168328769116
      ]
     ]
    ]
   },
   "properties": {
    "kind": "add",
    "note": "",
    "source": "hand-drawn",
    "applied": "2026-09-08T15:32:54"
   }
  },
  {
   "type": "Feature",
   "geometry": {
    "type": "Polygon",
    "coordinates": [
     [
      [
       35.65758923771154,
       34.126636459775355
      ],
      [
       35.657571182940586,
       34.126652339614445
      ],
      [
       35.65756779767103,
       34.12666354891083
      ],
      [
       35.657568926094214,
       34.126672889990004
      ],
      [
       35.657572311363765,
       34.12667662642114
      ],
      [
       35.657572311363765,
       34.12667849463702
      ],
      [
       35.65758133874883,
       34.12668659023704
      ],
      [
       35.65758246717243,
       34.12668783571455
      ],
      [
       35.6575828056996,
       34.12668790577267
      ],
      [
       35.657583248388285,
       34.126688302768095
      ],
      [
       35.65758359559562,
       34.12668876982224
      ],
      [
       35.657583785932175,
       34.12668878482799
      ],
      [
       35.657585852442,
       34.12669063803762
      ],
      [
       35.65760765587301,
       34.12669154048061
      ],
      [
       35.65760842090568,
       34.126693440360576
      ],
      [
       35.6576140630216,
       34.12669157214529
      ],
      [
       35.65761452049045,
       34.126689678683746
      ],
      [
       35.65762647567662,
       34.126685967499135
      ],
      [
       35.65763098936937,
       34.1266803628526
      ],
      [
       35.657630253441205,
       34.12667934751803
      ],
      [
       35.65763098936937,
       34.12667849463702
      ],
      [
       35.65763211779255,
       34.12666635123468
      ],
      [
       35.657641145178026,
       34.12665887837083
      ],
      [
       35.65763324621574,
       34.12664299853297
      ],
      [
       35.657629409577,
       34.126642998532986
      ],
      [
       35.65762309040746,
       34.12663926210022
      ],
      [
       35.65761067775205,
       34.12662898690889
      ],
      [
       35.65760277878975,
       34.1266289869089
      ],
      [
       35.65758923771154,
       34.126636459775355
      ]
     ]
    ]
   },
   "properties": {
    "kind": "remove",
    "note": "",
    "source": "hand-drawn",
    "applied": "2026-09-08T15:32:54"
   }
  },
  {
   "type": "Feature",
   "geometry": {
    "type": "Polygon",
    "coordinates": [
     [
      [
       35.658032708023065,
       34.12555568787223
      ],
      [
       35.65808010179682,
       34.12555568787223
      ],
      [
       35.65808010179682,
       34.12564536322569
      ],
      [
       35.658032708023065,
       34.12564536322569
      ],
      [
       35.658032708023065,
       34.12555568787223
      ]
     ]
    ]
   },
   "properties": {
    "kind": "remove",
    "note": "",
    "source": "hand-drawn",
    "applied": "2026-09-08T15:32:54"
   }
  },
  {
   "type": "Feature",
   "geometry": {
    "type": "Polygon",
    "coordinates": [
     [
      [
       35.660824477672584,
       34.12755244284143
      ],
      [
       35.660813748836524,
       34.127514697605285
      ],
      [
       35.66072255373002,
       34.127516917913766
      ],
      [
       35.66072791814805,
       34.12756354437826
      ],
      [
       35.660819113254554,
       34.12755688345636
      ],
      [
       35.660824477672584,
       34.12755244284143
      ]
     ]
    ]
   },
   "properties": {
    "kind": "add",
    "note": "",
    "source": "hand-drawn",
    "applied": "2026-09-08T15:32:54"
   }
  },
  {
   "type": "Feature",
   "geometry": {
    "type": "Polygon",
    "coordinates": [
     [
      [
       35.65804839134217,
       34.125638516100736
      ],
      [
       35.65806984901429,
       34.125638516100736
      ],
      [
       35.65805912017823,
       34.12555858318293
      ],
      [
       35.658034980297096,
       34.12557634606008
      ],
      [
       35.658045709133155,
       34.125638516100736
      ],
      [
       35.65804839134217,
       34.125638516100736
      ]
     ]
    ]
   },
   "properties": {
    "kind": "add",
    "note": "",
    "source": "hand-drawn",
    "applied": "2026-09-08T15:32:54"
   }
  },
  {
   "type": "Feature",
   "geometry": {
    "type": "Polygon",
    "coordinates": [
     [
      [
       35.66030986600955,
       34.127556550694294
      ],
      [
       35.66030986600955,
       34.12743792086507
      ],
      [
       35.66105688215772,
       34.12743792086507
      ],
      [
       35.66105688215772,
       34.12764342135664
      ],
      [
       35.66103769896358,
       34.127636882704635
      ],
      [
       35.66103431369403,
       34.127630344052626
      ],
      [
       35.661019644192635,
       34.12762940995949
      ],
      [
       35.66101738734626,
       34.12762006902805
      ],
      [
       35.661002717844866,
       34.127621937214336
      ],
      [
       35.660976764111616,
       34.1276125962829
      ],
      [
       35.66094968195519,
       34.127621937214336
      ],
      [
       35.66093162718424,
       34.12761633265548
      ],
      [
       35.660916957682836,
       34.12761913493491
      ],
      [
       35.660916957682836,
       34.12761446446919
      ],
      [
       35.66093614087698,
       34.127609794003476
      ],
      [
       35.66092259979876,
       34.12760325535147
      ],
      [
       35.660891003949594,
       34.12761072809661
      ],
      [
       35.660901159758254,
       34.12762940995949
      ],
      [
       35.660874077601825,
       34.12763314633206
      ],
      [
       35.66086956390909,
       34.12764342135664
      ],
      [
       35.66058858653613,
       34.12764342135664
      ],
      [
       35.66058745811295,
       34.127638750890924
      ],
      [
       35.66055360541741,
       34.1276340804252
      ],
      [
       35.660549091724675,
       34.12764342135664
      ],
      [
       35.660370800861514,
       34.12764342135664
      ],
      [
       35.66036290189922,
       34.127636882704635
      ],
      [
       35.66037757140062,
       34.12763594861149
      ],
      [
       35.660384341939725,
       34.12762287130748
      ],
      [
       35.66036628716878,
       34.1276125962829
      ],
      [
       35.66036515874559,
       34.127596716699465
      ],
      [
       35.66037757140062,
       34.12758363939545
      ],
      [
       35.660374186131065,
       34.12756869390516
      ],
      [
       35.66039224090202,
       34.127573364370875
      ],
      [
       35.660393369325206,
       34.12756775981202
      ],
      [
       35.66038547036291,
       34.12756215525315
      ],
      [
       35.66037757140062,
       34.127564957532584
      ],
      [
       35.66037644297744,
       34.12756028706687
      ],
      [
       35.660367415591956,
       34.127563089346296
      ],
      [
       35.66036290189922,
       34.12755374841486
      ],
      [
       35.66035500293693,
       34.12755841888058
      ],
      [
       35.660334691319605,
       34.127556550694294
      ],
      [
       35.66033243447324,
       34.12756215525315
      ],
      [
       35.66030986600955,
       34.127556550694294
      ]
     ]
    ]
   },
   "properties": {
    "kind": "remove",
    "note": "",
    "source": "hand-drawn",
    "applied": "2026-09-08T15:32:54"
   }
  },
  {
   "type": "Feature",
   "geometry": {
    "type": "Polygon",
    "coordinates": [
     [
      [
       35.6594274390792,
       34.127206262662924
      ],
      [
       35.6594274390792,
       34.127176371280385
      ],
      [
       35.65948498866161,
       34.127176371280385
      ],
      [
       35.65948498866161,
       34.127206262662924
      ],
      [
       35.6594274390792,
       34.127206262662924
      ]
     ]
    ]
   },
   "properties": {
    "kind": "remove",
    "note": "",
    "source": "hand-drawn",
    "applied": "2026-09-08T15:32:54"
   }
  },
  {
   "type": "Feature",
   "geometry": {
    "type": "Polygon",
    "coordinates": [
     [
      [
       35.65982802930972,
       34.127375335795435
      ],
      [
       35.65982802930972,
       34.127361324209865
      ],
      [
       35.65987090939073,
       34.127361324209865
      ],
      [
       35.65987090939073,
       34.127375335795435
      ],
      [
       35.65982802930972,
       34.127375335795435
      ]
     ]
    ]
   },
   "properties": {
    "kind": "remove",
    "note": "",
    "source": "hand-drawn",
    "applied": "2026-09-08T15:32:54"
   }
  },
  {
   "type": "Feature",
   "geometry": {
    "type": "Polygon",
    "coordinates": [
     [
      [
       35.660384341939725,
       34.12742204128163
      ],
      [
       35.660579559150655,
       34.127504241478256
      ],
      [
       35.66060664130708,
       34.12745753682108
      ],
      [
       35.66040578198023,
       34.127373468438165
      ],
      [
       35.660384341939725,
       34.12742204128163
      ],
      [
       35.660384341939725,
       34.12742204128163
      ]
     ]
    ]
   },
   "properties": {
    "kind": "remove",
    "note": "",
    "source": "hand-drawn",
    "applied": "2026-09-08T15:32:54"
   }
  },
  {
   "type": "Feature",
   "geometry": {
    "type": "Polygon",
    "coordinates": [
     [
      [
       35.660384341939725,
       34.12742204128163
      ],
      [
       35.660579559150655,
       34.127504241478256
      ],
      [
       35.66060664130708,
       34.12745753682108
      ],
      [
       35.66040578198023,
       34.127373468438165
      ],
      [
       35.660384341939725,
       34.12742204128163
      ],
      [
       35.660384341939725,
       34.12742204128163
      ]
     ]
    ]
   },
   "properties": {
    "kind": "remove",
    "note": "",
    "source": "hand-drawn",
    "applied": "2026-09-08T15:32:54"
   }
  },
  {
   "type": "Feature",
   "geometry": {
    "type": "Polygon",
    "coordinates": [
     [
      [
       35.660384341939725,
       34.12742204128163
      ],
      [
       35.660579559150655,
       34.127504241478256
      ],
      [
       35.66060664130708,
       34.12745753682108
      ],
      [
       35.66040578198023,
       34.127373468438165
      ],
      [
       35.660384341939725,
       34.12742204128163
      ],
      [
       35.660384341939725,
       34.12742204128163
      ]
     ]
    ]
   },
   "properties": {
    "kind": "remove",
    "note": "",
    "source": "hand-drawn",
    "applied": "2026-09-08T15:32:54"
   }
  },
  {
   "type": "Feature",
   "geometry": {
    "type": "Polygon",
    "coordinates": [
     [
      [
       35.66065823789808,
       34.12721373102592
      ],
      [
       35.66065516350401,
       34.12720813210328
      ],
      [
       35.660636623573545,
       34.127204901104605
      ],
      [
       35.660630523875604,
       34.127202409245434
      ],
      [
       35.66062870824932,
       34.12720128202191
      ],
      [
       35.66062695292441,
       34.1271969228791
      ],
      [
       35.660621686949604,
       34.12719692287911
      ],
      [
       35.660620182385294,
       34.127195988777025
      ],
      [
       35.66061480753079,
       34.12719598877702
      ],
      [
       35.66060543468717,
       34.1271921597667
      ],
      [
       35.66060551288389,
       34.12719131826647
      ],
      [
       35.66060399141574,
       34.127191570158956
      ],
      [
       35.66059422865205,
       34.12718758185782
      ],
      [
       35.660590843382494,
       34.12718758185782
      ],
      [
       35.66058971495931,
       34.127195988777004
      ],
      [
       35.66059535707523,
       34.127198791083245
      ],
      [
       35.66058797103255,
       34.1272021878179
      ],
      [
       35.66058181599702,
       34.12719879108324
      ],
      [
       35.66057843072747,
       34.12718758185782
      ],
      [
       35.660570531765174,
       34.12718664775564
      ],
      [
       35.660564889649244,
       34.12719131826646
      ],
      [
       35.6605525260561,
       34.12718961251471
      ],
      [
       35.66055247699422,
       34.127189450062154
      ],
      [
       35.66055117496747,
       34.12718912671909
      ],
      [
       35.660546834878296,
       34.127181043142315
      ],
      [
       35.660538935916,
       34.127176372630935
      ],
      [
       35.66052990853053,
       34.12717786719459
      ],
      [
       35.66052990853053,
       34.12717730673322
      ],
      [
       35.6605159290721,
       34.12717978647237
      ],
      [
       35.66051286544921,
       34.12717753220593
      ],
      [
       35.66051185375957,
       34.127175438528624
      ],
      [
       35.660507662474124,
       34.127173703767326
      ],
      [
       35.66049605583499,
       34.12716516340254
      ],
      [
       35.660474615794485,
       34.12715862468528
      ],
      [
       35.660457689446716,
       34.127157690582784
      ],
      [
       35.66045671531185,
       34.12715918815189
      ],
      [
       35.66045317575398,
       34.12715862468527
      ],
      [
       35.66044548195918,
       34.12717645754926
      ],
      [
       35.66044189152213,
       34.12718197724457
      ],
      [
       35.660437377829396,
       34.12720719800133
      ],
      [
       35.66045204733079,
       34.127215604918554
      ],
      [
       35.66047687264086,
       34.127219341325976
      ],
      [
       35.660492298302096,
       34.12721633679219
      ],
      [
       35.660495791143106,
       34.12721648135982
      ],
      [
       35.660490413719074,
       34.12723428695392
      ],
      [
       35.660491262624596,
       34.127237449187874
      ],
      [
       35.66048718965262,
       34.12724269386848
      ],
      [
       35.660487028449516,
       34.12724269386848
      ],
      [
       35.66048590002633,
       34.12724269386848
      ],
      [
       35.66048527203431,
       34.12724516314536
      ],
      [
       35.660481386333586,
       34.1272501666807
      ],
      [
       35.66048012770768,
       34.12726006456321
      ],
      [
       35.660479580856446,
       34.12726044179646
      ],
      [
       35.66047687264086,
       34.12726044179645
      ],
      [
       35.66047754969479,
       34.12726184294848
      ],
      [
       35.66047687264086,
       34.12726230999918
      ],
      [
       35.66047687264086,
       34.12726511230317
      ],
      [
       35.66047912948727,
       34.12726511230318
      ],
      [
       35.660479411593016,
       34.1272656961164
      ],
      [
       35.660479129487236,
       34.12726791460712
      ],
      [
       35.66048109512759,
       34.12726918016363
      ],
      [
       35.660481386333586,
       34.127269782809684
      ],
      [
       35.66047687264086,
       34.12728379432759
      ],
      [
       35.660470920629585,
       34.127283016374705
      ],
      [
       35.660471230524934,
       34.127281926125335
      ],
      [
       35.66046805840198,
       34.12728264226953
      ],
      [
       35.660455432600344,
       34.1272809920242
      ],
      [
       35.660447533638056,
       34.1272912671362
      ],
      [
       35.66044640521487,
       34.127284728428705
      ],
      [
       35.660440763098954,
       34.127284728428705
      ],
      [
       35.660435120983024,
       34.12729033303517
      ],
      [
       35.66042947886711,
       34.1272847284287
      ],
      [
       35.66043060729029,
       34.12729967404508
      ],
      [
       35.66041819463526,
       34.12731181735645
      ],
      [
       35.66041713555627,
       34.127313487257354
      ],
      [
       35.66041593778889,
       34.12731368555804
      ],
      [
       35.66041536984105,
       34.127316271345684
      ],
      [
       35.66039449774838,
       34.127349181380474
      ],
      [
       35.66039422326705,
       34.127353498438865
      ],
      [
       35.66039111247883,
       34.12737066568682
      ],
      [
       35.66039562617158,
       34.127367863386304
      ],
      [
       35.66039562617158,
       34.127370532243894
      ],
      [
       35.660388855632455,
       34.12737533618747
      ],
      [
       35.660385868630165,
       34.12738522665768
      ],
      [
       35.66038456762378,
       34.12738691902821
      ],
      [
       35.660378699823795,
       34.12738934768788
      ],
      [
       35.66038101606081,
       34.127391538959806
      ],
      [
       35.66037982824698,
       34.1273930840876
      ],
      [
       35.66038208509335,
       34.12739682048717
      ],
      [
       35.66038449239617,
       34.12739482774071
      ],
      [
       35.66038659878608,
       34.12739682048716
      ],
      [
       35.66038095667017,
       34.12740709558507
      ],
      [
       35.66038321351653,
       34.12741363428311
      ],
      [
       35.660375314554244,
       34.1274136342831
      ],
      [
       35.66037644297744,
       34.127422975279416
      ],
      [
       35.660365158745584,
       34.12742671167763
      ],
      [
       35.660365158745584,
       34.12743231627467
      ],
      [
       35.66039675459475,
       34.127432316274685
      ],
      [
       35.66040352513386,
       34.127435118573054
      ],
      [
       35.66036967243832,
       34.12743605267251
      ],
      [
       35.66052313799142,
       34.12743605267249
      ],
      [
       35.66051888981017,
       34.12743473394391
      ],
      [
       35.66051577405743,
       34.12743267058823
      ],
      [
       35.66053555064645,
       34.12742577757809
      ],
      [
       35.6605174958755,
       34.12742484347854
      ],
      [
       35.66051862429868,
       34.1274295139762
      ],
      [
       35.66051298218276,
       34.12742951397621
      ],
      [
       35.66051636745231,
       34.1274164365821
      ],
      [
       35.66052788515085,
       34.12742055950427
      ],
      [
       35.66052878010735,
       34.12742204117983
      ],
      [
       35.66053202432488,
       34.12742204117983
      ],
      [
       35.660539402849494,
       34.12742468242648
      ],
      [
       35.66054006433919,
       34.12742577757809
      ],
      [
       35.660547894216556,
       34.12742772203073
      ],
      [
       35.66055124536165,
       34.12742892162025
      ],
      [
       35.66055022014785,
       34.127432316274685
      ],
      [
       35.66055811911014,
       34.12743395094874
      ],
      [
       35.66055811911014,
       34.12743445135916
      ],
      [
       35.66055134857104,
       34.12743605267247
      ],
      [
       35.66055811911014,
       34.12743605267247
      ],
      [
       35.66055811911014,
       34.127436052672486
      ],
      [
       35.66058181599712,
       34.127436052672486
      ],
      [
       35.66058181599702,
       34.12743605267249
      ],
      [
       35.660612283423,
       34.12743605267249
      ],
      [
       35.66061228342295,
       34.127436052672486
      ],
      [
       35.66062695292441,
       34.127436052672486
      ],
      [
       35.66062808134758,
       34.127436052672486
      ],
      [
       35.66062469607803,
       34.12743325037415
      ],
      [
       35.6606416224258,
       34.12743231627469
      ],
      [
       35.660640663266086,
       34.127431635716476
      ],
      [
       35.66064387927217,
       34.12743138217519
      ],
      [
       35.660642750848986,
       34.1274257775781
      ],
      [
       35.660638237156256,
       34.1274295139762
      ],
      [
       35.6606371792596,
       34.127429163688916
      ],
      [
       35.6606343553805,
       34.12742716004541
      ],
      [
       35.66063598030988,
       34.12742671167763
      ],
      [
       35.66063598030988,
       34.12741363428311
      ],
      [
       35.66063259504032,
       34.127411766083725
      ],
      [
       35.66063485188669,
       34.127408029684815
      ],
      [
       35.660630338193954,
       34.12740896378457
      ],
      [
       35.66062582450122,
       34.12740448010568
      ],
      [
       35.66062582450122,
       34.1274026586111
      ],
      [
       35.66062920977077,
       34.12740055688654
      ],
      [
       35.66063146661714,
       34.127406161485304
      ],
      [
       35.660646136118686,
       34.12740616148531
      ],
      [
       35.66065064981128,
       34.12740802968482
      ],
      [
       35.660653132342354,
       34.12740802968482
      ],
      [
       35.66065854877357,
       34.12741083198401
      ],
      [
       35.66066080561994,
       34.12741643658209
      ],
      [
       35.66067778746408,
       34.12741877948777
      ],
      [
       35.660679988814074,
       34.12742017298063
      ],
      [
       35.66068040454892,
       34.12741914055473
      ],
      [
       35.66068111723726,
       34.12741923888101
      ],
      [
       35.660683374083625,
       34.12743044807571
      ],
      [
       35.6607003004314,
       34.127432316274664
      ],
      [
       35.660695786738664,
       34.12742764577715
      ],
      [
       35.66070142885458,
       34.127426711677636
      ],
      [
       35.66070368570095,
       34.127432316274685
      ],
      [
       35.66071304383113,
       34.12743350805676
      ],
      [
       35.66071158466324,
       34.127435118573054
      ],
      [
       35.66071507683602,
       34.12743508907518
      ],
      [
       35.66071158466324,
       34.12743605267248
      ],
      [
       35.66071948362548,
       34.12743698677193
      ],
      [
       35.66061002657663,
       34.12743698677193
      ],
      [
       35.66061002657662,
       34.12743698677194
      ],
      [
       35.66060551288389,
       34.12743698677194
      ],
      [
       35.660606641307076,
       34.127441657268925
      ],
      [
       35.66059987076797,
       34.12743698677193
      ],
      [
       35.66055586226377,
       34.12743698677193
      ],
      [
       35.66053977313321,
       34.12743698677193
      ],
      [
       35.660454304177165,
       34.12743698677193
      ],
      [
       35.660397883017936,
       34.12743698677193
      ],
      [
       35.66037080086151,
       34.12743698677193
      ],
      [
       35.660365158745584,
       34.12743698677193
      ],
      [
       35.66035555872606,
       34.12745508785132
      ],
      [
       35.66035387451374,
       34.12745566875832
      ],
      [
       35.660349360820994,
       34.12746220745261
      ],
      [
       35.660349360820994,
       34.127466774157924
      ],
      [
       35.66034484712826,
       34.12747528483963
      ],
      [
       35.6603451152684,
       34.127475701022284
      ],
      [
       35.66034484712826,
       34.12747621893863
      ],
      [
       35.66034597555145,
       34.127481823532385
      ],
      [
       35.66035124628778,
       34.12748521703102
      ],
      [
       35.66035387451374,
       34.12748929632349
      ],
      [
       35.660405781980224,
       34.12750517600237
      ],
      [
       35.660422708328,
       34.127507044199696
      ],
      [
       35.660428250139546,
       34.127510573016565
      ],
      [
       35.660428350443915,
       34.12751078059422
      ],
      [
       35.66042873330214,
       34.127510880676304
      ],
      [
       35.660437377829396,
       34.12751638518568
      ],
      [
       35.660441658055255,
       34.12751425930616
      ],
      [
       35.66044979048443,
       34.127516385185686
      ],
      [
       35.66045434527808,
       34.12751130331821
      ],
      [
       35.660458817869895,
       34.12751171469282
      ],
      [
       35.660456711479604,
       34.12750866330344
      ],
      [
       35.660466612347996,
       34.12749761672157
      ],
      [
       35.66046897367856,
       34.127499571410176
      ],
      [
       35.6604734873713,
       34.127497703212676
      ],
      [
       35.66047687264086,
       34.12748742812576
      ],
      [
       35.66048251475678,
       34.12748369173022
      ],
      [
       35.660481386333586,
       34.12747621893863
      ],
      [
       35.660488156872695,
       34.12747435074063
      ],
      [
       35.660514110605945,
       34.12747995533449
      ],
      [
       35.66051636745231,
       34.12748369173022
      ],
      [
       35.66050959691321,
       34.12748462582914
      ],
      [
       35.66051185375957,
       34.12748929632348
      ],
      [
       35.6605321653769,
       34.127490230422325
      ],
      [
       35.66053555064645,
       34.12748369173022
      ],
      [
       35.66053667906964,
       34.127487428125775
      ],
      [
       35.66055473384059,
       34.127492098619975
      ],
      [
       35.660553605417405,
       34.12749676911391
      ],
      [
       35.66056150437969,
       34.127498637311426
      ],
      [
       35.660556990686956,
       34.12750237370632
      ],
      [
       35.66056601807244,
       34.127510780594214
      ],
      [
       35.66055022014785,
       34.1275126487914
      ],
      [
       35.66054909172467,
       34.127521989776774
      ],
      [
       35.66054570645511,
       34.12751918748128
      ],
      [
       35.660538935916,
       34.12752105567829
      ],
      [
       35.66053555064645,
       34.127516385185686
      ],
      [
       35.66050056952773,
       34.12751825338277
      ],
      [
       35.66048590002633,
       34.12752852846592
      ],
      [
       35.660484771603144,
       34.12753693535121
      ],
      [
       35.66048025791041,
       34.12752852846592
      ],
      [
       35.66047574421767,
       34.12753039666273
      ],
      [
       35.66048025791041,
       34.12753413305621
      ],
      [
       35.66047574421767,
       34.127537869449526
      ],
      [
       35.660471230524934,
       34.12753039666273
      ],
      [
       35.66045656102353,
       34.12753039666273
      ],
      [
       35.66044527679169,
       34.127524792072194
      ],
      [
       35.660422708328,
       34.1275275943675
      ],
      [
       35.660420893543545,
       34.12753383453097
      ],
      [
       35.66041932305844,
       34.12753600125289
      ],
      [
       35.66041723494826,
       34.12754579618954
      ],
      [
       35.660414809365705,
       34.127550012726665
      ],
      [
       35.66041300752922,
       34.127560950709054
      ],
      [
       35.660408038826596,
       34.12757803566728
      ],
      [
       35.660408038826596,
       34.12758924484093
      ],
      [
       35.66040833066011,
       34.127589341471705
      ],
      [
       35.660408038826596,
       34.12759111303639
      ],
      [
       35.66041455231182,
       34.127592285166706
      ],
      [
       35.660422708328,
       34.12760325630588
      ],
      [
       35.660452047330786,
       34.127603256305896
      ],
      [
       35.66045204733079,
       34.127603256305896
      ],
      [
       35.660454304177165,
       34.127603256305896
      ],
      [
       35.660459946293095,
       34.12759578352487
      ],
      [
       35.66046784525538,
       34.1275948494272
      ],
      [
       35.660478001064035,
       34.12757336517782
      ],
      [
       35.66048364317996,
       34.127577101569415
      ],
      [
       35.66048498508884,
       34.12758098943663
      ],
      [
       35.66048590002633,
       34.12758644254765
      ],
      [
       35.6604871310335,
       34.12758720680948
      ],
      [
       35.660488156872695,
       34.12759017893867
      ],
      [
       35.660492992972124,
       34.12759084615133
      ],
      [
       35.66049492741181,
       34.12759204713411
      ],
      [
       35.66049886377174,
       34.12759165611645
      ],
      [
       35.660508468490015,
       34.127592981231814
      ],
      [
       35.66055134857104,
       34.127588310743185
      ],
      [
       35.66055586226377,
       34.127579903863
      ],
      [
       35.660565424165526,
       34.127582165363
      ],
      [
       35.66056601807244,
       34.12758270615648
      ],
      [
       35.660567710707255,
       34.12758270615648
      ],
      [
       35.66057166018836,
       34.127583640254294
      ],
      [
       35.6605771612512,
       34.12758270615648
      ],
      [
       35.66058181599702,
       34.12758270615648
      ],
      [
       35.66058701199227,
       34.12758103346959
      ],
      [
       35.66061265096652,
       34.127576679890936
      ],
      [
       35.66061616409786,
       34.12757685095779
      ],
      [
       35.66061905396211,
       34.127580837960835
      ],
      [
       35.660630338193954,
       34.12758083796084
      ],
      [
       35.66062695292441,
       34.12757523337364
      ],
      [
       35.660630338193954,
       34.127573365177824
      ],
      [
       35.66063130541384,
       34.12757429927572
      ],
      [
       35.66063146661714,
       34.12757523337362
      ],
      [
       35.66063210327615,
       34.12757506981561
      ],
      [
       35.660637108733056,
       34.127579903863
      ],
      [
       35.66066644773586,
       34.12756776059014
      ],
      [
       35.660679988814074,
       34.12756776059014
      ],
      [
       35.66068000346891,
       34.127566826492156
      ],
      [
       35.66068111723726,
       34.127566826492156
      ],
      [
       35.66068111723726,
       34.12756495829616
      ],
      [
       35.66068111723726,
       34.1275472104321
      ],
      [
       35.66068111723726,
       34.12750143960761
      ],
      [
       35.66068103015634,
       34.127501385544
      ],
      [
       35.66068111723726,
       34.127495835015154
      ],
      [
       35.66066644773586,
       34.12749116452115
      ],
      [
       35.660633723463505,
       34.12749490091638
      ],
      [
       35.660630338193954,
       34.12750891239698
      ],
      [
       35.66062356765485,
       34.12750424190371
      ],
      [
       35.660612283423,
       34.12751078059422
      ],
      [
       35.66059987076797,
       34.12750891239696
      ],
      [
       35.660596485498424,
       34.12751171469282
      ],
      [
       35.66059197180568,
       34.12749583501517
      ],
      [
       35.6605976139216,
       34.12749209861997
      ],
      [
       35.66060212761434,
       34.12747995533452
      ],
      [
       35.66060099919116,
       34.12747715303761
      ],
      [
       35.66059970956454,
       34.127477286480335
      ],
      [
       35.66060212761434,
       34.12747528483963
      ],
      [
       35.66060214279492,
       34.12747500837985
      ],
      [
       35.660603256037525,
       34.12747528483965
      ],
      [
       35.66060776973027,
       34.1274640756509
      ],
      [
       35.66061002657663,
       34.127464075650884
      ],
      [
       35.66061115499981,
       34.12746314155175
      ],
      [
       35.66061115499981,
       34.127461273353475
      ],
      [
       35.660613411846185,
       34.12746127335348
      ],
      [
       35.66061679711574,
       34.127455668758344
      ],
      [
       35.66061905396211,
       34.12745566875834
      ],
      [
       35.660620182385294,
       34.127460339254306
      ],
      [
       35.66062469607803,
       34.1274603392543
      ],
      [
       35.66061905396211,
       34.127462207452616
      ],
      [
       35.66062131080848,
       34.12746500975
      ],
      [
       35.66062582450122,
       34.12746033925429
      ],
      [
       35.66063146661714,
       34.12746314155175
      ],
      [
       35.66063655408437,
       34.12746193830541
      ],
      [
       35.660639163041935,
       34.12746227930639
      ],
      [
       35.660638237156256,
       34.12746687794821
      ],
      [
       35.66064500769535,
       34.127469680245454
      ],
      [
       35.6606416224258,
       34.127473416641614
      ],
      [
       35.660652906657646,
       34.12747435074063
      ],
      [
       35.66065177823446,
       34.12748088943345
      ],
      [
       35.660668704582235,
       34.12748275763129
      ],
      [
       35.66068111723726,
       34.12748836222464
      ],
      [
       35.66068224566044,
       34.12747715303761
      ],
      [
       35.66068450250681,
       34.12748369173022
      ],
      [
       35.66069465831547,
       34.1274864940269
      ],
      [
       35.660686759353176,
       34.12748836222465
      ],
      [
       35.66069127304593,
       34.12749583501516
      ],
      [
       35.66070932781687,
       34.127497703212676
      ],
      [
       35.6607149699328,
       34.12748929632349
      ],
      [
       35.66071158466324,
       34.12748369173022
      ],
      [
       35.66072625416464,
       34.12748182353239
      ],
      [
       35.66072286889509,
       34.127476218938604
      ],
      [
       35.6607364099733,
       34.127479955334515
      ],
      [
       35.660742052089226,
       34.12747715303761
      ],
      [
       35.6607364099733,
       34.12747248254258
      ],
      [
       35.66073753839649,
       34.127468746146384
      ],
      [
       35.66075446474425,
       34.1274678120473
      ],
      [
       35.66074656578196,
       34.12746407565086
      ],
      [
       35.660748822628335,
       34.12745940515514
      ],
      [
       35.66075672159062,
       34.127463141551736
      ],
      [
       35.66077251951521,
       34.127456602857556
      ],
      [
       35.66079231032197,
       34.127461776329945
      ],
      [
       35.660793959555726,
       34.12746314155167
      ],
      [
       35.660793959555726,
       34.127465943849124
      ],
      [
       35.66078380374705,
       34.12746687794822
      ],
      [
       35.66079283113253,
       34.12746687794822
      ],
      [
       35.660795087978904,
       34.127473416641614
      ],
      [
       35.660817656442596,
       34.12748275763131
      ],
      [
       35.66082104171215,
       34.12748742812577
      ],
      [
       35.66082668382806,
       34.12748369173023
      ],
      [
       35.66083796805991,
       34.12749023042231
      ],
      [
       35.66085827967724,
       34.12748929632348
      ],
      [
       35.660885361833664,
       34.127499571410176
      ],
      [
       35.66088649025685,
       34.12750424190371
      ],
      [
       35.66087182075545,
       34.12751451698856
      ],
      [
       35.6608605365236,
       34.127561221904045
      ],
      [
       35.6608605365236,
       34.127571496981986
      ],
      [
       35.66086107016204,
       34.12757243568111
      ],
      [
       35.6608605365236,
       34.12757523337363
      ],
      [
       35.66086189402523,
       34.12757388490139
      ],
      [
       35.66086956390909,
       34.12758737664543
      ],
      [
       35.66088310498729,
       34.12759111303638
      ],
      [
       35.66091582925965,
       34.12759204713409
      ],
      [
       35.660918086106015,
       34.12758457435209
      ],
      [
       35.66093162718423,
       34.12758270615648
      ],
      [
       35.660935012453784,
       34.127578035667284
      ],
      [
       35.6609417829929,
       34.12758737664542
      ],
      [
       35.66095081037837,
       34.12758831074318
      ],
      [
       35.66095983776384,
       34.12759578352487
      ],
      [
       35.66097112199569,
       34.12759671762254
      ],
      [
       35.66098917676664,
       34.12758831074318
      ],
      [
       35.66099594730575,
       34.12759017893867
      ],
      [
       35.661004974691224,
       34.12757523337363
      ],
      [
       35.661004974691224,
       34.127581149325415
      ],
      [
       35.661003846268045,
       34.127592047134094
      ],
      [
       35.661004974691224,
       34.127592160358056
      ],
      [
       35.661004974691224,
       34.12759298123179
      ],
      [
       35.66100948838396,
       34.1275948494272
      ],
      [
       35.66100948838396,
       34.127599519915464
      ],
      [
       35.66101738734626,
       34.12760419040348
      ],
      [
       35.661055753734544,
       34.12760699269615
      ],
      [
       35.66106139585045,
       34.12760045401309
      ],
      [
       35.66106703796638,
       34.127603256305875
      ],
      [
       35.661070423235934,
       34.127590178938675
      ],
      [
       35.66107945062141,
       34.12758831074318
      ],
      [
       35.661077193775036,
       34.127569628786084
      ],
      [
       35.661082835890966,
       34.12755748551174
      ],
      [
       35.66107441301804,
       34.1275467100222
      ],
      [
       35.66107945062141,
       34.12754253994095
      ],
      [
       35.66107858260358,
       34.12754167769638
      ],
      [
       35.66107945062141,
       34.12753880354785
      ],
      [
       35.66107380850548,
       34.127534133056216
      ],
      [
       35.661070115484215,
       34.127534897318476
      ],
      [
       35.661063652696825,
       34.1275313307611
      ],
      [
       35.66105688215787,
       34.12753077030208
      ],
      [
       35.661038451245666,
       34.1275277189139
      ],
      [
       35.66103544211721,
       34.127525726170624
      ],
      [
       35.66102528630856,
       34.12752572617063
      ],
      [
       35.66102449336248,
       34.12752618059691
      ],
      [
       35.66101851576944,
       34.1275275943675
      ],
      [
       35.66101746257448,
       34.12753020984293
      ],
      [
       35.661010616807154,
       34.1275341330562
      ],
      [
       35.66101174523033,
       34.12752385797372
      ],
      [
       35.661005538902835,
       34.12752899551509
      ],
      [
       35.661004974691224,
       34.127526660269076
      ],
      [
       35.660993690459385,
       34.12751825338277
      ],
      [
       35.66100008485747,
       34.12751900955776
      ],
      [
       35.66100046099849,
       34.12751918748127
      ],
      [
       35.66100038740568,
       34.12751904533585
      ],
      [
       35.66100158942167,
       34.127519187481276
      ],
      [
       35.66100835996078,
       34.12750237370632
      ],
      [
       35.66102077261581,
       34.127507044199696
      ],
      [
       35.66102641473174,
       34.12750050550891
      ],
      [
       35.66102415788536,
       34.12749396681758
      ],
      [
       35.6610365705404,
       34.12749116452115
      ],
      [
       35.66104006865226,
       34.12748392525467
      ],
      [
       35.66105104090828,
       34.127476356306126
      ],
      [
       35.66105236846498,
       34.127476218938625
      ],
      [
       35.661055753734544,
       34.12746968024543
      ],
      [
       35.6610546321502,
       34.127460395865754
      ],
      [
       35.66105466590165,
       34.12746034597438
      ],
      [
       35.661060267427274,
       34.12746127335348
      ],
      [
       35.66106703796638,
       34.12745099826213
      ],
      [
       35.661063160819936,
       34.12744778879266
      ],
      [
       35.66106478112001,
       34.12744539366633
      ],
      [
       35.66106139585045,
       34.12743698677193
      ],
      [
       35.66106929481275,
       34.12743698677193
      ],
      [
       35.66106985902431,
       34.12743605267249
      ],
      [
       35.661070423235934,
       34.12743605267249
      ],
      [
       35.66107064892058,
       34.12743474493312
      ],
      [
       35.661077193775036,
       34.12742390937898
      ],
      [
       35.661083964314145,
       34.12742017298063
      ],
      [
       35.66109073485325,
       34.127421107080224
      ],
      [
       35.66108847800688,
       34.12740802968484
      ],
      [
       35.66109863381554,
       34.127402425086174
      ],
      [
       35.66109863381554,
       34.12739495228739
      ],
      [
       35.66109186327644,
       34.1273940181875
      ],
      [
       35.66108622116052,
       34.1273706656868
      ],
      [
       35.66107606535186,
       34.12736132468473
      ],
      [
       35.66104785477224,
       34.12735385188232
      ],
      [
       35.66103882738676,
       34.127354785982654
      ],
      [
       35.66103544211721,
       34.12735870920389
      ],
      [
       35.66103544211721,
       34.12735291778198
      ],
      [
       35.6610286715781,
       34.12734731317966
      ],
      [
       35.66101851576961,
       34.12734591202905
      ],
      [
       35.661014002076705,
       34.12734451087837
      ],
      [
       35.661003846268045,
       34.12733703807446
      ],
      [
       35.66097902095798,
       34.12732769706868
      ],
      [
       35.66096886514937,
       34.127330499370515
      ],
      [
       35.66096660830295,
       34.1273286311693
      ],
      [
       35.66095081037837,
       34.12732489476674
      ],
      [
       35.66094412664107,
       34.12732568515959
      ],
      [
       35.6609417829929,
       34.127321158364
      ],
      [
       35.66093275560741,
       34.12731835606184
      ],
      [
       35.66093162718423,
       34.12731275145726
      ],
      [
       35.660927113491496,
       34.12731181735645
      ],
      [
       35.660928241914675,
       34.12730621275142
      ],
      [
       35.66092147137557,
       34.12730714685229
      ],
      [
       35.660918086106015,
       34.127320224263286
      ],
      [
       35.66091131556691,
       34.12732769706868
      ],
      [
       35.66090680187417,
       34.12732769706868
      ],
      [
       35.660906680971685,
       34.1273279472742
      ],
      [
       35.66090003133507,
       34.12732769706868
      ],
      [
       35.660892132373704,
       34.127335169872524
      ],
      [
       35.66089213237285,
       34.12733516987323
      ],
      [
       35.66090003133507,
       34.12731742196109
      ],
      [
       35.66087971971774,
       34.1273155537596
      ],
      [
       35.66087633444818,
       34.12731275145724
      ],
      [
       35.66087971971774,
       34.127309015053974
      ],
      [
       35.660878591294555,
       34.127297805843185
      ],
      [
       35.66087440000852,
       34.1272974588914
      ],
      [
       35.66086730706271,
       34.12729276169779
      ],
      [
       35.66086730706271,
       34.12729220123723
      ],
      [
       35.66085715125405,
       34.1272856625298
      ],
      [
       35.66084135332947,
       34.127284728428705
      ],
      [
       35.66082803793583,
       34.127273706034565
      ],
      [
       35.660827812251256,
       34.127272585113474
      ],
      [
       35.66082755184598,
       34.12727330365263
      ],
      [
       35.66082217013533,
       34.12726884870841
      ],
      [
       35.66081427117304,
       34.127269782809684
      ],
      [
       35.66080637221074,
       34.12726417820187
      ],
      [
       35.660771342030195,
       34.127254796574874
      ],
      [
       35.66076687739928,
       34.12725110078219
      ],
      [
       35.660762363706546,
       34.12725110078219
      ],
      [
       35.660761235283324,
       34.12725390308661
      ],
      [
       35.66075785001381,
       34.12725763949228
      ],
      [
       35.6607610961627,
       34.127259175001406
      ],
      [
       35.66075446474425,
       34.127260441796444
      ],
      [
       35.66075437199716,
       34.12726056975551
      ],
      [
       35.66074995105152,
       34.12725857359368
      ],
      [
       35.6607364099733,
       34.12725950769507
      ],
      [
       35.66071406719634,
       34.12725446354789
      ],
      [
       35.66070857553291,
       34.127252190566104
      ],
      [
       35.66069482465673,
       34.12724436483098
      ],
      [
       35.660695258540564,
       34.12723897733641
      ],
      [
       35.66069537221576,
       34.127238671512664
      ],
      [
       35.660699172008215,
       34.12723615515721
      ],
      [
       35.66069804358503,
       34.127230550547154
      ],
      [
       35.660694658315464,
       34.127230550547154
      ],
      [
       35.66069127304616,
       34.12722961644551
      ],
      [
       35.66068224566044,
       34.12722401183497
      ],
      [
       35.6606823377969,
       34.127234842166196
      ],
      [
       35.66068111723726,
       34.12723522105557
      ],
      [
       35.66068111723726,
       34.127226814140265
      ],
      [
       35.66068111723726,
       34.127225880038516
      ],
      [
       35.66068111723726,
       34.127223077733206
      ],
      [
       35.66068111723726,
       34.12722214363141
      ],
      [
       35.66067695767876,
       34.12722137846316
      ],
      [
       35.66065823789808,
       34.12721373102592
      ]
     ]
    ]
   },
   "properties": {
    "kind": "remove",
    "note": "",
    "source": "hand-drawn",
    "applied": "2026-09-08T15:32:54"
   }
  },
  {
   "type": "Feature",
   "geometry": {
    "type": "Polygon",
    "coordinates": [
     [
      [
       35.660432864136666,
       34.1271791735975
      ],
      [
       35.660470102101755,
       34.12716422790623
      ],
      [
       35.660529908530535,
       34.12716796432905
      ],
      [
       35.660572788611546,
       34.12718851465454
      ],
      [
       35.66064500769536,
       34.12719505339447
      ],
      [
       35.660668704582235,
       34.127230549411244
      ],
      [
       35.660432864136666,
       34.1271791735975
      ],
      [
       35.660432864136666,
       34.1271791735975
      ]
     ]
    ]
   },
   "properties": {
    "kind": "remove",
    "note": "",
    "source": "hand-drawn",
    "applied": "2026-09-08T15:32:54"
   }
  },
  {
   "type": "Feature",
   "geometry": {
    "type": "Polygon",
    "coordinates": [
     [
      [
       35.66104672634906,
       34.12749023079708
      ],
      [
       35.66106816638957,
       34.12743511856052
      ],
      [
       35.661120073856054,
       34.12738374274677
      ],
      [
       35.661120073856054,
       34.12737066526691
      ],
      [
       35.66099594730576,
       34.12735291725853
      ],
      [
       35.66098240622754,
       34.12733890567296
      ],
      [
       35.66074092366605,
       34.12726137489949
      ],
      [
       35.660598742344796,
       34.127201592134405
      ],
      [
       35.66043512098303,
       34.12718384412602
      ],
      [
       35.66043850625259,
       34.12717076664616
      ],
      [
       35.66043850625259,
       34.12721747193138
      ],
      [
       35.660499441104555,
       34.1272212083542
      ],
      [
       35.660470102101755,
       34.127277254696466
      ],
      [
       35.66047574421768,
       34.127299673233374
      ],
      [
       35.66074656578197,
       34.127401490755155
      ],
      [
       35.66098240622754,
       34.127465944048765
      ],
      [
       35.66101174523034,
       34.12748369205715
      ],
      [
       35.661050111618614,
       34.12748556026856
      ],
      [
       35.66104672634906,
       34.12749023079708
      ],
      [
       35.66104672634906,
       34.12749023079708
      ]
     ]
    ]
   },
   "properties": {
    "kind": "remove",
    "note": "",
    "source": "hand-drawn",
    "applied": "2026-09-08T15:32:54"
   }
  },
  {
   "type": "Feature",
   "geometry": {
    "type": "Polygon",
    "coordinates": [
     [
      [
       35.66041932305845,
       34.12731555303035
      ],
      [
       35.660976764111616,
       34.1275369360823
      ],
      [
       35.661019644192635,
       34.127506110594055
      ],
      [
       35.66045881786991,
       34.12728659575351
      ],
      [
       35.66041932305845,
       34.12731555303035
      ],
      [
       35.66041932305845,
       34.12731555303035
      ]
     ]
    ]
   },
   "properties": {
    "kind": "remove",
    "note": "",
    "source": "hand-drawn",
    "applied": "2026-09-08T15:32:54"
   }
  },
  {
   "type": "Feature",
   "geometry": {
    "type": "Polygon",
    "coordinates": [
     [
      [
       35.660403525133866,
       34.12736692884409
      ],
      [
       35.66071948362554,
       34.127494901325605
      ],
      [
       35.66074882262834,
       34.127450998357496
      ],
      [
       35.6604159377889,
       34.12732022355887
      ],
      [
       35.660403525133866,
       34.12736692884409
      ],
      [
       35.660403525133866,
       34.12736692884409
      ]
     ]
    ]
   },
   "properties": {
    "kind": "remove",
    "note": "",
    "source": "hand-drawn",
    "applied": "2026-09-08T15:32:54"
   }
  },
  {
   "type": "Feature",
   "geometry": {
    "type": "Polygon",
    "coordinates": [
     [
      [
       35.66040605306626,
       34.12759906928633
      ],
      [
       35.6604677438736,
       34.12759684898004
      ],
      [
       35.66047310829163,
       34.12753468037948
      ],
      [
       35.66042214632035,
       34.12753468037948
      ],
      [
       35.66040605306626,
       34.12759684898004
      ],
      [
       35.66040605306626,
       34.12759906928633
      ]
     ]
    ]
   },
   "properties": {
    "kind": "add",
    "note": "",
    "source": "hand-drawn",
    "applied": "2026-09-08T15:32:54"
   }
  },
  {
   "type": "Feature",
   "geometry": {
    "type": "Polygon",
    "coordinates": [
     [
      [
       35.66086471080781,
       34.12757464591365
      ],
      [
       35.66106855869294,
       34.12759684898004
      ],
      [
       35.661071240901954,
       34.12754134130314
      ],
      [
       35.66093176603318,
       34.12753246007146
      ],
      [
       35.66087007522584,
       34.127516917913766
      ],
      [
       35.66085129976273,
       34.12757908652738
      ],
      [
       35.66086471080781,
       34.12757464591365
      ]
     ]
    ]
   },
   "properties": {
    "kind": "add",
    "note": "",
    "source": "hand-drawn",
    "applied": "2026-09-08T15:32:54"
   }
  },
  {
   "type": "Feature",
   "geometry": {
    "type": "Polygon",
    "coordinates": [
     [
      [
       35.66035240888596,
       34.12748361328052
      ],
      [
       35.66046237945557,
       34.12752135853055
      ],
      [
       35.66047310829163,
       34.12749249451735
      ],
      [
       35.66048920154572,
       34.12748361328052
      ],
      [
       35.660583078861244,
       34.127510256988174
      ],
      [
       35.66060721874238,
       34.127468071113846
      ],
      [
       35.66063404083253,
       34.12747029142358
      ],
      [
       35.660719871521,
       34.127510256988174
      ],
      [
       35.66074669361115,
       34.12746585080409
      ],
      [
       35.660781562328346,
       34.12746585080409
      ],
      [
       35.660813748836524,
       34.127485833589816
      ],
      [
       35.660939812660224,
       34.127508036679515
      ],
      [
       35.66098541021348,
       34.12753023976341
      ],
      [
       35.66105782985688,
       34.12748361328052
      ],
      [
       35.66110879182816,
       34.127379258678054
      ],
      [
       35.661055147647865,
       34.12734373367763
      ],
      [
       35.660896897315986,
       34.12730820866226
      ],
      [
       35.660781562328346,
       34.127257141426504
      ],
      [
       35.66063672304154,
       34.12721495542589
      ],
      [
       35.6605213880539,
       34.127168328769116
      ],
      [
       35.6605026125908,
       34.127186091308054
      ],
      [
       35.66045969724656,
       34.127177210039044
      ],
      [
       35.660446286201484,
       34.12718831162516
      ],
      [
       35.66043823957444,
       34.12722161637475
      ],
      [
       35.66048920154572,
       34.12722827732309
      ],
      [
       35.66048920154572,
       34.12725270079585
      ],
      [
       35.66046237945557,
       34.12729044614896
      ],
      [
       35.66042214632035,
       34.12727712426156
      ],
      [
       35.660414099693305,
       34.12728600552006
      ],
      [
       35.66040068864823,
       34.12735039461635
      ],
      [
       35.66034704446793,
       34.12748139297117
      ],
      [
       35.66035240888596,
       34.12748361328052
      ]
     ]
    ]
   },
   "properties": {
    "kind": "add",
    "note": "",
    "source": "hand-drawn",
    "applied": "2026-09-08T15:32:54"
   }
  },
  {
   "type": "Feature",
   "geometry": {
    "type": "Polygon",
    "coordinates": [
     [
      [
       35.661258869907755,
       34.12748369173023
      ],
      [
       35.661258869907755,
       34.12749863731143
      ],
      [
       35.661258869907755,
       34.12750143960761
      ],
      [
       35.661258869907755,
       34.12752105567829
      ],
      [
       35.661258869907755,
       34.127534133056216
      ],
      [
       35.66128708048738,
       34.12754534223568
      ],
      [
       35.66128369521782,
       34.12754814453031
      ],
      [
       35.661259998330934,
       34.12753880354784
      ],
      [
       35.661258869907755,
       34.12754440813744
      ],
      [
       35.66125774148457,
       34.12754160584269
      ],
      [
       35.6612442393193,
       34.12754160584268
      ],
      [
       35.6612284116376,
       34.12753802133049
      ],
      [
       35.66121373298037,
       34.12753413305621
      ],
      [
       35.66120809086445,
       34.12752852846592
      ],
      [
       35.661183265554385,
       34.1275275943675
      ],
      [
       35.661132486511086,
       34.127513582889996
      ],
      [
       35.66112233070242,
       34.127513582889996
      ],
      [
       35.66111826837896,
       34.12751694564476
      ],
      [
       35.6611166885865,
       34.12751171469282
      ],
      [
       35.6611166885865,
       34.12751825338272
      ],
      [
       35.66111556016331,
       34.12751918748127
      ],
      [
       35.66111117185093,
       34.127517734439124
      ],
      [
       35.66111104647057,
       34.12751731928423
      ],
      [
       35.66111091946188,
       34.127517650868974
      ],
      [
       35.661109918047394,
       34.12751731928422
      ],
      [
       35.66109976223873,
       34.12754160584268
      ],
      [
       35.66109524854599,
       34.12754440813743
      ],
      [
       35.66109863381554,
       34.1275481445303
      ],
      [
       35.66109813730954,
       34.12755102155126
      ],
      [
       35.66109637696917,
       34.127555617315544
      ],
      [
       35.66109637696917,
       34.127561221903555
      ],
      [
       35.66109524854599,
       34.12756776059014
      ],
      [
       35.66109951659539,
       34.12757217690339
      ],
      [
       35.66109931644155,
       34.12757252333656
      ],
      [
       35.66109073485325,
       34.12757429927572
      ],
      [
       35.661094120122804,
       34.127579903863
      ],
      [
       35.661089606430075,
       34.12758644254764
      ],
      [
       35.661080579044594,
       34.12758737664543
      ],
      [
       35.66108170746778,
       34.12759391532952
      ],
      [
       35.66108847800688,
       34.12759578352487
      ],
      [
       35.66108622116052,
       34.12760886089122
      ],
      [
       35.661090378509,
       34.12761712027915
      ],
      [
       35.66109073485325,
       34.127618201865964
      ],
      [
       35.6610909691707,
       34.12761829374442
      ],
      [
       35.66109186327644,
       34.127620070060786
      ],
      [
       35.661103147508285,
       34.127625674645
      ],
      [
       35.66110979266711,
       34.127625674645
      ],
      [
       35.66111217489376,
       34.12762660874235
      ],
      [
       35.66111330331694,
       34.127625674644996
      ],
      [
       35.6611166885865,
       34.127625674644996
      ],
      [
       35.66113014286404,
       34.12763012957098
      ],
      [
       35.66113451767262,
       34.12763202650649
      ],
      [
       35.66113946221807,
       34.127636119550985
      ],
      [
       35.66113979673084,
       34.127639442426165
      ],
      [
       35.6611365530927,
       34.12765353894019
      ],
      [
       35.66113474335745,
       34.12765743394857
      ],
      [
       35.66115054128204,
       34.12767138312903
      ],
      [
       35.66115054128204,
       34.12767331359586
      ],
      [
       35.661232916174505,
       34.127700402399114
      ],
      [
       35.66123470284456,
       34.12770016887498
      ],
      [
       35.66123517302088,
       34.127700402399114
      ],
      [
       35.66123904190038,
       34.127699601744936
      ],
      [
       35.66125435621502,
       34.12769760010951
      ],
      [
       35.661267897293236,
       34.12767518178948
      ],
      [
       35.66128030994826,
       34.127675181789485
      ],
      [
       35.66128030994826,
       34.127672379499046
      ],
      [
       35.66127128256278,
       34.12767237949905
      ],
      [
       35.66127128256278,
       34.1276686431117
      ],
      [
       35.661288208910555,
       34.12766864311168
      ],
      [
       35.66128708048738,
       34.12767798407981
      ],
      [
       35.66129497944966,
       34.12767704998302
      ],
      [
       35.661301749988766,
       34.12768545685357
      ],
      [
       35.661292722603285,
       34.127725623001204
      ],
      [
       35.66130287841195,
       34.12773683215528
      ],
      [
       35.66130626368151,
       34.12773683215528
      ],
      [
       35.66130626368152,
       34.127736832155286
      ],
      [
       35.661392023843526,
       34.127736832155286
      ],
      [
       35.661395409113084,
       34.12773963444356
      ],
      [
       35.66139653753627,
       34.127736832155286
      ],
      [
       35.66142023442315,
       34.127736832155286
      ],
      [
       35.6614236196927,
       34.127736832155286
      ],
      [
       35.66142700496225,
       34.127736832155286
      ],
      [
       35.66142926180862,
       34.12772282071246
      ],
      [
       35.66143490392455,
       34.127725623001204
      ],
      [
       35.66143603234773,
       34.127721886616186
      ],
      [
       35.661424748115884,
       34.127718150231
      ],
      [
       35.66143603234773,
       34.127715347942
      ],
      [
       35.66143603234773,
       34.127706006978
      ],
      [
       35.66144280288684,
       34.1277032046886
      ],
      [
       35.66145070184913,
       34.12770507288154
      ],
      [
       35.66145000254463,
       34.12769581085409
      ],
      [
       35.66145070184913,
       34.12769479781984
      ],
      [
       35.66145241268416,
       34.12768807081765
      ],
      [
       35.66145860081142,
       34.12768358866019
      ],
      [
       35.661457472388236,
       34.12767518178948
      ],
      [
       35.66146311450416,
       34.127665840821045
      ],
      [
       35.66145972923461,
       34.12764435658971
      ],
      [
       35.66146424292734,
       34.12763968610393
      ],
      [
       35.66146988504327,
       34.12764155429828
      ],
      [
       35.66146875662008,
       34.12762567464498
      ],
      [
       35.661476655582376,
       34.127618201865964
      ],
      [
       35.66148004085193,
       34.12760138811068
      ],
      [
       35.66148793981422,
       34.12760699269615
      ],
      [
       35.66150148089243,
       34.127607926793715
      ],
      [
       35.66150148089243,
       34.12761446547619
      ],
      [
       35.66150712300836,
       34.127619135963386
      ],
      [
       35.66150712300836,
       34.127625674645
      ],
      [
       35.66149922404607,
       34.12763221332613
      ],
      [
       35.66150486616199,
       34.12764155429828
      ],
      [
       35.66150205574836,
       34.127647793362925
      ],
      [
       35.66150035246925,
       34.12764902707526
      ],
      [
       35.6614890682374,
       34.127672379499046
      ],
      [
       35.66148883841617,
       34.1276771355882
      ],
      [
       35.66148004085193,
       34.12769666601298
      ],
      [
       35.66147778400556,
       34.127716282038335
      ],
      [
       35.66148342612148,
       34.12772842528987
      ],
      [
       35.66151050827791,
       34.127734963963036
      ],
      [
       35.661527021787855,
       34.12773387038706
      ],
      [
       35.66152856304886,
       34.1277340298669
      ],
      [
       35.6615304216283,
       34.127733645239054
      ],
      [
       35.66153871885752,
       34.127733095770736
      ],
      [
       35.66154548939663,
       34.127728425289845
      ],
      [
       35.661547746242995,
       34.12773309577074
      ],
      [
       35.66155451678211,
       34.12773216167457
      ],
      [
       35.66155903047485,
       34.127736832155286
      ],
      [
       35.6615624157444,
       34.127736832155286
      ],
      [
       35.66156467259077,
       34.127736832155286
      ],
      [
       35.661609809518154,
       34.127736832155286
      ],
      [
       35.66161093794133,
       34.127736832155286
      ],
      [
       35.66162109375001,
       34.12771067746012
      ],
      [
       35.66162109375001,
       34.12770880926729
      ],
      [
       35.66162109375001,
       34.12770694107445
      ],
      [
       35.66162109375001,
       34.12766023623948
      ],
      [
       35.66162109375001,
       34.12765743394857
      ],
      [
       35.66162109375001,
       34.12765556575459
      ],
      [
       35.661613194787705,
       34.12765182936644
      ],
      [
       35.66162109375001,
       34.12765182936645
      ],
      [
       35.66162109375001,
       34.127646224783945
      ],
      [
       35.66162109375001,
       34.12764435658972
      ],
      [
       35.66162109375001,
       34.12762941103428
      ],
      [
       35.66162109375001,
       34.12761259728124
      ],
      [
       35.66162109375001,
       34.127606058598595
      ],
      [
       35.66162109375001,
       34.127603256305896
      ],
      [
       35.66162109375001,
       34.12759111303639
      ],
      [
       35.66162109375001,
       34.1275836402543
      ],
      [
       35.66162109375001,
       34.12758270615648
      ],
      [
       35.66161545163407,
       34.127578969765146
      ],
      [
       35.66162109375001,
       34.127577101569415
      ],
      [
       35.66162109375001,
       34.12757056288404
      ],
      [
       35.66160529582541,
       34.12757149698197
      ],
      [
       35.66159514001675,
       34.12756776059014
      ],
      [
       35.66159288317038,
       34.12757149698198
      ],
      [
       35.66159852528631,
       34.12757523337364
      ],
      [
       35.66159288317038,
       34.127578035667284
      ],
      [
       35.661574828399424,
       34.12757243107989
      ],
      [
       35.66157031470669,
       34.127574299275736
      ],
      [
       35.66156580101395,
       34.12756309010012
      ],
      [
       35.66156128732121,
       34.12756776059014
      ],
      [
       35.66155451678211,
       34.12756495829616
      ],
      [
       35.661560158898034,
       34.12756028780598
      ],
      [
       35.661573699976245,
       34.12756215600209
      ],
      [
       35.66157595682262,
       34.12755748551174
      ],
      [
       35.66156128732121,
       34.127558419609834
      ],
      [
       35.661560158898034,
       34.127554683217426
      ],
      [
       35.661553388358925,
       34.127554683217426
      ],
      [
       35.661553388358925,
       34.1275472104321
      ],
      [
       35.66155184080716,
       34.12754699692394
      ],
      [
       35.66155113151255,
       34.1275434740392
      ],
      [
       35.66154210412708,
       34.1275434740392
      ],
      [
       35.66154410056805,
       34.127540168768405
      ],
      [
       35.661547746242995,
       34.127540671744406
      ],
      [
       35.66154887466619,
       34.127537869449505
      ],
      [
       35.66154597300656,
       34.1275370687938
      ],
      [
       35.661546617819816,
       34.127536001252885
      ],
      [
       35.66153785155696,
       34.127532913324146
      ],
      [
       35.66153533358797,
       34.12752666026907
      ],
      [
       35.661524049356125,
       34.1275275943675
      ],
      [
       35.66150599458517,
       34.127519187481276
      ],
      [
       35.66149670168879,
       34.127518418223715
      ],
      [
       35.66149414464517,
       34.12751751750141
      ],
      [
       35.66148681139103,
       34.12750797829833
      ],
      [
       35.661485306826705,
       34.127509068080094
      ],
      [
       35.66147778400556,
       34.1275098464956
      ],
      [
       35.661476655582376,
       34.12750330780502
      ],
      [
       35.66148116927511,
       34.127499571410176
      ],
      [
       35.661471013466446,
       34.12750143960761
      ],
      [
       35.66146311450416,
       34.12749676911391
      ],
      [
       35.66143941761728,
       34.127499571410176
      ],
      [
       35.661422867410465,
       34.12749708048014
      ],
      [
       35.661421362846326,
       34.12749676911392
      ],
      [
       35.66142123570007,
       34.12749683489551
      ],
      [
       35.66141459230722,
       34.12749583501515
      ],
      [
       35.661404436498565,
       34.127488362224646
      ],
      [
       35.661404436498565,
       34.1274818235324
      ],
      [
       35.661397665959456,
       34.12747621893863
      ],
      [
       35.66139089542035,
       34.12747715303761
      ],
      [
       35.66138638172761,
       34.12747248254259
      ],
      [
       35.6613796111885,
       34.127478087136595
      ],
      [
       35.66138073961169,
       34.12746874614637
      ],
      [
       35.66137284064939,
       34.127473416641614
      ],
      [
       35.661371712226206,
       34.127466877948216
      ],
      [
       35.661361556417546,
       34.127468746146384
      ],
      [
       35.661358171147995,
       34.12746314155175
      ],
      [
       35.6613502721857,
       34.12746314155175
      ],
      [
       35.66134741511413,
       34.12746187455543
      ],
      [
       35.66134688691614,
       34.12746127335347
      ],
      [
       35.66133447426112,
       34.12745286646064
      ],
      [
       35.66132802757488,
       34.12745327696162
      ],
      [
       35.661318676336535,
       34.12744913006355
      ],
      [
       35.66130400683514,
       34.12744819596427
      ],
      [
       35.661299493142394,
       34.127453800559884
      ],
      [
       35.66129046575692,
       34.127453800559884
      ],
      [
       35.66128595206418,
       34.12745940515514
      ],
      [
       35.661279181525074,
       34.127459405155136
      ],
      [
       35.66128030994826,
       34.12745099826214
      ],
      [
       35.66127466783233,
       34.12744819596427
      ],
      [
       35.66127466783233,
       34.127461273353475
      ],
      [
       35.66127128256278,
       34.12746220745261
      ],
      [
       35.661267897293236,
       34.12745380055989
      ],
      [
       35.66127353940915,
       34.12743698677193
      ],
      [
       35.66122501721224,
       34.127436986771926
      ],
      [
       35.66123273847002,
       34.127435243609995
      ],
      [
       35.661239686713614,
       34.12743511857306
      ],
      [
       35.6612359976378,
       34.12743450781573
      ],
      [
       35.66123742986725,
       34.12743418447361
      ],
      [
       35.661235429480726,
       34.127433038078784
      ],
      [
       35.66123742986725,
       34.12743138217519
      ],
      [
       35.6612261456354,
       34.127425777578104
      ],
      [
       35.661215889275454,
       34.12742341920817
      ],
      [
       35.66119191679985,
       34.12741519111592
      ],
      [
       35.66116408236025,
       34.127403359186
      ],
      [
       35.661152996248525,
       34.127405476954166
      ],
      [
       35.66115166970522,
       34.12740522738553
      ],
      [
       35.661151201822435,
       34.127405705826824
      ],
      [
       35.66115054128204,
       34.127402425086174
      ],
      [
       35.66114640372894,
       34.12740927515249
      ],
      [
       35.661140385473374,
       34.12741550248246
      ],
      [
       35.66113684632869,
       34.127420385274824
      ],
      [
       35.661132486511086,
       34.12742484347855
      ],
      [
       35.661132486511086,
       34.12743231627435
      ],
      [
       35.6611313580879,
       34.127434184473614
      ],
      [
       35.661132486511086,
       34.127434184473614
      ],
      [
       35.661135871780616,
       34.12743698677191
      ],
      [
       35.66112910124153,
       34.12743698677191
      ],
      [
       35.66111556016331,
       34.12746874614637
      ],
      [
       35.66111556016331,
       34.12748088943346
      ],
      [
       35.661132486511086,
       34.12749116452116
      ],
      [
       35.66112910124153,
       34.12749396681759
      ],
      [
       35.66114828443566,
       34.127494900916375
      ],
      [
       35.66115166970522,
       34.127499571410176
      ],
      [
       35.66116182551389,
       34.127498637311426
      ],
      [
       35.66121034771081,
       34.127521055678294
      ],
      [
       35.66122840248177,
       34.12752198977677
      ],
      [
       35.661231787751,
       34.12751825338286
      ],
      [
       35.661231787751326,
       34.12751825338277
      ],
      [
       35.66123178775186,
       34.12751825338191
      ],
      [
       35.661241943559986,
       34.127507044199696
      ],
      [
       35.661252099368646,
       34.127485559928026
      ],
      [
       35.66125774148457,
       34.127490230422325
      ],
      [
       35.661258869907755,
       34.12748369173023
      ]
     ]
    ]
   },
   "properties": {
    "kind": "remove",
    "note": "",
    "source": "hand-drawn",
    "applied": "2026-09-08T15:32:54"
   }
  },
  {
   "type": "Feature",
   "geometry": {
    "type": "Polygon",
    "coordinates": [
     [
      [
       35.66114715601249,
       34.127436986771926
      ],
      [
       35.66114715601249,
       34.127405227177974
      ],
      [
       35.66121034771082,
       34.127405227177974
      ],
      [
       35.661199063478975,
       34.12740896360079
      ],
      [
       35.66120132032535,
       34.127415502340725
      ],
      [
       35.66122727405859,
       34.12742017286924
      ],
      [
       35.66122727405859,
       34.127436986771926
      ],
      [
       35.66114715601249,
       34.127436986771926
      ]
     ]
    ]
   },
   "properties": {
    "kind": "remove",
    "note": "",
    "source": "hand-drawn",
    "applied": "2026-09-08T15:32:54"
   }
  },
  {
   "type": "Feature",
   "geometry": {
    "type": "Polygon",
    "coordinates": [
     [
      [
       35.66136832695666,
       34.12776578755844
      ],
      [
       35.66136832695666,
       34.127739632950416
      ],
      [
       35.66142813338544,
       34.127739632950416
      ],
      [
       35.66142813338544,
       34.12776578755844
      ],
      [
       35.66136832695666,
       34.12776578755844
      ]
     ]
    ]
   },
   "properties": {
    "kind": "remove",
    "note": "",
    "source": "hand-drawn",
    "applied": "2026-09-08T15:32:54"
   }
  },
  {
   "type": "Feature",
   "geometry": {
    "type": "Polygon",
    "coordinates": [
     [
      [
       35.66163463482823,
       34.12764996000864
      ],
      [
       35.66166171698466,
       34.12757429846402
      ],
      [
       35.66160980951817,
       34.12756122116001
      ],
      [
       35.66159739686314,
       34.12757710074345
      ],
      [
       35.66163463482823,
       34.12764996000864
      ],
      [
       35.66163463482823,
       34.12764996000864
      ]
     ]
    ]
   },
   "properties": {
    "kind": "remove",
    "note": "",
    "source": "hand-drawn",
    "applied": "2026-09-08T15:32:54"
   }
  },
  {
   "type": "Feature",
   "geometry": {
    "type": "Polygon",
    "coordinates": [
     [
      [
       35.660559247533335,
       34.12757896892974
      ],
      [
       35.660687887776376,
       34.127563089346296
      ],
      [
       35.66068224566045,
       34.127501439198824
      ],
      [
       35.66054232118557,
       34.12752572562056
      ],
      [
       35.660540064339195,
       34.12754347339028
      ],
      [
       35.660559247533335,
       34.12757896892974
      ],
      [
       35.660559247533335,
       34.12757896892974
      ]
     ]
    ]
   },
   "properties": {
    "kind": "remove",
    "note": "",
    "source": "hand-drawn",
    "applied": "2026-09-08T15:32:54"
   }
  },
  {
   "type": "Feature",
   "geometry": {
    "type": "Polygon",
    "coordinates": [
     [
      [
       35.66040916724979,
       34.127594848513176
      ],
      [
       35.660502826374106,
       34.127594848513176
      ],
      [
       35.66067998881408,
       34.12757056209144
      ],
      [
       35.6606935298923,
       34.127554682508006
      ],
      [
       35.6606935298923,
       34.127519186968556
      ],
      [
       35.660625824501224,
       34.12750984603712
      ],
      [
       35.66041932305845,
       34.12753693473828
      ],
      [
       35.66040916724979,
       34.12759017804746
      ],
      [
       35.66040916724979,
       34.127594848513176
      ],
      [
       35.66040916724979,
       34.127594848513176
      ]
     ]
    ]
   },
   "properties": {
    "kind": "remove",
    "note": "",
    "source": "hand-drawn",
    "applied": "2026-09-08T15:32:54"
   }
  },
  {
   "type": "Feature",
   "geometry": {
    "type": "Polygon",
    "coordinates": [
     [
      [
       35.66040578198023,
       34.127592046233744
      ],
      [
       35.66047800106404,
       34.12760325535147
      ],
      [
       35.66049718425818,
       34.127581771209165
      ],
      [
       35.660569403341995,
       34.127588309861174
      ],
      [
       35.660639365579435,
       34.12757896892974
      ],
      [
       35.66067434669816,
       34.12756775981202
      ],
      [
       35.66069014462274,
       34.12752105515484
      ],
      [
       35.66064500769536,
       34.127501439198824
      ],
      [
       35.66056376122607,
       34.12752385743427
      ],
      [
       35.66042496517437,
       34.12753226427256
      ],
      [
       35.660411424096154,
       34.12754347339028
      ],
      [
       35.66040916724979,
       34.127588309861174
      ],
      [
       35.66040578198023,
       34.127592046233744
      ],
      [
       35.66040578198023,
       34.127592046233744
      ]
     ]
    ]
   },
   "properties": {
    "kind": "remove",
    "note": "",
    "source": "hand-drawn",
    "applied": "2026-09-08T15:32:54"
   }
  },
  {
   "type": "Feature",
   "geometry": {
    "type": "Polygon",
    "coordinates": [
     [
      [
       35.660403525133866,
       34.127594848513176
      ],
      [
       35.66046784525538,
       34.127596716699465
      ],
      [
       35.66070142885459,
       34.12756589162573
      ],
      [
       35.660687887776376,
       34.127506109664544
      ],
      [
       35.66063710873307,
       34.12750330738511
      ],
      [
       35.66047800106404,
       34.12753226427256
      ],
      [
       35.660430607290294,
       34.12753039608628
      ],
      [
       35.66040013986431,
       34.12758550758174
      ],
      [
       35.660403525133866,
       34.127594848513176
      ],
      [
       35.660403525133866,
       34.127594848513176
      ]
     ]
    ]
   },
   "properties": {
    "kind": "remove",
    "note": "",
    "source": "hand-drawn",
    "applied": "2026-09-08T15:32:54"
   }
  },
  {
   "type": "Feature",
   "geometry": {
    "type": "Polygon",
    "coordinates": [
     [
      [
       35.66129610787285,
       34.127727489739556
      ],
      [
       35.66136042799437,
       34.127741501136704
      ],
      [
       35.661387510150796,
       34.127762985279006
      ],
      [
       35.66141233546086,
       34.12776765574473
      ],
      [
       35.661424748115884,
       34.12772562155327
      ],
      [
       35.66144957342595,
       34.12770320331782
      ],
      [
       35.661463114504166,
       34.12760138716518
      ],
      [
       35.66148116927511,
       34.1275995189789
      ],
      [
       35.66150260931562,
       34.12761913493491
      ],
      [
       35.66150825143154,
       34.12764342135664
      ],
      [
       35.66148116927511,
       34.12769666466582
      ],
      [
       35.66147891242875,
       34.12773216020527
      ],
      [
       35.66157821366899,
       34.12774803978871
      ],
      [
       35.66162673586592,
       34.12773683067099
      ],
      [
       35.661661716984646,
       34.127592046233744
      ],
      [
       35.66165607486872,
       34.12756122116001
      ],
      [
       35.661599653709494,
       34.12753506655199
      ],
      [
       35.661570314706694,
       34.12753226427256
      ],
      [
       35.66154548939664,
       34.127501439198824
      ],
      [
       35.66145521554187,
       34.127479020963385
      ],
      [
       35.661390895420354,
       34.1274771527771
      ],
      [
       35.66131303422062,
       34.12744632770336
      ],
      [
       35.661149412858855,
       34.12741270035019
      ],
      [
       35.66110314750829,
       34.12749023008111
      ],
      [
       35.66110653277784,
       34.12757710074345
      ],
      [
       35.661089606430075,
       34.12762567358691
      ],
      [
       35.66113812862701,
       34.12764809182236
      ],
      [
       35.66113812862701,
       34.1276705100578
      ],
      [
       35.661205834018084,
       34.12769666466582
      ],
      [
       35.661258869907755,
       34.12770787378354
      ],
      [
       35.66127241098597,
       34.12768358736181
      ],
      [
       35.6612994931424,
       34.1276854555481
      ],
      [
       35.661307392104696,
       34.12769853285211
      ],
      [
       35.66129159418011,
       34.12772095108755
      ],
      [
       35.66129610787285,
       34.127727489739556
      ],
      [
       35.66129610787285,
       34.127727489739556
      ]
     ]
    ]
   },
   "properties": {
    "kind": "remove",
    "note": "",
    "source": "hand-drawn",
    "applied": "2026-09-08T15:32:54"
   }
  },
  {
   "type": "Feature",
   "geometry": {
    "type": "Polygon",
    "coordinates": [
     [
      [
       35.6611245875488,
       34.12767798280295
      ],
      [
       35.6611245875488,
       34.12743978905136
      ],
      [
       35.66131867633654,
       34.12743978905136
      ],
      [
       35.66131867633654,
       34.12767798280295
      ],
      [
       35.6611245875488,
       34.12767798280295
      ]
     ]
    ]
   },
   "properties": {
    "kind": "remove",
    "note": "",
    "source": "hand-drawn",
    "applied": "2026-09-08T15:32:54"
   }
  },
  {
   "type": "Feature",
   "geometry": {
    "type": "Polygon",
    "coordinates": [
     [
      [
       35.661298364719215,
       34.12774056704356
      ],
      [
       35.661298364719215,
       34.1274836914291
      ],
      [
       35.66148793981422,
       34.1274836914291
      ],
      [
       35.66148793981422,
       34.12774056704356
      ],
      [
       35.661460857657794,
       34.12773683067099
      ],
      [
       35.661298364719215,
       34.12774056704356
      ]
     ]
    ]
   },
   "properties": {
    "kind": "remove",
    "note": "",
    "source": "hand-drawn",
    "applied": "2026-09-08T15:32:54"
   }
  },
  {
   "type": "Feature",
   "geometry": {
    "type": "Polygon",
    "coordinates": [
     [
      [
       35.66146988504327,
       34.127727489739556
      ],
      [
       35.66146988504327,
       34.12755001204229
      ],
      [
       35.66161545163408,
       34.12755001204229
      ],
      [
       35.66161545163408,
       34.127727489739556
      ],
      [
       35.66146988504327,
       34.127727489739556
      ]
     ]
    ]
   },
   "properties": {
    "kind": "remove",
    "note": "",
    "source": "hand-drawn",
    "applied": "2026-09-08T15:32:54"
   }
  },
  {
   "type": "Feature",
   "geometry": {
    "type": "Polygon",
    "coordinates": [
     [
      [
       35.66161770848045,
       34.12774897388185
      ],
      [
       35.66154887466619,
       34.12774897388185
      ],
      [
       35.661543232550265,
       34.127741501136704
      ],
      [
       35.661536462011156,
       34.12774897388185
      ],
      [
       35.66149245350696,
       34.12774897388185
      ],
      [
       35.66149245350696,
       34.127501439198824
      ],
      [
       35.661536462011156,
       34.127501439198824
      ],
      [
       35.66155225993574,
       34.12750984603712
      ],
      [
       35.66155677362848,
       34.127527593806846
      ],
      [
       35.661592883170385,
       34.127548143856
      ],
      [
       35.661596268439936,
       34.12753600064514
      ],
      [
       35.66161770848045,
       34.127546275669715
      ],
      [
       35.66161770848045,
       34.12774897388185
      ]
     ]
    ]
   },
   "properties": {
    "kind": "remove",
    "note": "",
    "source": "hand-drawn",
    "applied": "2026-09-08T15:32:54"
   }
  },
  {
   "type": "Feature",
   "geometry": {
    "type": "Polygon",
    "coordinates": [
     [
      [
       35.66121373298038,
       34.12770320331782
      ],
      [
       35.66121373298038,
       34.127680785082376
      ],
      [
       35.66125209936865,
       34.127680785082376
      ],
      [
       35.66125209936865,
       34.12770320331782
      ],
      [
       35.66121373298038,
       34.12770320331782
      ]
     ]
    ]
   },
   "properties": {
    "kind": "remove",
    "note": "",
    "source": "hand-drawn",
    "applied": "2026-09-08T15:32:54"
   }
  },
  {
   "type": "Feature",
   "geometry": {
    "type": "Polygon",
    "coordinates": [
     [
      [
       35.66108509273734,
       34.12762473949377
      ],
      [
       35.66108509273734,
       34.127531330179416
      ],
      [
       35.661135871780644,
       34.127531330179416
      ],
      [
       35.661135871780644,
       34.12762473949377
      ],
      [
       35.66108509273734,
       34.12762473949377
      ]
     ]
    ]
   },
   "properties": {
    "kind": "remove",
    "note": "",
    "source": "hand-drawn",
    "applied": "2026-09-08T15:32:54"
   }
  },
  {
   "type": "Feature",
   "geometry": {
    "type": "Polygon",
    "coordinates": [
     [
      [
       35.66049188375474,
       34.12759018806073
      ],
      [
       35.660687685012824,
       34.12756798499261
      ],
      [
       35.66068500280381,
       34.127496935135404
      ],
      [
       35.660534799098976,
       34.12753246007146
      ],
      [
       35.66048383712769,
       34.12753468037948
      ],
      [
       35.66048383712769,
       34.12758796775418
      ],
      [
       35.66049188375474,
       34.12759018806073
      ]
     ]
    ]
   },
   "properties": {
    "kind": "add",
    "note": "",
    "source": "hand-drawn",
    "applied": "2026-09-08T15:32:54"
   }
  },
  {
   "type": "Feature",
   "geometry": {
    "type": "Polygon",
    "coordinates": [
     [
      [
       35.66114097833634,
       34.12763459417949
      ],
      [
       35.66114097833634,
       34.12767455966643
      ],
      [
       35.66125363111497,
       34.12770342361748
      ],
      [
       35.661258995533,
       34.12768122057908
      ],
      [
       35.66130459308625,
       34.127685661187215
      ],
      [
       35.66130995750428,
       34.12771008452786
      ],
      [
       35.661296546459205,
       34.127741168769354
      ],
      [
       35.661406517028816,
       34.12777225299942
      ],
      [
       35.661427974700935,
       34.12771008452786
      ],
      [
       35.661449432373054,
       34.127705643921004
      ],
      [
       35.661449432373054,
       34.12765235662047
      ],
      [
       35.66146552562714,
       34.127632373874114
      ],
      [
       35.66146820783616,
       34.12759684898004
      ],
      [
       35.6615111231804,
       34.127627933263156
      ],
      [
       35.6615111231804,
       34.12766567844874
      ],
      [
       35.66148161888123,
       34.12772562665003
      ],
      [
       35.66161572933198,
       34.12774338907188
      ],
      [
       35.6616371870041,
       34.12763903479009
      ],
      [
       35.661664009094245,
       34.12761461142894
      ],
      [
       35.66167742013932,
       34.12758130683418
      ],
      [
       35.661658644676216,
       34.12755466314892
      ],
      [
       35.66159158945084,
       34.127545781918634
      ],
      [
       35.6615835428238,
       34.127523578838854
      ],
      [
       35.66155135631562,
       34.127512477296754
      ],
      [
       35.66155135631562,
       34.12748805389906
      ],
      [
       35.661516487598426,
       34.12748361328052
      ],
      [
       35.66151380538941,
       34.127508036679515
      ],
      [
       35.66146552562714,
       34.12748139297117
      ],
      [
       35.66135287284852,
       34.127468071113846
      ],
      [
       35.66130459308625,
       34.12744364770332
      ],
      [
       35.66125363111497,
       34.12744142739291
      ],
      [
       35.66116243600846,
       34.12740812272994
      ],
      [
       35.66112488508225,
       34.127452528944325
      ],
      [
       35.66111952066422,
       34.12749249451735
      ],
      [
       35.66132605075837,
       34.12754134130314
      ],
      [
       35.66135287284852,
       34.12756132407103
      ],
      [
       35.66141992807389,
       34.127572425606694
      ],
      [
       35.66148430109025,
       34.12760350989879
      ],
      [
       35.66114097833634,
       34.12763459417949
      ]
     ]
    ]
   },
   "properties": {
    "kind": "add",
    "note": "",
    "source": "hand-drawn",
    "applied": "2026-09-08T15:32:54"
   }
  },
  {
   "type": "Feature",
   "geometry": {
    "type": "Polygon",
    "coordinates": [
     [
      [
       35.661454796791084,
       34.12759906928633
      ],
      [
       35.66110342741013,
       34.12752801945526
      ],
      [
       35.66109269857407,
       34.127627933263156
      ],
      [
       35.661154389381416,
       34.127636814484816
      ],
      [
       35.661454796791084,
       34.12759906928633
      ]
     ]
    ]
   },
   "properties": {
    "kind": "add",
    "note": "",
    "source": "hand-drawn",
    "applied": "2026-09-08T15:32:54"
   }
  },
  {
   "type": "Feature",
   "geometry": {
    "type": "Polygon",
    "coordinates": [
     [
      [
       35.65835882232341,
       34.12441979006349
      ],
      [
       35.65832158435831,
       34.12441885593267
      ],
      [
       35.65832835489742,
       34.1243908320079
      ],
      [
       35.658365592862516,
       34.124392700269546
      ],
      [
       35.65835882232341,
       34.12441979006349
      ]
     ]
    ]
   },
   "properties": {
    "kind": "remove",
    "note": "",
    "source": "hand-drawn",
    "applied": "2026-09-08T15:32:54"
   }
  },
  {
   "type": "Feature",
   "geometry": {
    "type": "Polygon",
    "coordinates": [
     [
      [
       35.658324658870704,
       34.12441509011279
      ],
      [
       35.65835684537888,
       34.124417310502665
      ],
      [
       35.65837293863297,
       34.124397326991655
      ],
      [
       35.65833270549775,
       34.12439288621078
      ],
      [
       35.65832734107972,
       34.12441286972284
      ],
      [
       35.658324658870704,
       34.12441509011279
      ]
     ]
    ]
   },
   "properties": {
    "kind": "add",
    "note": "",
    "source": "hand-drawn",
    "applied": "2026-09-08T15:32:54"
   }
  },
  {
   "type": "Feature",
   "geometry": {
    "type": "Polygon",
    "coordinates": [
     [
      [
       35.658482948873704,
       34.12418905974952
      ],
      [
       35.658568709035734,
       34.12419373040365
      ],
      [
       35.65856081007344,
       34.12412740711502
      ],
      [
       35.658502132067845,
       34.12412740711502
      ],
      [
       35.658482948873704,
       34.12418905974952
      ],
      [
       35.658482948873704,
       34.12418905974952
      ]
     ]
    ]
   },
   "properties": {
    "kind": "remove",
    "note": "",
    "source": "hand-drawn",
    "applied": "2026-09-08T15:32:54"
   }
  },
  {
   "type": "Feature",
   "geometry": {
    "type": "Polygon",
    "coordinates": [
     [
      [
       35.658490847836,
       34.12416570647888
      ],
      [
       35.65855742480389,
       34.12416570647888
      ],
      [
       35.65855742480389,
       34.12419279627282
      ],
      [
       35.658490847836,
       34.12419279627282
      ],
      [
       35.658490847836,
       34.12416570647888
      ]
     ]
    ]
   },
   "properties": {
    "kind": "remove",
    "note": "",
    "source": "hand-drawn",
    "applied": "2026-09-08T15:32:54"
   }
  },
  {
   "type": "Feature",
   "geometry": {
    "type": "Polygon",
    "coordinates": [
     [
      [
       35.65848022699357,
       34.12418861003874
      ],
      [
       35.65856337547303,
       34.12418638964286
      ],
      [
       35.658566057682044,
       34.1241353205214
      ],
      [
       35.65850168466569,
       34.124130879726756
      ],
      [
       35.65848022699357,
       34.1241841692469
      ],
      [
       35.65848022699357,
       34.12418861003874
      ]
     ]
    ]
   },
   "properties": {
    "kind": "add",
    "note": "",
    "source": "hand-drawn",
    "applied": "2026-09-08T15:32:54"
   }
  },
  {
   "type": "Feature",
   "geometry": {
    "type": "Polygon",
    "coordinates": [
     [
      [
       35.6592886430275,
       34.12426005369228
      ],
      [
       35.65929879883616,
       34.12423576629081
      ],
      [
       35.659374403189524,
       34.12423950281411
      ],
      [
       35.6593687610736,
       34.12426005369228
      ],
      [
       35.6592886430275,
       34.12426005369228
      ]
     ]
    ]
   },
   "properties": {
    "kind": "remove",
    "note": "",
    "source": "hand-drawn",
    "applied": "2026-09-08T15:32:54"
   }
  },
  {
   "type": "Feature",
   "geometry": {
    "type": "Polygon",
    "coordinates": [
     [
      [
       35.65986301042844,
       34.12422735911338
      ],
      [
       35.65986301042844,
       34.124190928011174
      ],
      [
       35.65986865254436,
       34.124185323226214
      ],
      [
       35.65994087162817,
       34.12419933518861
      ],
      [
       35.65995215586002,
       34.124183454964566
      ],
      [
       35.6599611832455,
       34.124183454964566
      ],
      [
       35.65995441270639,
       34.12420213758108
      ],
      [
       35.65996569693824,
       34.12420493997356
      ],
      [
       35.65997021063097,
       34.12420026931943
      ],
      [
       35.659963440091865,
       34.12422735911338
      ],
      [
       35.65986301042844,
       34.12422735911338
      ]
     ]
    ]
   },
   "properties": {
    "kind": "remove",
    "note": "",
    "source": "hand-drawn",
    "applied": "2026-09-08T15:32:54"
   }
  },
  {
   "type": "Feature",
   "geometry": {
    "type": "Polygon",
    "coordinates": [
     [
      [
       35.66045430417717,
       34.1241376825541
      ],
      [
       35.66053442222327,
       34.1241376825541
      ],
      [
       35.66053442222327,
       34.12417971844126
      ],
      [
       35.66045430417717,
       34.12417971844126
      ],
      [
       35.66045430417717,
       34.1241376825541
      ]
     ]
    ]
   },
   "properties": {
    "kind": "remove",
    "note": "",
    "source": "hand-drawn",
    "applied": "2026-09-08T15:32:54"
   }
  },
  {
   "type": "Feature",
   "geometry": {
    "type": "Polygon",
    "coordinates": [
     [
      [
       35.660598742344796,
       34.12401436717593
      ],
      [
       35.66069014462274,
       34.12400969263366
      ],
      [
       35.66069014462274,
       34.123985385013874
      ],
      [
       35.66060438446072,
       34.12398258028851
      ],
      [
       35.660598742344796,
       34.12401436717593
      ],
      [
       35.660598742344796,
       34.12401436717593
      ]
     ]
    ]
   },
   "properties": {
    "kind": "remove",
    "note": "",
    "source": "hand-drawn",
    "applied": "2026-09-08T15:32:54"
   }
  },
  {
   "type": "Feature",
   "geometry": {
    "type": "Polygon",
    "coordinates": [
     [
      [
       35.66059761392161,
       34.12398445010542
      ],
      [
       35.66067998881408,
       34.12398445010542
      ],
      [
       35.66067998881408,
       34.124008757725214
      ],
      [
       35.66059761392161,
       34.124008757725214
      ],
      [
       35.66059761392161,
       34.12398445010542
      ]
     ]
    ]
   },
   "properties": {
    "kind": "remove",
    "note": "",
    "source": "hand-drawn",
    "applied": "2026-09-08T15:32:54"
   }
  },
  {
   "type": "Feature",
   "geometry": {
    "type": "Polygon",
    "coordinates": [
     [
      [
       35.660516367452324,
       34.124005018091395
      ],
      [
       35.660516367452324,
       34.12398351519697
      ],
      [
       35.66052200956824,
       34.12398258028851
      ],
      [
       35.66052765168416,
       34.1239666868448
      ],
      [
       35.66054570645512,
       34.1239666868448
      ],
      [
       35.6605468348783,
       34.12397603592934
      ],
      [
       35.660559247533335,
       34.123969491570165
      ],
      [
       35.66055360541741,
       34.12398351519697
      ],
      [
       35.660540064339195,
       34.12398351519697
      ],
      [
       35.660559247533335,
       34.124005018091395
      ],
      [
       35.660516367452324,
       34.124005018091395
      ]
     ]
    ]
   },
   "properties": {
    "kind": "remove",
    "note": "",
    "source": "hand-drawn",
    "applied": "2026-09-08T15:32:54"
   }
  },
  {
   "type": "Feature",
   "geometry": {
    "type": "Polygon",
    "coordinates": [
     [
      [
       35.65929293632508,
       34.12425078109988
      ],
      [
       35.65936535596848,
       34.12425966267629
      ],
      [
       35.65937340259553,
       34.124239679128024
      ],
      [
       35.659290254116065,
       34.1242307975495
      ],
      [
       35.659284889698036,
       34.124248560705624
      ],
      [
       35.65929293632508,
       34.12425078109988
      ]
     ]
    ]
   },
   "properties": {
    "kind": "add",
    "note": "",
    "source": "hand-drawn",
    "applied": "2026-09-08T15:32:54"
   }
  },
  {
   "type": "Feature",
   "geometry": {
    "type": "Polygon",
    "coordinates": [
     [
      [
       35.65986424684525,
       34.124210813994395
      ],
      [
       35.65995544195176,
       34.12421969557502
      ],
      [
       35.6599634885788,
       34.12420637320375
      ],
      [
       35.659904479980476,
       34.12419305083033
      ],
      [
       35.65986961126328,
       34.12419305083033
      ],
      [
       35.65985888242722,
       34.124204152808325
      ],
      [
       35.65986424684525,
       34.124210813994395
      ]
     ]
    ]
   },
   "properties": {
    "kind": "add",
    "note": "",
    "source": "hand-drawn",
    "applied": "2026-09-08T15:32:54"
   }
  },
  {
   "type": "Feature",
   "geometry": {
    "type": "Polygon",
    "coordinates": [
     [
      [
       35.6605213880539,
       34.124002096581066
      ],
      [
       35.660540163517005,
       34.12400653738245
      ],
      [
       35.660545527935035,
       34.12397101096479
      ],
      [
       35.66051602363587,
       34.12397323136632
      ],
      [
       35.66051334142686,
       34.12399321497759
      ],
      [
       35.6605213880539,
       34.124002096581066
      ]
     ]
    ]
   },
   "properties": {
    "kind": "add",
    "note": "",
    "source": "hand-drawn",
    "applied": "2026-09-08T15:32:54"
   }
  },
  {
   "type": "Feature",
   "geometry": {
    "type": "Polygon",
    "coordinates": [
     [
      [
       35.66059112548829,
       34.12400431698178
      ],
      [
       35.660671591758735,
       34.12400431698178
      ],
      [
       35.66067963838578,
       34.123984333373166
      ],
      [
       35.66060721874238,
       34.123986553774365
      ],
      [
       35.66059917211533,
       34.12399987618027
      ],
      [
       35.66059112548829,
       34.12400431698178
      ]
     ]
    ]
   },
   "properties": {
    "kind": "add",
    "note": "",
    "source": "hand-drawn",
    "applied": "2026-09-08T15:32:54"
   }
  },
  {
   "type": "Feature",
   "geometry": {
    "type": "Polygon",
    "coordinates": [
     [
      [
       35.660714969932805,
       34.12411432928346
      ],
      [
       35.66073415312694,
       34.12411432928346
      ],
      [
       35.660735281550124,
       34.12411993406841
      ],
      [
       35.66081878486578,
       34.12414328733905
      ],
      [
       35.66081878486578,
       34.12414795799319
      ],
      [
       35.66081088590349,
       34.12415076038566
      ],
      [
       35.66081088590349,
       34.12415823343227
      ],
      [
       35.660714969932805,
       34.12415823343227
      ],
      [
       35.660714969932805,
       34.12411432928346
      ]
     ]
    ]
   },
   "properties": {
    "kind": "remove",
    "note": "",
    "source": "hand-drawn",
    "applied": "2026-09-08T15:32:54"
   }
  },
  {
   "type": "Feature",
   "geometry": {
    "type": "Polygon",
    "coordinates": [
     [
      [
       35.66082668382807,
       34.12399847373222
      ],
      [
       35.66082668382807,
       34.1239648170279
      ],
      [
       35.66083232594399,
       34.12395733776027
      ],
      [
       35.66087633444819,
       34.12396107739408
      ],
      [
       35.66087633444819,
       34.12399099446459
      ],
      [
       35.66086956390909,
       34.12399847373222
      ],
      [
       35.66085940810043,
       34.123997538823765
      ],
      [
       35.660853765984506,
       34.124004083182946
      ],
      [
       35.66082668382807,
       34.12399847373222
      ]
     ]
    ]
   },
   "properties": {
    "kind": "remove",
    "note": "",
    "source": "hand-drawn",
    "applied": "2026-09-08T15:32:54"
   }
  },
  {
   "type": "Feature",
   "geometry": {
    "type": "Polygon",
    "coordinates": [
     [
      [
       35.66070646047593,
       34.124137540918625
      ],
      [
       35.660792291164405,
       34.12415752449104
      ],
      [
       35.66080570220948,
       34.12414864290387
      ],
      [
       35.66080570220948,
       34.12413976131578
      ],
      [
       35.6607010960579,
       34.12411311654592
      ],
      [
       35.66069573163987,
       34.124137540918625
      ],
      [
       35.66070646047593,
       34.124137540918625
      ]
     ]
    ]
   },
   "properties": {
    "kind": "add",
    "note": "",
    "source": "hand-drawn",
    "applied": "2026-09-08T15:32:54"
   }
  },
  {
   "type": "Feature",
   "geometry": {
    "type": "Polygon",
    "coordinates": [
     [
      [
       35.66082179546357,
       34.123990994576566
      ],
      [
       35.66087275743485,
       34.123990994576566
      ],
      [
       35.66087812185288,
       34.12395990895619
      ],
      [
       35.66083252429963,
       34.12395546815236
      ],
      [
       35.66081643104554,
       34.12399321497759
      ],
      [
       35.66082179546357,
       34.123990994576566
      ]
     ]
    ]
   },
   "properties": {
    "kind": "add",
    "note": "",
    "source": "hand-drawn",
    "applied": "2026-09-08T15:32:54"
   }
  }
 ]
}