{
 "type": "FeatureCollection",
 "properties": {
  "capture": "jounieh4-104",
  "count": 620,
  "note": "Hand corrections made in the map UI. Fold into labels with scripts/apply_corrections.py; nothing reads this file automatically."
 },
 "features": [
  {
   "type": "Feature",
   "geometry": {
    "type": "Polygon",
    "coordinates": [
     [
      [
       35.62186002731324,
       33.981610295817894
      ],
      [
       35.621961951255805,
       33.98161919235078
      ],
      [
       35.62195926904679,
       33.98157693381131
      ],
      [
       35.621878802776344,
       33.98157248554277
      ],
      [
       35.621846616268165,
       33.98162364061687
      ],
      [
       35.62186002731324,
       33.981610295817894
      ]
     ]
    ]
   },
   "properties": {
    "kind": "add",
    "note": "",
    "source": "hand-drawn",
    "applied": "2026-09-09T09:39:02"
   }
  },
  {
   "type": "Feature",
   "geometry": {
    "type": "Polygon",
    "coordinates": [
     [
      [
       35.62192976474763,
       33.98154357179161
      ],
      [
       35.621983408927925,
       33.98153467525083
      ],
      [
       35.621988773345954,
       33.981494640805714
      ],
      [
       35.62197536230088,
       33.98148352012319
      ],
      [
       35.621940493583686,
       33.98148796839636
      ],
      [
       35.62193512916566,
       33.98154579592666
      ],
      [
       35.62192976474763,
       33.98154357179161
      ]
     ]
    ]
   },
   "properties": {
    "kind": "add",
    "note": "",
    "source": "hand-drawn",
    "applied": "2026-09-09T09:39:02"
   }
  },
  {
   "type": "Feature",
   "geometry": {
    "type": "Polygon",
    "coordinates": [
     [
      [
       35.62201827764512,
       33.98154579592666
      ],
      [
       35.62204778194428,
       33.98155914073578
      ],
      [
       35.622109472751625,
       33.98155914073578
      ],
      [
       35.6221228837967,
       33.98149686494206
      ],
      [
       35.62201827764512,
       33.981492416669326
      ],
      [
       35.62201291322709,
       33.9815368993861
      ],
      [
       35.62201827764512,
       33.98154579592666
      ]
     ]
    ]
   },
   "properties": {
    "kind": "add",
    "note": "",
    "source": "hand-drawn",
    "applied": "2026-09-09T09:39:02"
   }
  },
  {
   "type": "Feature",
   "geometry": {
    "type": "Polygon",
    "coordinates": [
     [
      [
       35.622498393058784,
       33.98184827775179
      ],
      [
       35.62253594398499,
       33.98184827775179
      ],
      [
       35.6225547194481,
       33.98178377804113
      ],
      [
       35.62251716852189,
       33.98178377804113
      ],
      [
       35.6225010752678,
       33.98184605362463
      ],
      [
       35.622498393058784,
       33.98184827775179
      ]
     ]
    ]
   },
   "properties": {
    "kind": "add",
    "note": "",
    "source": "hand-drawn",
    "applied": "2026-09-09T09:39:02"
   }
  },
  {
   "type": "Feature",
   "geometry": {
    "type": "Polygon",
    "coordinates": [
     [
      [
       35.62154352664948,
       33.98195281166166
      ],
      [
       35.621599853038795,
       33.981957259910295
      ],
      [
       35.621615946292884,
       33.98192389803986
      ],
      [
       35.62156230211259,
       33.98191055328804
      ],
      [
       35.62154352664948,
       33.98195058753725
      ],
      [
       35.62154352664948,
       33.98195281166166
      ]
     ]
    ]
   },
   "properties": {
    "kind": "add",
    "note": "",
    "source": "hand-drawn",
    "applied": "2026-09-09T09:39:02"
   }
  },
  {
   "type": "Feature",
   "geometry": {
    "type": "Polygon",
    "coordinates": [
     [
      [
       35.621825158596046,
       33.98213741378429
      ],
      [
       35.6218895316124,
       33.982148534381295
      ],
      [
       35.62190294265748,
       33.98211294846578
      ],
      [
       35.62184393405915,
       33.98210182786412
      ],
      [
       35.62182247638703,
       33.98213963790381
      ],
      [
       35.621825158596046,
       33.98213741378429
      ]
     ]
    ]
   },
   "properties": {
    "kind": "add",
    "note": "",
    "source": "hand-drawn",
    "applied": "2026-09-09T09:39:02"
   }
  },
  {
   "type": "Feature",
   "geometry": {
    "type": "Polygon",
    "coordinates": [
     [
      [
       35.62182247638703,
       33.9820195353667
      ],
      [
       35.621868073940284,
       33.98202175948931
      ],
      [
       35.621873438358314,
       33.9819972941375
      ],
      [
       35.62182247638703,
       33.981995070014264
      ],
      [
       35.621819794178016,
       33.982026207734336
      ],
      [
       35.62182247638703,
       33.9820195353667
      ]
     ]
    ]
   },
   "properties": {
    "kind": "add",
    "note": "",
    "source": "hand-drawn",
    "applied": "2026-09-09T09:39:02"
   }
  },
  {
   "type": "Feature",
   "geometry": {
    "type": "Polygon",
    "coordinates": [
     [
      [
       35.62291145324708,
       33.98039146201141
      ],
      [
       35.62296241521836,
       33.98039146201141
      ],
      [
       35.62296777963639,
       33.98036254785854
      ],
      [
       35.62291145324708,
       33.98037589285341
      ],
      [
       35.62290608882905,
       33.98039146201141
      ],
      [
       35.62291145324708,
       33.98039146201141
      ]
     ]
    ]
   },
   "properties": {
    "kind": "add",
    "note": "",
    "source": "hand-drawn",
    "applied": "2026-09-09T09:39:02"
   }
  },
  {
   "type": "Feature",
   "geometry": {
    "type": "Polygon",
    "coordinates": [
     [
      [
       35.62280416488648,
       33.98058051584549
      ],
      [
       35.62283635139466,
       33.98060053328567
      ],
      [
       35.622855126857765,
       33.980571619203914
      ],
      [
       35.622822940349586,
       33.98055605007889
      ],
      [
       35.62280148267747,
       33.98058941248615
      ],
      [
       35.62280416488648,
       33.98058051584549
      ]
     ]
    ]
   },
   "properties": {
    "kind": "add",
    "note": "",
    "source": "hand-drawn",
    "applied": "2026-09-09T09:39:02"
   }
  },
  {
   "type": "Feature",
   "geometry": {
    "type": "Polygon",
    "coordinates": [
     [
      [
       35.62315821647645,
       33.98061387824316
      ],
      [
       35.62319308519364,
       33.98059163664618
      ],
      [
       35.623128712177284,
       33.98054715343474
      ],
      [
       35.62310457229615,
       33.980584964165956
      ],
      [
       35.62315553426743,
       33.98061610240253
      ],
      [
       35.62315821647645,
       33.98061387824316
      ]
     ]
    ]
   },
   "properties": {
    "kind": "add",
    "note": "",
    "source": "hand-drawn",
    "applied": "2026-09-09T09:39:02"
   }
  },
  {
   "type": "Feature",
   "geometry": {
    "type": "Polygon",
    "coordinates": [
     [
      [
       35.62127262353898,
       33.98034920286158
      ],
      [
       35.621374547481544,
       33.9803647720245
      ],
      [
       35.621379911899574,
       33.98035809952646
      ],
      [
       35.621374547481544,
       33.98034475452882
      ],
      [
       35.62127530574799,
       33.98033363369584
      ],
      [
       35.62126994132996,
       33.980346978695245
      ],
      [
       35.62127262353898,
       33.98034920286158
      ]
     ]
    ]
   },
   "properties": {
    "kind": "add",
    "note": "",
    "source": "hand-drawn",
    "applied": "2026-09-09T09:39:02"
   }
  },
  {
   "type": "Feature",
   "geometry": {
    "type": "Polygon",
    "coordinates": [
     [
      [
       35.62279075384141,
       33.979690847077705
      ],
      [
       35.622865855693824,
       33.97971308891038
      ],
      [
       35.62287390232087,
       33.979673053607385
      ],
      [
       35.62280952930451,
       33.979653035948814
      ],
      [
       35.62278538942338,
       33.9796863987105
      ],
      [
       35.62279075384141,
       33.979690847077705
      ]
     ]
    ]
   },
   "properties": {
    "kind": "add",
    "note": "",
    "source": "hand-drawn",
    "applied": "2026-09-09T09:39:02"
   }
  },
  {
   "type": "Feature",
   "geometry": {
    "type": "Polygon",
    "coordinates": [
     [
      [
       35.62209606170655,
       33.97960187968883
      ],
      [
       35.62216579914094,
       33.979610776431905
      ],
      [
       35.62213361263276,
       33.979670829423334
      ],
      [
       35.622114837169654,
       33.979673053607385
      ],
      [
       35.62207460403443,
       33.979653035948814
      ],
      [
       35.622093379497535,
       33.97960187968883
      ],
      [
       35.62209606170655,
       33.97960187968883
      ]
     ]
    ]
   },
   "properties": {
    "kind": "add",
    "note": "",
    "source": "hand-drawn",
    "applied": "2026-09-09T09:39:02"
   }
  },
  {
   "type": "Feature",
   "geometry": {
    "type": "Polygon",
    "coordinates": [
     [
      [
       35.619132220745094,
       33.98246880695039
      ],
      [
       35.61921268701554,
       33.98249327216649
      ],
      [
       35.61924487352372,
       33.9825155132659
      ],
      [
       35.6192770600319,
       33.98244656583874
      ],
      [
       35.619357526302345,
       33.98233536019326
      ],
      [
       35.61935484409333,
       33.982322015506014
      ],
      [
       35.619247555732734,
       33.982284205547465
      ],
      [
       35.619231462478645,
       33.98229087789431
      ],
      [
       35.61920195817948,
       33.98234203253608
      ],
      [
       35.61921268701554,
       33.982359825447745
      ],
      [
       35.61917513608933,
       33.982368721902176
      ],
      [
       35.61916172504426,
       33.9823842906952
      ],
      [
       35.619126856327064,
       33.98247547928273
      ],
      [
       35.619132220745094,
       33.98246880695039
      ]
     ]
    ]
   },
   "properties": {
    "kind": "add",
    "note": "",
    "source": "hand-drawn",
    "applied": "2026-09-09T09:39:02"
   }
  },
  {
   "type": "Feature",
   "geometry": {
    "type": "Polygon",
    "coordinates": [
     [
      [
       35.61910271644593,
       33.981645881943834
      ],
      [
       35.61916172504426,
       33.98168591631772
      ],
      [
       35.619204640388496,
       33.9816903645803
      ],
      [
       35.61922878026963,
       33.98162808888274
      ],
      [
       35.61917781829835,
       33.98159472688312
      ],
      [
       35.61905980110169,
       33.981570261408415
      ],
      [
       35.6190437078476,
       33.98161251995121
      ],
      [
       35.61907589435578,
       33.98163920954636
      ],
      [
       35.61910271644593,
       33.981645881943834
      ]
     ]
    ]
   },
   "properties": {
    "kind": "add",
    "note": "",
    "source": "hand-drawn",
    "applied": "2026-09-09T09:39:02"
   }
  },
  {
   "type": "Feature",
   "geometry": {
    "type": "Polygon",
    "coordinates": [
     [
      [
       35.61930119991303,
       33.98133450283677
      ],
      [
       35.61939507722855,
       33.98137676149677
      ],
      [
       35.61940044164658,
       33.98140345116593
      ],
      [
       35.619346797466285,
       33.98144570979165
      ],
      [
       35.61926901340485,
       33.981570261408415
      ],
      [
       35.61923950910569,
       33.98157248554277
      ],
      [
       35.61919122934342,
       33.9815191063022
      ],
      [
       35.61912417411805,
       33.98147462357609
      ],
      [
       35.61912417411805,
       33.981436813240634
      ],
      [
       35.619204640388496,
       33.981361192519216
      ],
      [
       35.619204640388496,
       33.9813256062741
      ],
      [
       35.61930924654008,
       33.98135229595932
      ],
      [
       35.6193494796753,
       33.98135229595932
      ],
      [
       35.61930119991303,
       33.98133450283677
      ]
     ]
    ]
   },
   "properties": {
    "kind": "add",
    "note": "",
    "source": "hand-drawn",
    "applied": "2026-09-09T09:39:02"
   }
  },
  {
   "type": "Feature",
   "geometry": {
    "type": "Polygon",
    "coordinates": [
     [
      [
       35.619215369224555,
       33.981321157992404
      ],
      [
       35.619252920150764,
       33.981312261428336
      ],
      [
       35.61930119991303,
       33.981347847679025
      ],
      [
       35.619215369224555,
       33.981321157992404
      ]
     ]
    ]
   },
   "properties": {
    "kind": "add",
    "note": "",
    "source": "hand-drawn",
    "applied": "2026-09-09T09:39:02"
   }
  },
  {
   "type": "Feature",
   "geometry": {
    "type": "Polygon",
    "coordinates": [
     [
      [
       35.619900896044186,
       33.98171719293092
      ],
      [
       35.619894131063816,
       33.981713453177676
      ],
      [
       35.61990315103765,
       33.981710648362636
      ],
      [
       35.619898641050725,
       33.98170036404003
      ],
      [
       35.6198896210769,
       33.98170036404004
      ],
      [
       35.61988511108999,
       33.98170503873228
      ],
      [
       35.619879473606346,
       33.98170316885541
      ],
      [
       35.61987496361943,
       33.981694754409006
      ],
      [
       35.61986707114233,
       33.981694754409006
      ],
      [
       35.61986481614887,
       33.98167325081997
      ],
      [
       35.61985917866522,
       33.98166951106479
      ],
      [
       35.619861433658684,
       33.98165922673721
      ],
      [
       35.61993923093297,
       33.98165922673721
      ],
      [
       35.619931338455864,
       33.981666706248284
      ],
      [
       35.61992231848204,
       33.98168820983901
      ],
      [
       35.61991442600493,
       33.98169194959335
      ],
      [
       35.61991217101148,
       33.981706908609105
      ],
      [
       35.619900896044186,
       33.98171719293092
      ]
     ]
    ]
   },
   "properties": {
    "kind": "remove",
    "note": "",
    "source": "hand-drawn",
    "applied": "2026-09-09T09:39:02"
   }
  },
  {
   "type": "Feature",
   "geometry": {
    "type": "Polygon",
    "coordinates": [
     [
      [
       35.6177248273577,
       33.98263903708537
      ],
      [
       35.617666197527804,
       33.98261472895001
      ],
      [
       35.61762899013575,
       33.98259509545098
      ],
      [
       35.617624480148834,
       33.98258948587896
      ],
      [
       35.617633500122665,
       33.98258855095029
      ],
      [
       35.617633500122665,
       33.9825820064491
      ],
      [
       35.61762673514229,
       33.982578266733896
      ],
      [
       35.61762673514229,
       33.98256891744522
      ],
      [
       35.617599675220816,
       33.98255021886474
      ],
      [
       35.61761997016192,
       33.98250627718442
      ],
      [
       35.61761997016192,
       33.982498797747205
      ],
      [
       35.61761207768482,
       33.982494123098625
      ],
      [
       35.61761320518155,
       33.982478229291495
      ],
      [
       35.61760869519463,
       33.98247729436155
      ],
      [
       35.617624480148834,
       33.982453921110135
      ],
      [
       35.617635755116126,
       33.98244831152882
      ],
      [
       35.617642520096496,
       33.98243896222585
      ],
      [
       35.61766056004416,
       33.98243896222584
      ],
      [
       35.617657177553966,
       33.98244737659858
      ],
      [
       35.61766168754089,
       33.982450181389304
      ],
      [
       35.61766732502453,
       33.98244924645907
      ],
      [
       35.61767634499836,
       33.98243896222584
      ],
      [
       35.617704532416575,
       33.982444571807754
      ],
      [
       35.61770002242966,
       33.982448311528806
      ],
      [
       35.61770114992639,
       33.982452986179936
      ],
      [
       35.617712424893675,
       33.98245672590063
      ],
      [
       35.617721444867506,
       33.9824651402716
      ],
      [
       35.61771918987405,
       33.982469814921814
      ],
      [
       35.61770904240349,
       33.982473554641764
      ],
      [
       35.617704532416575,
       33.98248477380067
      ],
      [
       35.617705659913305,
       33.9824969278878
      ],
      [
       35.6177169348806,
       33.98249879774721
      ],
      [
       35.6177169348806,
       33.98251095183233
      ],
      [
       35.61773384733153,
       33.9825287154921
      ],
      [
       35.61774061231189,
       33.98252591070398
      ],
      [
       35.61774963228572,
       33.982535259997384
      ],
      [
       35.61776541723993,
       33.982541804502176
      ],
      [
       35.61776541723993,
       33.982586681092855
      ],
      [
       35.617759779756284,
       33.98258948587898
      ],
      [
       35.61776090725301,
       33.9825960303796
      ],
      [
       35.61776541723993,
       33.98259509545098
      ],
      [
       35.61776541723993,
       33.982605379665316
      ],
      [
       35.6177563972661,
       33.98260911937932
      ],
      [
       35.61776090725301,
       33.982598835165405
      ],
      [
       35.6177563972661,
       33.98259229066503
      ],
      [
       35.617751887279184,
       33.982593225593696
      ],
      [
       35.61773835731844,
       33.98261285909314
      ],
      [
       35.61774286730535,
       33.982619403591954
      ],
      [
       35.61773497482825,
       33.98262033852033
      ],
      [
       35.6177327198348,
       33.98262501316197
      ],
      [
       35.61773835731844,
       33.982636232300884
      ],
      [
       35.6177248273577,
       33.98263903708537
      ]
     ]
    ]
   },
   "properties": {
    "kind": "remove",
    "note": "",
    "source": "hand-drawn",
    "applied": "2026-09-09T09:39:02"
   }
  },
  {
   "type": "Feature",
   "geometry": {
    "type": "Polygon",
    "coordinates": [
     [
      [
       35.61555415391923,
       33.98139900288833
      ],
      [
       35.61564803123475,
       33.98140122702717
      ],
      [
       35.61564803123475,
       33.98138343391485
      ],
      [
       35.615613162517555,
       33.98136564079879
      ],
      [
       35.61555683612824,
       33.98136564079879
      ],
      [
       35.61555415391923,
       33.98139455461048
      ],
      [
       35.61555415391923,
       33.98139900288833
      ]
     ]
    ]
   },
   "properties": {
    "kind": "add",
    "note": "",
    "source": "hand-drawn",
    "applied": "2026-09-09T09:39:02"
   }
  },
  {
   "type": "Feature",
   "geometry": {
    "type": "Polygon",
    "coordinates": [
     [
      [
       35.61447650928215,
       33.980668185697716
      ],
      [
       35.61447650928215,
       33.98065416144915
      ],
      [
       35.6144945492298,
       33.980641072148394
      ],
      [
       35.61449003924289,
       33.98064948669912
      ],
      [
       35.6144945492298,
       33.98066070609877
      ],
      [
       35.6144866567527,
       33.98066818569773
      ],
      [
       35.61447650928215,
       33.980668185697716
      ]
     ]
    ]
   },
   "properties": {
    "kind": "remove",
    "note": "",
    "source": "hand-drawn",
    "applied": "2026-09-09T09:39:02"
   }
  },
  {
   "type": "Feature",
   "geometry": {
    "type": "Polygon",
    "coordinates": [
     [
      [
       35.614495676726534,
       33.98072147782115
      ],
      [
       35.614496804223265,
       33.980707453581374
      ],
      [
       35.614504696700365,
       33.98070277883428
      ],
      [
       35.614513716674196,
       33.980704648733145
      ],
      [
       35.61451484417093,
       33.98071306327756
      ],
      [
       35.61449905921672,
       33.98071680307481
      ],
      [
       35.614495676726534,
       33.98072147782115
      ]
     ]
    ]
   },
   "properties": {
    "kind": "remove",
    "note": "",
    "source": "hand-drawn",
    "applied": "2026-09-09T09:39:02"
   }
  },
  {
   "type": "Feature",
   "geometry": {
    "type": "Polygon",
    "coordinates": [
     [
      [
       35.614149535230816,
       33.980816842590215
      ],
      [
       35.61413600527007,
       33.980797208675924
      ],
      [
       35.61413036778642,
       33.9807813145515
      ],
      [
       35.614132622779884,
       33.98077757475709
      ],
      [
       35.6141450252439,
       33.98077850970571
      ],
      [
       35.61415066272754,
       33.980783184448654
      ],
      [
       35.61415066272754,
       33.980785989294304
      ],
      [
       35.614141642753715,
       33.98078785919132
      ],
      [
       35.6141450252439,
       33.9807962737275
      ],
      [
       35.61415517271446,
       33.98080188341782
      ],
      [
       35.61415517271446,
       33.98081310279736
      ],
      [
       35.614149535230816,
       33.980816842590215
      ]
     ]
    ]
   },
   "properties": {
    "kind": "remove",
    "note": "",
    "source": "hand-drawn",
    "applied": "2026-09-09T09:39:02"
   }
  },
  {
   "type": "Feature",
   "geometry": {
    "type": "Polygon",
    "coordinates": [
     [
      [
       35.61422282251819,
       33.981385289190264
      ],
      [
       35.61420027258361,
       33.981380614480436
      ],
      [
       35.61420252757706,
       33.98136846023369
      ],
      [
       35.61421718503454,
       33.98137126506001
      ],
      [
       35.614219440027995,
       33.98136846023369
      ],
      [
       35.614212675047625,
       33.981350696331454
      ],
      [
       35.61419125260978,
       33.981339477022864
      ],
      [
       35.61418223263594,
       33.98133012759792
      ],
      [
       35.614170957668655,
       33.98133480231053
      ],
      [
       35.61416193769483,
       33.98132451794245
      ],
      [
       35.614158555204654,
       33.98130114437404
      ],
      [
       35.61417321266211,
       33.981300209431176
      ],
      [
       35.614176595152294,
       33.981286185286855
      ],
      [
       35.614172085165386,
       33.98126655148098
      ],
      [
       35.61416419268829,
       33.98125813699136
      ],
      [
       35.614149535230816,
       33.98126187676463
      ],
      [
       35.61414277025044,
       33.98125813699136
      ],
      [
       35.61414277025044,
       33.98124224295311
      ],
      [
       35.61413487777334,
       33.98123289351746
      ],
      [
       35.61413487777334,
       33.98122167419336
      ],
      [
       35.61412473030278,
       33.98121886936208
      ],
      [
       35.61412247530932,
       33.98121045486773
      ],
      [
       35.61411345533549,
       33.981206715092206
      ],
      [
       35.61411007284531,
       33.981199235540636
      ],
      [
       35.614108945348576,
       33.98118240654722
      ],
      [
       35.61411232783876,
       33.98118053665886
      ],
      [
       35.61410443536166,
       33.98118053665887
      ],
      [
       35.61410330786494,
       33.98115903293974
      ],
      [
       35.61410556285839,
       33.981153423272964
      ],
      [
       35.61411571032895,
       33.98115342327297
      ],
      [
       35.61412134781259,
       33.98113659427048
      ],
      [
       35.61411571032895,
       33.98112537493365
      ],
      [
       35.61411571032895,
       33.98110667603561
      ],
      [
       35.61410556285839,
       33.98109452174969
      ],
      [
       35.614114582832215,
       33.981091716914236
      ],
      [
       35.61412022031586,
       33.981092651859385
      ],
      [
       35.61412134781259,
       33.981099196475256
      ],
      [
       35.61412924028969,
       33.981099196475256
      ],
      [
       35.614131495283154,
       33.981102936255525
      ],
      [
       35.61413487777334,
       33.98110200131047
      ],
      [
       35.61413375027661,
       33.98109545669482
      ],
      [
       35.614139387760254,
       33.981099196475256
      ],
      [
       35.6141687026752,
       33.981177731826236
      ],
      [
       35.61416644768175,
       33.98118053665887
      ],
      [
       35.614158555204654,
       33.9811693173278
      ],
      [
       35.61416081019811,
       33.98118053665883
      ],
      [
       35.614156300211185,
       33.98118147160305
      ],
      [
       35.61416306519156,
       33.98118240654721
      ],
      [
       35.61415968270137,
       33.981198300596645
      ],
      [
       35.61416419268829,
       33.98119736565263
      ],
      [
       35.614169830171925,
       33.98121606453072
      ],
      [
       35.61418223263594,
       33.98122915374293
      ],
      [
       35.61418223263594,
       33.98123476340469
      ],
      [
       35.61419012511305,
       33.98123569834828
      ],
      [
       35.614186742622856,
       33.98124130800959
      ],
      [
       35.61419125260978,
       33.981239438122536
      ],
      [
       35.61419576259669,
       33.98124317789663
      ],
      [
       35.61420252757706,
       33.98126468159448
      ],
      [
       35.614212675047625,
       33.98127870574231
      ],
      [
       35.614213802544356,
       33.981300209431176
      ],
      [
       35.614227332505095,
       33.98133760713797
      ],
      [
       35.61422282251819,
       33.98133947702287
      ],
      [
       35.61422169502146,
       33.98134789150445
      ],
      [
       35.614227332505095,
       33.98135630598519
      ],
      [
       35.61422620500837,
       33.98136191563854
      ],
      [
       35.61423522498219,
       33.981368460233675
      ],
      [
       35.614229587498556,
       33.98137406988626
      ],
      [
       35.61423184249201,
       33.98138341930637
      ],
      [
       35.61422282251819,
       33.981385289190264
      ]
     ]
    ]
   },
   "properties": {
    "kind": "remove",
    "note": "",
    "source": "hand-drawn",
    "applied": "2026-09-09T09:39:02"
   }
  },
  {
   "type": "Feature",
   "geometry": {
    "type": "Polygon",
    "coordinates": [
     [
      [
       35.614305129779375,
       33.981562927973215
      ],
      [
       35.61429385481209,
       33.98155264363274
      ],
      [
       35.61429385481209,
       33.98154796893213
      ],
      [
       35.614322042230306,
       33.981497482149
      ],
      [
       35.61433218970087,
       33.98148906768223
      ],
      [
       35.61432993470741,
       33.98149935203039
      ],
      [
       35.61433218970087,
       33.9815096363773
      ],
      [
       35.61433669968778,
       33.98151150625843
      ],
      [
       35.61433218970087,
       33.981534879769015
      ],
      [
       35.6143491021518,
       33.98152927012706
      ],
      [
       35.614353612138714,
       33.98153300988841
      ],
      [
       35.61434346466816,
       33.98153768458983
      ],
      [
       35.614337827184514,
       33.98155357857285
      ],
      [
       35.61433218970087,
       33.98155264363274
      ],
      [
       35.61432429722377,
       33.981560123153216
      ],
      [
       35.614305129779375,
       33.981562927973215
      ]
     ]
    ]
   },
   "properties": {
    "kind": "remove",
    "note": "",
    "source": "hand-drawn",
    "applied": "2026-09-09T09:39:02"
   }
  },
  {
   "type": "Feature",
   "geometry": {
    "type": "Polygon",
    "coordinates": [
     [
      [
       35.61339072993236,
       33.98118053665885
      ],
      [
       35.613354650037046,
       33.98118053665886
      ],
      [
       35.61334788505667,
       33.98117399204927
      ],
      [
       35.61332871761228,
       33.981172122160714
      ],
      [
       35.61333097260574,
       33.981157163050845
      ],
      [
       35.6133490125534,
       33.98115342327298
      ],
      [
       35.61338960243563,
       33.98116557755048
      ],
      [
       35.61339072993236,
       33.98118053665885
      ]
     ]
    ]
   },
   "properties": {
    "kind": "remove",
    "note": "",
    "source": "hand-drawn",
    "applied": "2026-09-09T09:39:02"
   }
  },
  {
   "type": "Feature",
   "geometry": {
    "type": "Polygon",
    "coordinates": [
     [
      [
       35.61480122834003,
       33.98023436787102
      ],
      [
       35.61479108086947,
       33.980225018324546
      ],
      [
       35.61479559085639,
       33.98022034355091
      ],
      [
       35.61480348333349,
       33.98022034355092
      ],
      [
       35.614802355836765,
       33.98021379886739
      ],
      [
       35.61478995337274,
       33.98021192895773
      ],
      [
       35.61478995337274,
       33.98020631922846
      ],
      [
       35.61481475830078,
       33.98019790463389
      ],
      [
       35.6148271607648,
       33.98019790463388
      ],
      [
       35.61483956322881,
       33.980206319228465
      ],
      [
       35.61484069072554,
       33.98022127850566
      ],
      [
       35.61482828826153,
       33.98020725418337
      ],
      [
       35.614815885797505,
       33.98021286391256
      ],
      [
       35.614809120817135,
       33.98021005904802
      ],
      [
       35.614809120817135,
       33.980221278505645
      ],
      [
       35.61480122834003,
       33.98023436787102
      ]
     ]
    ]
   },
   "properties": {
    "kind": "remove",
    "note": "",
    "source": "hand-drawn",
    "applied": "2026-09-09T09:39:02"
   }
  },
  {
   "type": "Feature",
   "geometry": {
    "type": "Polygon",
    "coordinates": [
     [
      [
       35.61512594739791,
       33.98025867668713
      ],
      [
       35.61512030991427,
       33.98025026209771
      ],
      [
       35.61511128994044,
       33.98024652227996
      ],
      [
       35.615116927424076,
       33.98024371741651
      ],
      [
       35.61511467243062,
       33.980229693097925
      ],
      [
       35.61511805492081,
       33.9802278231886
      ],
      [
       35.61512256490772,
       33.98023062805258
      ],
      [
       35.61512256490772,
       33.98023623778023
      ],
      [
       35.61512820239137,
       33.98023343291645
      ],
      [
       35.61512820239137,
       33.98023810768935
      ],
      [
       35.61512369240445,
       33.98023997759846
      ],
      [
       35.615133839875014,
       33.98025119705215
      ],
      [
       35.61512594739791,
       33.98025867668713
      ]
     ]
    ]
   },
   "properties": {
    "kind": "remove",
    "note": "",
    "source": "hand-drawn",
    "applied": "2026-09-09T09:39:02"
   }
  },
  {
   "type": "Feature",
   "geometry": {
    "type": "Polygon",
    "coordinates": [
     [
      [
       35.614792208366204,
       33.98024652227996
      ],
      [
       35.61478318839237,
       33.980237172734796
      ],
      [
       35.61478206089564,
       33.98022688823392
      ],
      [
       35.61478882587602,
       33.98022875814326
      ],
      [
       35.61479333586293,
       33.980239977598444
      ],
      [
       35.614802355836765,
       33.98023530282563
      ],
      [
       35.614823778274605,
       33.98023530282563
      ],
      [
       35.614826033268066,
       33.98023810768935
      ],
      [
       35.61482265077788,
       33.980240912552986
      ],
      [
       35.61482941575825,
       33.980240912552986
      ],
      [
       35.61482039578442,
       33.98024652227995
      ],
      [
       35.614792208366204,
       33.98024652227996
      ]
     ]
    ]
   },
   "properties": {
    "kind": "remove",
    "note": "",
    "source": "hand-drawn",
    "applied": "2026-09-09T09:39:02"
   }
  },
  {
   "type": "Feature",
   "geometry": {
    "type": "Polygon",
    "coordinates": [
     [
      [
       35.61479508876801,
       33.980244666979665
      ],
      [
       35.61485409736634,
       33.98023132196421
      ],
      [
       35.614835321903236,
       33.98019795941642
      ],
      [
       35.61477094888688,
       33.98020240775689
      ],
      [
       35.61480849981309,
       33.98025133948663
      ],
      [
       35.61479508876801,
       33.980244666979665
      ]
     ]
    ]
   },
   "properties": {
    "kind": "add",
    "note": "",
    "source": "hand-drawn",
    "applied": "2026-09-09T09:39:02"
   }
  },
  {
   "type": "Feature",
   "geometry": {
    "type": "Polygon",
    "coordinates": [
     [
      [
       35.612509027490475,
       33.9782943149422
      ],
      [
       35.6125022625101,
       33.978285900158355
      ],
      [
       35.612507899993744,
       33.978267200635734
      ],
      [
       35.612494370033,
       33.978263460730716
      ],
      [
       35.61250451750355,
       33.97826346073072
      ],
      [
       35.612509027490475,
       33.97825972082556
      ],
      [
       35.61251353747738,
       33.97824382622671
      ],
      [
       35.6125259399414,
       33.978242891250176
      ],
      [
       35.6125259399414,
       33.97827935532592
      ],
      [
       35.61252142995448,
       33.97827561542143
      ],
      [
       35.61251466497411,
       33.97827748537369
      ],
      [
       35.61252030245775,
       33.97828496518232
      ],
      [
       35.61251466497411,
       33.9782868351344
      ],
      [
       35.61251466497411,
       33.97829337996626
      ],
      [
       35.612509027490475,
       33.9782943149422
      ]
     ]
    ]
   },
   "properties": {
    "kind": "remove",
    "note": "",
    "source": "hand-drawn",
    "applied": "2026-09-09T09:39:02"
   }
  },
  {
   "type": "Feature",
   "geometry": {
    "type": "Polygon",
    "coordinates": [
     [
      [
       35.61286080646985,
       33.97883753422513
      ],
      [
       35.612849531502555,
       33.97883285937519
      ],
      [
       35.61285742397966,
       33.97881229003243
      ],
      [
       35.61289237637825,
       33.97881322500268
      ],
      [
       35.61288448390114,
       33.97882724955494
      ],
      [
       35.61287320893386,
       33.978834729315196
      ],
      [
       35.61286080646985,
       33.97883753422513
      ]
     ]
    ]
   },
   "properties": {
    "kind": "remove",
    "note": "",
    "source": "hand-drawn",
    "applied": "2026-09-09T09:39:02"
   }
  },
  {
   "type": "Feature",
   "geometry": {
    "type": "Polygon",
    "coordinates": [
     [
      [
       35.61173218224436,
       33.97834386865235
      ],
      [
       35.6117299272509,
       33.97833358392242
      ],
      [
       35.6117220347738,
       33.97833358392242
      ],
      [
       35.61171075980651,
       33.97829898982175
      ],
      [
       35.6117141422967,
       33.97829244499031
      ],
      [
       35.6117220347738,
       33.97829618489404
      ],
      [
       35.6117299272509,
       33.978291510014344
      ],
      [
       35.61173105474762,
       33.97828216025416
      ],
      [
       35.61174909469529,
       33.97831114450737
      ],
      [
       35.611742329714914,
       33.97832329919125
      ],
      [
       35.611751349688745,
       33.97832703909364
      ],
      [
       35.61174909469529,
       33.97833358392242
      ],
      [
       35.61173669223127,
       33.978333583922414
      ],
      [
       35.611737819728,
       33.97834386865233
      ],
      [
       35.61173218224436,
       33.97834386865235
      ]
     ]
    ]
   },
   "properties": {
    "kind": "remove",
    "note": "",
    "source": "hand-drawn",
    "applied": "2026-09-09T09:39:02"
   }
  },
  {
   "type": "Feature",
   "geometry": {
    "type": "Polygon",
    "coordinates": [
     [
      [
       35.61157320520561,
       33.97712558698958
      ],
      [
       35.6115653127285,
       33.977124652000775
      ],
      [
       35.61155854774813,
       33.97711904206779
      ],
      [
       35.61155854774813,
       33.977105952222736
      ],
      [
       35.61159801013363,
       33.977104082244715
      ],
      [
       35.611585607669625,
       33.977108757189704
      ],
      [
       35.611585607669625,
       33.977114367123356
      ],
      [
       35.61156982271542,
       33.97711436712336
      ],
      [
       35.61157771519252,
       33.977121847034326
      ],
      [
       35.61157320520561,
       33.97712558698958
      ]
     ]
    ]
   },
   "properties": {
    "kind": "remove",
    "note": "",
    "source": "hand-drawn",
    "applied": "2026-09-09T09:39:02"
   }
  },
  {
   "type": "Feature",
   "geometry": {
    "type": "Polygon",
    "coordinates": [
     [
      [
       35.61248535005916,
       33.97698814352651
      ],
      [
       35.61247745758207,
       33.97698066360378
      ],
      [
       35.61246843760823,
       33.976979728613394
      ],
      [
       35.612466182614774,
       33.97697318368039
      ],
      [
       35.61244927016384,
       33.976975053661285
      ],
      [
       35.61243799519656,
       33.976965703756335
      ],
      [
       35.61243799519656,
       33.97695448386902
      ],
      [
       35.61244363268021,
       33.97695448386904
      ],
      [
       35.61244363268021,
       33.97694980891554
      ],
      [
       35.61243912269329,
       33.9769479389341
      ],
      [
       35.61243799519656,
       33.976935784053566
      ],
      [
       35.61245265265403,
       33.97694045900783
      ],
      [
       35.612450397660574,
       33.97693297908091
      ],
      [
       35.61245378015076,
       33.97693204408996
      ],
      [
       35.612458290137674,
       33.97694887392484
      ],
      [
       35.61246392762132,
       33.97695167889698
      ],
      [
       35.61247069260169,
       33.97694700394334
      ],
      [
       35.61244250518347,
       33.97691334426958
      ],
      [
       35.612451525157304,
       33.976916149242925
      ],
      [
       35.61248084007225,
       33.976951678896974
      ],
      [
       35.61248084007225,
       33.976958223831645
      ],
      [
       35.612476330085336,
       33.97695354887837
      ],
      [
       35.61246392762132,
       33.9769554188597
      ],
      [
       35.61248084007225,
       33.97695915882227
      ],
      [
       35.61247858507879,
       33.97696663874688
      ],
      [
       35.612484222562436,
       33.976968508727936
      ],
      [
       35.612483095065706,
       33.976978793623
      ],
      [
       35.61249211503954,
       33.97698440356523
      ],
      [
       35.61248535005916,
       33.97698814352651
      ]
     ]
    ]
   },
   "properties": {
    "kind": "remove",
    "note": "",
    "source": "hand-drawn",
    "applied": "2026-09-09T09:39:02"
   }
  },
  {
   "type": "Feature",
   "geometry": {
    "type": "Polygon",
    "coordinates": [
     [
      [
       35.61220122088352,
       33.97675813560151
      ],
      [
       35.612189945916235,
       33.97675439563011
      ],
      [
       35.61218656342605,
       33.97674504570089
      ],
      [
       35.61217077847185,
       33.976742240721904
      ],
      [
       35.61217867094895,
       33.976737565756764
      ],
      [
       35.61216965097511,
       33.97673756575677
      ],
      [
       35.61216852347839,
       33.97673476077755
      ],
      [
       35.612180925942404,
       33.97673195579824
      ],
      [
       35.61218543592932,
       33.97673756575678
      ],
      [
       35.612191073412966,
       33.97673195579825
      ],
      [
       35.612189945916235,
       33.97672634583936
      ],
      [
       35.6122000933868,
       33.97672915081884
      ],
      [
       35.612205730870436,
       33.97673382578446
      ],
      [
       35.612203475876974,
       33.9767385007498
      ],
      [
       35.612206858367166,
       33.9767413057289
      ],
      [
       35.612203475876974,
       33.976744110707905
      ],
      [
       35.612206858367166,
       33.97675065565853
      ],
      [
       35.61220122088352,
       33.97675813560151
      ]
     ]
    ]
   },
   "properties": {
    "kind": "remove",
    "note": "",
    "source": "hand-drawn",
    "applied": "2026-09-09T09:39:02"
   }
  },
  {
   "type": "Feature",
   "geometry": {
    "type": "Polygon",
    "coordinates": [
     [
      [
       35.61225646822323,
       33.97653467202151
      ],
      [
       35.612245193255944,
       33.97653093204027
      ],
      [
       35.6122316632952,
       33.97650288217579
      ],
      [
       35.61224068326903,
       33.976500077188824
      ],
      [
       35.61225083073958,
       33.97650288217579
      ],
      [
       35.61225759571997,
       33.97649259722316
      ],
      [
       35.612262105706876,
       33.9764916622274
      ],
      [
       35.612260978210145,
       33.97648324726514
      ],
      [
       35.61226436070033,
       33.976483247265136
      ],
      [
       35.61227225317743,
       33.976491662227396
      ],
      [
       35.61227225317743,
       33.976506622158254
      ],
      [
       35.612283528144715,
       33.97650755715383
      ],
      [
       35.61230269558911,
       33.97652999704494
      ],
      [
       35.61229593060874,
       33.97653467202151
      ],
      [
       35.61225646822323,
       33.97653467202151
      ]
     ]
    ]
   },
   "properties": {
    "kind": "remove",
    "note": "",
    "source": "hand-drawn",
    "applied": "2026-09-09T09:39:02"
   }
  },
  {
   "type": "Feature",
   "geometry": {
    "type": "Polygon",
    "coordinates": [
     [
      [
       35.61222715330828,
       33.97649259722316
      ],
      [
       35.612205730870436,
       33.97647389730609
      ],
      [
       35.612205730870436,
       33.97646641733814
      ],
      [
       35.61222264332137,
       33.97646361234996
      ],
      [
       35.61222602581156,
       33.97645800237338
      ],
      [
       35.61223617328211,
       33.97645426238876
      ],
      [
       35.612245193255944,
       33.97645893736948
      ],
      [
       35.61225759571997,
       33.97647857228577
      ],
      [
       35.61224068326903,
       33.97648418226098
      ],
      [
       35.6122316632952,
       33.976481377273416
      ],
      [
       35.61222602581156,
       33.97648605225266
      ],
      [
       35.61222715330828,
       33.97649259722316
      ]
     ]
    ]
   },
   "properties": {
    "kind": "remove",
    "note": "",
    "source": "hand-drawn",
    "applied": "2026-09-09T09:39:02"
   }
  },
  {
   "type": "Feature",
   "geometry": {
    "type": "Polygon",
    "coordinates": [
     [
      [
       35.61255276203156,
       33.977075166973734
      ],
      [
       35.61257958412171,
       33.97707071846963
      ],
      [
       35.612576901912696,
       33.977061821460715
      ],
      [
       35.6125420331955,
       33.97702845766905
      ],
      [
       35.612515211105354,
       33.97697952408426
      ],
      [
       35.612461566925056,
       33.97691946919169
      ],
      [
       35.61242669820786,
       33.97691057216697
      ],
      [
       35.61241060495377,
       33.97692836621549
      ],
      [
       35.61244815587998,
       33.976957281536414
      ],
      [
       35.61255812644959,
       33.97708628823296
      ],
      [
       35.61255276203156,
       33.977075166973734
      ]
     ]
    ]
   },
   "properties": {
    "kind": "add",
    "note": "",
    "source": "hand-drawn",
    "applied": "2026-09-09T09:39:02"
   }
  },
  {
   "type": "Feature",
   "geometry": {
    "type": "Polygon",
    "coordinates": [
     [
      [
       35.6097184730868,
       33.9756034116151
      ],
      [
       35.60970945311297,
       33.97559593157054
      ],
      [
       35.6097184730868,
       33.9755940615593
      ],
      [
       35.60971621809334,
       33.975586581513916
      ],
      [
       35.60972523806718,
       33.97557536144462
      ],
      [
       35.60973538553773,
       33.975571621421196
      ],
      [
       35.60974102302138,
       33.97556507637979
      ],
      [
       35.60973764053119,
       33.97555759633185
      ],
      [
       35.609739895524655,
       33.97555385630765
      ],
      [
       35.60974327801483,
       33.975561336355895
      ],
      [
       35.60975455298212,
       33.975565076379795
      ],
      [
       35.60975455298212,
       33.9755678813976
      ],
      [
       35.609734258041,
       33.975578166462086
      ],
      [
       35.60974215051811,
       33.97558190648522
      ],
      [
       35.60974102302138,
       33.97559125654238
      ],
      [
       35.60973651303447,
       33.97559499656491
      ],
      [
       35.609729748054086,
       33.97559406155929
      ],
      [
       35.60972862055736,
       33.975600606598476
      ],
      [
       35.60972411057044,
       33.97560154160402
      ],
      [
       35.609722983073716,
       33.97559873658734
      ],
      [
       35.6097184730868,
       33.9756034116151
      ]
     ]
    ]
   },
   "properties": {
    "kind": "remove",
    "note": "",
    "source": "hand-drawn",
    "applied": "2026-09-09T09:39:02"
   }
  },
  {
   "type": "Feature",
   "geometry": {
    "type": "Polygon",
    "coordinates": [
     [
      [
       35.60973538553773,
       33.97539303511087
      ],
      [
       35.60973876802792,
       33.9753892950794
      ],
      [
       35.60972411057044,
       33.97537339994392
      ],
      [
       35.609729748054086,
       33.97537339994392
      ],
      [
       35.609729748054086,
       33.975368724903504
      ],
      [
       35.60973764053119,
       33.97536591987912
      ],
      [
       35.609720728080255,
       33.975366854887255
      ],
      [
       35.60971960058353,
       33.97536311485466
      ],
      [
       35.60974553300829,
       33.975360309830094
      ],
      [
       35.60974778800175,
       33.975364984870964
      ],
      [
       35.60974327801483,
       33.97536778989539
      ],
      [
       35.6097500429952,
       33.975377139976075
      ],
      [
       35.60975680797557,
       33.97537713997608
      ],
      [
       35.60975680797557,
       33.97538275002398
      ],
      [
       35.60974778800175,
       33.97538275002398
      ],
      [
       35.609739895524655,
       33.97539023008731
      ],
      [
       35.6097579354723,
       33.975388360071534
      ],
      [
       35.609760190465764,
       33.97539116509517
      ],
      [
       35.60973538553773,
       33.97539303511087
      ]
     ]
    ]
   },
   "properties": {
    "kind": "remove",
    "note": "",
    "source": "hand-drawn",
    "applied": "2026-09-09T09:39:02"
   }
  },
  {
   "type": "Feature",
   "geometry": {
    "type": "Polygon",
    "coordinates": [
     [
      [
       35.60992931497508,
       33.97539584013435
      ],
      [
       35.609915785014344,
       33.97539303511087
      ],
      [
       35.6099180400078,
       33.97538836007153
      ],
      [
       35.60990902003397,
       33.975386490055726
      ],
      [
       35.60990789253724,
       33.97537994500007
      ],
      [
       35.6099180400078,
       33.97538088000805
      ],
      [
       35.60992480498817,
       33.97537059491968
      ],
      [
       35.60993156996854,
       33.975369659911586
      ],
      [
       35.60993833494891,
       33.97537433495197
      ],
      [
       35.60992931497508,
       33.97537900999207
      ],
      [
       35.60992818747835,
       33.97538462003986
      ],
      [
       35.6099496099162,
       33.9753855550478
      ],
      [
       35.6099417174391,
       33.97538742506362
      ],
      [
       35.609946227426015,
       33.975392100103015
      ],
      [
       35.60992931497508,
       33.97539584013435
      ]
     ]
    ]
   },
   "properties": {
    "kind": "remove",
    "note": "",
    "source": "hand-drawn",
    "applied": "2026-09-09T09:39:02"
   }
  },
  {
   "type": "Feature",
   "geometry": {
    "type": "Polygon",
    "coordinates": [
     [
      [
       35.60989661756995,
       33.975360309830094
      ],
      [
       35.60988534260266,
       33.97535563478895
      ],
      [
       35.609884215105936,
       33.97535189475586
      ],
      [
       35.60986392016481,
       33.97535002473926
      ],
      [
       35.609859410177904,
       33.97533880463874
      ],
      [
       35.60982896776623,
       33.975312624398406
      ],
      [
       35.60982896776623,
       33.97530607933709
      ],
      [
       35.60983460524987,
       33.975300469284115
      ],
      [
       35.609826712772765,
       33.975299534275244
      ],
      [
       35.609818820295665,
       33.97530327431062
      ],
      [
       35.60981431030875,
       33.97529579423968
      ],
      [
       35.60980754532837,
       33.97529392422182
      ],
      [
       35.60980754532837,
       33.975290184186015
      ],
      [
       35.60981431030875,
       33.97528831416806
      ],
      [
       35.60982107528912,
       33.97529111919499
      ],
      [
       35.60982333028258,
       33.97528737915906
      ],
      [
       35.60980641783165,
       33.975285509141024
      ],
      [
       35.609796270361095,
       33.97527241901367
      ],
      [
       35.60978274040035,
       33.975271484004494
      ],
      [
       35.60978048540689,
       33.97525465383762
      ],
      [
       35.6097849953938,
       33.97524436873399
      ],
      [
       35.60979852535455,
       33.97524623875294
      ],
      [
       35.609791760374186,
       33.975249978790664
      ],
      [
       35.609795142864364,
       33.975257458865656
      ],
      [
       35.60979965285128,
       33.9752593288843
      ],
      [
       35.60980754532837,
       33.97525465383761
      ],
      [
       35.60980529033492,
       33.97526306892148
      ],
      [
       35.60982333028258,
       33.975281769104846
      ],
      [
       35.60982896776623,
       33.975286444150036
      ],
      [
       35.60984700771389,
       33.97528924917704
      ],
      [
       35.60984926270734,
       33.97529392422184
      ],
      [
       35.60984475272043,
       33.97529485923076
      ],
      [
       35.60985264519753,
       33.975300469284115
      ],
      [
       35.60987068514519,
       33.97530607933708
      ],
      [
       35.60987632262883,
       33.97530420931946
      ],
      [
       35.60990451004705,
       33.97532664952815
      ],
      [
       35.60990563754378,
       33.97532384450239
      ],
      [
       35.6099180400078,
       33.975322909493784
      ],
      [
       35.60993607995545,
       33.9753322595794
      ],
      [
       35.6099417174391,
       33.975344414689175
      ],
      [
       35.609937207452184,
       33.97534441468917
      ],
      [
       35.609937207452184,
       33.97533880463872
      ],
      [
       35.60990112755687,
       33.97533132457089
      ],
      [
       35.60989323507977,
       33.97532477951099
      ],
      [
       35.6099101475307,
       33.975348154722596
      ],
      [
       35.6099101475307,
       33.9753565697972
      ],
      [
       35.60989661756995,
       33.975360309830094
      ]
     ]
    ]
   },
   "properties": {
    "kind": "remove",
    "note": "",
    "source": "hand-drawn",
    "applied": "2026-09-09T09:39:02"
   }
  },
  {
   "type": "Feature",
   "geometry": {
    "type": "Polygon",
    "coordinates": [
     [
      [
       35.61046938590816,
       33.975596866576154
      ],
      [
       35.6104671309147,
       33.975581906485225
      ],
      [
       35.61046938590816,
       33.97555666132581
      ],
      [
       35.610472768398346,
       33.97555385630763
      ],
      [
       35.610472768398346,
       33.97556507637978
      ],
      [
       35.610479533378715,
       33.97557255642706
      ],
      [
       35.61047615088853,
       33.975582841490976
      ],
      [
       35.61048517086236,
       33.97558845152533
      ],
      [
       35.610478405881985,
       33.975594996564936
      ],
      [
       35.61046938590816,
       33.975596866576154
      ]
     ]
    ]
   },
   "properties": {
    "kind": "remove",
    "note": "",
    "source": "hand-drawn",
    "applied": "2026-09-09T09:39:02"
   }
  },
  {
   "type": "Feature",
   "geometry": {
    "type": "Polygon",
    "coordinates": [
     [
      [
       35.6104006086077,
       33.975497755924714
      ],
      [
       35.610397226117506,
       33.97549121087764
      ],
      [
       35.61038595115022,
       33.9754884058573
      ],
      [
       35.61039948111097,
       33.97548560083687
      ],
      [
       35.6104006086077,
       33.9754884058573
      ],
      [
       35.6104400709932,
       33.9754884058573
      ],
      [
       35.610436688503015,
       33.975493080891134
      ],
      [
       35.610420903548814,
       33.97548934086408
      ],
      [
       35.6104006086077,
       33.975497755924714
      ]
     ]
    ]
   },
   "properties": {
    "kind": "remove",
    "note": "",
    "source": "hand-drawn",
    "applied": "2026-09-09T09:39:02"
   }
  },
  {
   "type": "Feature",
   "geometry": {
    "type": "Polygon",
    "coordinates": [
     [
      [
       35.608406066894524,
       33.974285043598506
      ],
      [
       35.60837900697304,
       33.97427849845804
      ],
      [
       35.60837562448285,
       33.97425699299306
      ],
      [
       35.608406066894524,
       33.97425699299307
      ],
      [
       35.608406066894524,
       33.974285043598506
      ]
     ]
    ]
   },
   "properties": {
    "kind": "remove",
    "note": "",
    "source": "hand-drawn",
    "applied": "2026-09-09T09:39:02"
   }
  },
  {
   "type": "Feature",
   "geometry": {
    "type": "Polygon",
    "coordinates": [
     [
      [
       35.609506503701795,
       33.974199956733486
      ],
      [
       35.609483953767224,
       33.97419154154441
      ],
      [
       35.60948169877376,
       33.974183126354504
      ],
      [
       35.60948846375415,
       33.97418686643901
      ],
      [
       35.609497483727964,
       33.9741859314179
      ],
      [
       35.609497483727964,
       33.974175646185
      ],
      [
       35.609512141185434,
       33.974164425929494
      ],
      [
       35.60948959125086,
       33.974168166014834
      ],
      [
       35.609485081263955,
       33.974157880779764
      ],
      [
       35.60947042380648,
       33.97415507571545
      ],
      [
       35.609459148839186,
       33.97414385545724
      ],
      [
       35.609459148839186,
       33.97413357021925
      ],
      [
       35.609450128865355,
       33.97411860987086
      ],
      [
       35.609452383858816,
       33.97411206471761
      ],
      [
       35.609468168813024,
       33.97411580480523
      ],
      [
       35.609477188786855,
       33.974111129695665
      ],
      [
       35.60948620876068,
       33.97411580480523
      ],
      [
       35.60948733625741,
       33.974120479914546
      ],
      [
       35.60950199371488,
       33.9741195448927
      ],
      [
       35.60950199371488,
       33.97412983013238
      ],
      [
       35.609516651172356,
       33.97413918034921
      ],
      [
       35.609512141185434,
       33.97414011537086
      ],
      [
       35.609512141185434,
       33.97414479047882
      ],
      [
       35.60952003366254,
       33.97414946558654
      ],
      [
       35.609521161159265,
       33.974158815801204
      ],
      [
       35.60951326868217,
       33.97416536095085
      ],
      [
       35.60952567114619,
       33.97417751622742
      ],
      [
       35.60952567114619,
       33.97419247656548
      ],
      [
       35.60951777866908,
       33.97419434660753
      ],
      [
       35.609515523675626,
       33.9741999567335
      ],
      [
       35.609506503701795,
       33.974199956733486
      ]
     ]
    ]
   },
   "properties": {
    "kind": "remove",
    "note": "",
    "source": "hand-drawn",
    "applied": "2026-09-09T09:39:02"
   }
  },
  {
   "type": "Feature",
   "geometry": {
    "type": "Polygon",
    "coordinates": [
     [
      [
       35.609444491381716,
       33.9745907945975
      ],
      [
       35.609430961420976,
       33.97458518449733
      ],
      [
       35.60940728398967,
       33.97456554914381
      ],
      [
       35.609388116545276,
       33.97453375856184
      ],
      [
       35.609388116545276,
       33.9745300184926
      ],
      [
       35.609394881525645,
       33.97452908347526
      ],
      [
       35.609394881525645,
       33.97452440838842
      ],
      [
       35.60941404897004,
       33.97453282354455
      ],
      [
       35.60944561887844,
       33.9745702242284
      ],
      [
       35.609452383858816,
       33.97457302927903
      ],
      [
       35.609452383858816,
       33.97458798954747
      ],
      [
       35.609444491381716,
       33.9745907945975
      ]
     ]
    ]
   },
   "properties": {
    "kind": "remove",
    "note": "",
    "source": "hand-drawn",
    "applied": "2026-09-09T09:39:02"
   }
  },
  {
   "type": "Feature",
   "geometry": {
    "type": "Polygon",
    "coordinates": [
     [
      [
       35.609778230413426,
       33.97390355457179
      ],
      [
       35.60977259292978,
       33.97390074949909
      ],
      [
       35.6097658279494,
       33.973902619547566
      ],
      [
       35.60976470045268,
       33.97389794442628
      ],
      [
       35.60973764053119,
       33.97389700940196
      ],
      [
       35.60973087555082,
       33.97389420432907
      ],
      [
       35.60973087555082,
       33.97389046423168
      ],
      [
       35.60971734559007,
       33.97388672413413
      ],
      [
       35.60973200304755,
       33.97388578910972
      ],
      [
       35.60974778800175,
       33.9738755038405
      ],
      [
       35.60975568047885,
       33.97387643886504
      ],
      [
       35.609761317962494,
       33.97388391906087
      ],
      [
       35.60976921043959,
       33.97388578910971
      ],
      [
       35.609770337936325,
       33.97389046423168
      ],
      [
       35.60977935791015,
       33.97389233428039
      ],
      [
       35.609774847923234,
       33.97389700940199
      ],
      [
       35.60977935791015,
       33.973897944426284
      ],
      [
       35.609778230413426,
       33.97390355457179
      ]
     ]
    ]
   },
   "properties": {
    "kind": "remove",
    "note": "",
    "source": "hand-drawn",
    "applied": "2026-09-09T09:39:02"
   }
  },
  {
   "type": "Feature",
   "geometry": {
    "type": "Polygon",
    "coordinates": [
     [
      [
       35.60972749306063,
       33.97320882873684
      ],
      [
       35.60969028566858,
       33.97319573828978
      ],
      [
       35.60966999072747,
       33.97318358287283
      ],
      [
       35.60966886323074,
       33.973175167583165
      ],
      [
       35.60966209825036,
       33.97317049242188
      ],
      [
       35.60962489085831,
       33.97315927203374
      ],
      [
       35.609632783335414,
       33.97314898667664
      ],
      [
       35.60963052834196,
       33.97314524654649
      ],
      [
       35.609640675812514,
       33.97314244144877
      ],
      [
       35.609619253374674,
       33.97312935099147
      ],
      [
       35.60960572341393,
       33.97312561086045
      ],
      [
       35.6096045959172,
       33.97313402615502
      ],
      [
       35.609618125877944,
       33.97313776628567
      ],
      [
       35.60961699838122,
       33.97314244144878
      ],
      [
       35.60960797840739,
       33.973142441448765
      ],
      [
       35.60961023340084,
       33.973148051644124
      ],
      [
       35.60960685091065,
       33.973148051644124
      ],
      [
       35.60960572341393,
       33.97314431151392
      ],
      [
       35.60960008593028,
       33.97314337648133
      ],
      [
       35.60960121342701,
       33.9731349611877
      ],
      [
       35.60958993845972,
       33.97314057138355
      ],
      [
       35.60957528100225,
       33.973133091122335
      ],
      [
       35.609579790989166,
       33.97312374079487
      ],
      [
       35.60956513353169,
       33.97313028602418
      ],
      [
       35.609554986061134,
       33.97312561086045
      ],
      [
       35.609556113557865,
       33.9731181305979
      ],
      [
       35.60958091848589,
       33.973118130597896
      ],
      [
       35.60958091848589,
       33.973120935696436
      ],
      [
       35.609587683466266,
       33.9731181305979
      ],
      [
       35.60977935791015,
       33.9731181305979
      ],
      [
       35.60977935791015,
       33.973208828736844
      ],
      [
       35.60972749306063,
       33.97320882873684
      ]
     ]
    ]
   },
   "properties": {
    "kind": "remove",
    "note": "",
    "source": "hand-drawn",
    "applied": "2026-09-09T09:39:02"
   }
  },
  {
   "type": "Feature",
   "geometry": {
    "type": "Polygon",
    "coordinates": [
     [
      [
       35.60978274040035,
       33.9731882580334
      ],
      [
       35.60977935791016,
       33.9731181305979
      ],
      [
       35.60983686024333,
       33.97311813059791
      ],
      [
       35.60982896776623,
       33.973127480925974
      ],
      [
       35.60982896776623,
       33.97313683125302
      ],
      [
       35.60982333028258,
       33.97313963635094
      ],
      [
       35.60982333028258,
       33.97314618157905
      ],
      [
       35.609812055315295,
       33.973143376481346
      ],
      [
       35.609816565302204,
       33.973157401968905
      ],
      [
       35.609812055315295,
       33.973157401968905
      ],
      [
       35.60981092781856,
       33.97316675229266
      ],
      [
       35.609800780348,
       33.97316581726033
      ],
      [
       35.60980529033492,
       33.97317610261539
      ],
      [
       35.60979063287745,
       33.97317142745415
      ],
      [
       35.60978612289053,
       33.97317703764761
      ],
      [
       35.609789505380725,
       33.97318358287283
      ],
      [
       35.60978274040035,
       33.9731882580334
      ]
     ]
    ]
   },
   "properties": {
    "kind": "remove",
    "note": "",
    "source": "hand-drawn",
    "applied": "2026-09-09T09:39:02"
   }
  },
  {
   "type": "Feature",
   "geometry": {
    "type": "Polygon",
    "coordinates": [
     [
      [
       35.60970156063587,
       33.9731181305979
      ],
      [
       35.60969141316531,
       33.97311532549928
      ],
      [
       35.60969254066204,
       33.9731106503347
      ],
      [
       35.60968464818494,
       33.97310784523584
      ],
      [
       35.60969141316531,
       33.973102235037814
      ],
      [
       35.60969254066204,
       33.9730938197401
      ],
      [
       35.60970156063587,
       33.97309101464065
      ],
      [
       35.60969141316531,
       33.97306483370825
      ],
      [
       35.60970156063587,
       33.973067638808516
      ],
      [
       35.60970719811951,
       33.97307792417548
      ],
      [
       35.609715090596616,
       33.973074184042176
      ],
      [
       35.60971621809334,
       33.97308446940832
      ],
      [
       35.60972411057044,
       33.97307979424204
      ],
      [
       35.60971960058353,
       33.973073249008834
      ],
      [
       35.60973538553773,
       33.9730713789421
      ],
      [
       35.60976921043959,
       33.97308820954113
      ],
      [
       35.60977935791015,
       33.973085404441534
      ],
      [
       35.60977935791015,
       33.9731181305979
      ],
      [
       35.60970156063587,
       33.9731181305979
      ]
     ]
    ]
   },
   "properties": {
    "kind": "remove",
    "note": "",
    "source": "hand-drawn",
    "applied": "2026-09-09T09:39:02"
   }
  },
  {
   "type": "Feature",
   "geometry": {
    "type": "Polygon",
    "coordinates": [
     [
      [
       35.60984475272043,
       33.97311532549927
      ],
      [
       35.60984813521062,
       33.97311158536763
      ],
      [
       35.60984137023024,
       33.97310691020285
      ],
      [
       35.60980754532837,
       33.9730938197401
      ],
      [
       35.609796270361095,
       33.973082599341836
      ],
      [
       35.60978274040035,
       33.97308166430857
      ],
      [
       35.60978048540689,
       33.97307605410884
      ],
      [
       35.60978161290362,
       33.972993771136736
      ],
      [
       35.6097849953938,
       33.97299377113674
      ],
      [
       35.60978386789708,
       33.973025562294495
      ],
      [
       35.60979063287745,
       33.973034912632734
      ],
      [
       35.60978612289053,
       33.97303865276777
      ],
      [
       35.60979063287745,
       33.97304987317181
      ],
      [
       35.609796270361095,
       33.973048003104566
      ],
      [
       35.60979401536764,
       33.97303958780148
      ],
      [
       35.60979852535455,
       33.973037717734016
      ],
      [
       35.609795142864364,
       33.97303491263274
      ],
      [
       35.60979852535455,
       33.97303304256518
      ],
      [
       35.609791760374186,
       33.97303117249756
      ],
      [
       35.609795142864364,
       33.973027432362215
      ],
      [
       35.60979401536764,
       33.973014341887236
      ],
      [
       35.60979852535455,
       33.9730124718192
      ],
      [
       35.609812055315295,
       33.9730190170571
      ],
      [
       35.60981431030875,
       33.97300779664898
      ],
      [
       35.60980641783165,
       33.97299564120517
      ],
      [
       35.60982107528912,
       33.97299657623937
      ],
      [
       35.609816565302204,
       33.972990030999746
      ],
      [
       35.609818820295665,
       33.972980680656576
      ],
      [
       35.60981092781856,
       33.97297974562218
      ],
      [
       35.60980754532837,
       33.972987225896894
      ],
      [
       35.60979965285128,
       33.97298348575961
      ],
      [
       35.60979965285128,
       33.972966655139864
      ],
      [
       35.609791760374186,
       33.97295917486333
      ],
      [
       35.60979401536764,
       33.97295356465552
      ],
      [
       35.609788377883994,
       33.972953564655526
      ],
      [
       35.60978386789708,
       33.97297320038128
      ],
      [
       35.60978161290362,
       33.972969460243384
      ],
      [
       35.60977935791016,
       33.9728348151697
      ],
      [
       35.60978274040035,
       33.97280956919464
      ],
      [
       35.60978386789708,
       33.97281704948433
      ],
      [
       35.609791760374186,
       33.97281704948431
      ],
      [
       35.609795142864364,
       33.972813309339564
      ],
      [
       35.60980529033492,
       33.972813309339564
      ],
      [
       35.60980754532837,
       33.97280956919464
      ],
      [
       35.60982333028258,
       33.97280863415838
      ],
      [
       35.60983798774006,
       33.97282172466506
      ],
      [
       35.60985264519753,
       33.97281891955665
      ],
      [
       35.60986053767463,
       33.97282546480944
      ],
      [
       35.60986166517136,
       33.97282265970115
      ],
      [
       35.60985602768771,
       33.972819854592785
      ],
      [
       35.609858282681174,
       33.97281517941197
      ],
      [
       35.60986617515827,
       33.97281891955665
      ],
      [
       35.60986279266809,
       33.97282920495367
      ],
      [
       35.60986843015173,
       33.97283107502572
      ],
      [
       35.60987745012556,
       33.97282265970115
      ],
      [
       35.6098751951321,
       33.97282920495368
      ],
      [
       35.609880832615744,
       33.97282733488158
      ],
      [
       35.60989549007322,
       33.972807699122114
      ],
      [
       35.60989661756995,
       33.97281611444815
      ],
      [
       35.60990563754378,
       33.97281050423089
      ],
      [
       35.60990563754378,
       33.97280676408583
      ],
      [
       35.60990000006014,
       33.97280489401326
      ],
      [
       35.60990902003397,
       33.9728020889043
      ],
      [
       35.60990676504051,
       33.97279834875888
      ],
      [
       35.60991127502742,
       33.97279273854044
      ],
      [
       35.60992931497508,
       33.972793673576845
      ],
      [
       35.60993833494891,
       33.972789933431095
      ],
      [
       35.60993946244564,
       33.97279367357687
      ],
      [
       35.60994735492274,
       33.972788998394634
      ],
      [
       35.60996539487041,
       33.97279086846754
      ],
      [
       35.609969904857316,
       33.97279367357686
      ],
      [
       35.609960884883485,
       33.972796478686114
      ],
      [
       35.60996539487041,
       33.97280582904954
      ],
      [
       35.609974414844245,
       33.97280582904955
      ],
      [
       35.60997554234096,
       33.972811439267126
      ],
      [
       35.60998343481806,
       33.972811439267126
      ],
      [
       35.60998343481806,
       33.97281704948433
      ],
      [
       35.60999132729516,
       33.97282265970115
      ],
      [
       35.610010494739555,
       33.97282639984551
      ],
      [
       35.610037554661055,
       33.972840425385364
      ],
      [
       35.610037554661055,
       33.972849775743974
      ],
      [
       35.61004319214469,
       33.97285538595864
      ],
      [
       35.61003529966759,
       33.97286473631559
      ],
      [
       35.61004431964142,
       33.97286380127995
      ],
      [
       35.61004544713815,
       33.97286754142249
      ],
      [
       35.61003868215777,
       33.9728675414225
      ],
      [
       35.610034172170856,
       33.972874086671546
      ],
      [
       35.61002289720357,
       33.972875956742605
      ],
      [
       35.61002966218394,
       33.97288530709731
      ],
      [
       35.610016132223194,
       33.97288250199101
      ],
      [
       35.61001387722974,
       33.972889047238915
      ],
      [
       35.61001951471338,
       33.972892787380324
      ],
      [
       35.61000711224936,
       33.97288811220353
      ],
      [
       35.61000260226245,
       33.97288998227425
      ],
      [
       35.61001274973301,
       33.9729002676627
      ],
      [
       35.61000936724282,
       33.97290494283885
      ],
      [
       35.61001951471338,
       33.97291148808502
      ],
      [
       35.610016132223194,
       33.97291335815525
      ],
      [
       35.61001387722974,
       33.972909618014725
      ],
      [
       35.60999921977226,
       33.97290681290924
      ],
      [
       35.6099969647788,
       33.97291335815525
      ],
      [
       35.61000372975918,
       33.97291335815525
      ],
      [
       35.61000372975918,
       33.97291616326054
      ],
      [
       35.60999809227553,
       33.972917098295596
      ],
      [
       35.61000598475263,
       33.972918033330686
      ],
      [
       35.61000598475263,
       33.97292083843579
      ],
      [
       35.60999583728208,
       33.97292364354086
      ],
      [
       35.60995186490966,
       33.97291242312014
      ],
      [
       35.6099496099162,
       33.97290681290922
      ],
      [
       35.60993495245872,
       33.97290494283885
      ],
      [
       35.60992480498817,
       33.972896527521605
      ],
      [
       35.60990451004705,
       33.972889982274275
      ],
      [
       35.60990338255032,
       33.97288343702645
      ],
      [
       35.609897745066675,
       33.97287969688461
      ],
      [
       35.609890980086305,
       33.972880631920084
      ],
      [
       35.60989210758303,
       33.972884372061884
      ],
      [
       35.6098751951321,
       33.972880631920084
      ],
      [
       35.609880832615744,
       33.97288624213272
      ],
      [
       35.60987068514519,
       33.972883437026454
      ],
      [
       35.609872940138644,
       33.972890917309655
      ],
      [
       35.60990112755687,
       33.9729077479444
      ],
      [
       35.60990225505359,
       33.972912423120135
      ],
      [
       35.609889852589575,
       33.97291148808502
      ],
      [
       35.60989323507977,
       33.97291616326054
      ],
      [
       35.60991127502742,
       33.97292364354085
      ],
      [
       35.609916912511075,
       33.97293018878558
      ],
      [
       35.60992705998162,
       33.97293205885541
      ],
      [
       35.60993269746527,
       33.9729386040995
      ],
      [
       35.609945099929284,
       33.97294140920396
      ],
      [
       35.609952992406384,
       33.97295169458614
      ],
      [
       35.60996877736059,
       33.972960109897926
      ],
      [
       35.609955247399846,
       33.97295917486331
      ],
      [
       35.60994735492274,
       33.97296759017437
      ],
      [
       35.60993607995545,
       33.97296572010534
      ],
      [
       35.60993946244564,
       33.972977875553404
      ],
      [
       35.60993382496199,
       33.97297881058781
      ],
      [
       35.60993382496199,
       33.97298255072527
      ],
      [
       35.60994058994237,
       33.97298816093119
      ],
      [
       35.60994848241947,
       33.97298535582829
      ],
      [
       35.609946227426015,
       33.97297974562216
      ],
      [
       35.609955247399846,
       33.97296665513986
      ],
      [
       35.60996539487041,
       33.97296478507079
      ],
      [
       35.609962012380215,
       33.97297787555341
      ],
      [
       35.609955247399846,
       33.97298068065657
      ],
      [
       35.60995637489657,
       33.9729862908626
      ],
      [
       35.6099417174391,
       33.97299844630774
      ],
      [
       35.6099417174391,
       33.973003121478484
      ],
      [
       35.609946227426015,
       33.973004991546716
      ],
      [
       35.60994397243255,
       33.973010601751156
      ],
      [
       35.60993607995545,
       33.97301153678519
      ],
      [
       35.60993833494891,
       33.9730190170571
      ],
      [
       35.60993156996854,
       33.97301995209104
      ],
      [
       35.60992931497508,
       33.97303397759897
      ],
      [
       35.609922549994714,
       33.973037717734016
      ],
      [
       35.60991353002088,
       33.97305641840682
      ],
      [
       35.60990112755687,
       33.973065768741684
      ],
      [
       35.60990000006014,
       33.973072313975486
      ],
      [
       35.60989323507977,
       33.973076989142164
      ],
      [
       35.609888725092844,
       33.97308914457434
      ],
      [
       35.609880832615744,
       33.97309381974011
      ],
      [
       35.60987745012556,
       33.973102235037814
      ],
      [
       35.60986166517136,
       33.97310971530176
      ],
      [
       35.60986279266809,
       33.97311345543347
      ],
      [
       35.60984475272043,
       33.97311532549927
      ]
     ]
    ]
   },
   "properties": {
    "kind": "remove",
    "note": "",
    "source": "hand-drawn",
    "applied": "2026-09-09T09:39:02"
   }
  },
  {
   "type": "Feature",
   "geometry": {
    "type": "Polygon",
    "coordinates": [
     [
      [
       35.6097579354723,
       33.973003121478484
      ],
      [
       35.60976357295595,
       33.973000316376066
      ],
      [
       35.60976357295595,
       33.97299190106826
      ],
      [
       35.609739895524655,
       33.97298348575963
      ],
      [
       35.60974553300829,
       33.97298442079396
      ],
      [
       35.60975117049193,
       33.972976940519004
      ],
      [
       35.6097579354723,
       33.97297881058781
      ],
      [
       35.609760190465764,
       33.97297133031235
      ],
      [
       35.60974891549847,
       33.97296572010533
      ],
      [
       35.60974666050502,
       33.97297039527787
      ],
      [
       35.609739895524655,
       33.97297133031234
      ],
      [
       35.60974891549847,
       33.9729573047941
      ],
      [
       35.60971621809334,
       33.97293673402981
      ],
      [
       35.609713963099885,
       33.9729283187157
      ],
      [
       35.60971621809334,
       33.97291709829561
      ],
      [
       35.609721855576986,
       33.972914293190364
      ],
      [
       35.60972411057044,
       33.972906812909216
      ],
      [
       35.60973538553773,
       33.972904007803635
      ],
      [
       35.60975342548539,
       33.97288437206189
      ],
      [
       35.609770337936325,
       33.97287502170709
      ],
      [
       35.609778230413426,
       33.97287502170709
      ],
      [
       35.60977935791015,
       33.97299657623937
      ],
      [
       35.609774847923234,
       33.97300125141023
      ],
      [
       35.6097579354723,
       33.973003121478484
      ]
     ]
    ]
   },
   "properties": {
    "kind": "remove",
    "note": "",
    "source": "hand-drawn",
    "applied": "2026-09-09T09:39:02"
   }
  },
  {
   "type": "Feature",
   "geometry": {
    "type": "Polygon",
    "coordinates": [
     [
      [
       35.60974327801483,
       33.973052678272595
      ],
      [
       35.609734258041,
       33.9730498731718
      ],
      [
       35.60972862055736,
       33.97304239290259
      ],
      [
       35.609713963099885,
       33.97303865276776
      ],
      [
       35.60971058060969,
       33.97302836739607
      ],
      [
       35.6097263655639,
       33.97302369222672
      ],
      [
       35.60972862055736,
       33.97303304256517
      ],
      [
       35.60973876802792,
       33.97304239290263
      ],
      [
       35.60974102302138,
       33.97303771773402
      ],
      [
       35.60973764053119,
       33.97303304256518
      ],
      [
       35.60974440551156,
       33.97303210753138
      ],
      [
       35.60974778800175,
       33.973025562294495
      ],
      [
       35.60975342548539,
       33.97302556229449
      ],
      [
       35.6097658279494,
       33.97304052283519
      ],
      [
       35.60975342548539,
       33.97304052283519
      ],
      [
       35.6097500429952,
       33.97304613303728
      ],
      [
       35.60974553300829,
       33.97304426296996
      ],
      [
       35.6097500429952,
       33.97305080820542
      ],
      [
       35.60974327801483,
       33.973052678272595
      ]
     ]
    ]
   },
   "properties": {
    "kind": "remove",
    "note": "",
    "source": "hand-drawn",
    "applied": "2026-09-09T09:39:02"
   }
  },
  {
   "type": "Feature",
   "geometry": {
    "type": "Polygon",
    "coordinates": [
     [
      [
       35.61013226438625,
       33.97314057138355
      ],
      [
       35.6101221169157,
       33.97313683125303
      ],
      [
       35.610119861922236,
       33.97313122105693
      ],
      [
       35.61011422443859,
       33.97313122105693
      ],
      [
       35.61011647943205,
       33.97312654589322
      ],
      [
       35.61010971445168,
       33.97312748092598
      ],
      [
       35.610111969445136,
       33.97313402615502
      ],
      [
       35.61010294947132,
       33.97313496118769
      ],
      [
       35.61009392949748,
       33.97312748092598
      ],
      [
       35.610079272040004,
       33.97312374079489
      ],
      [
       35.61007701704655,
       33.9731181305979
      ],
      [
       35.61018863922269,
       33.9731200006636
      ],
      [
       35.61018976671942,
       33.97312467582766
      ],
      [
       35.61017961924886,
       33.97313215608964
      ],
      [
       35.61017398176522,
       33.9731302860242
      ],
      [
       35.61017736425541,
       33.97312467582766
      ],
      [
       35.61017172677176,
       33.97312467582766
      ],
      [
       35.61016270679793,
       33.97313402615503
      ],
      [
       35.610145794347,
       33.973131221056924
      ],
      [
       35.61013226438625,
       33.97314057138355
      ]
     ]
    ]
   },
   "properties": {
    "kind": "remove",
    "note": "",
    "source": "hand-drawn",
    "applied": "2026-09-09T09:39:02"
   }
  },
  {
   "type": "Feature",
   "geometry": {
    "type": "Polygon",
    "coordinates": [
     [
      [
       35.610160451804475,
       33.97306950887535
      ],
      [
       35.610154814320836,
       33.97305548337327
      ],
      [
       35.61016383429467,
       33.97305361330617
      ],
      [
       35.61016383429467,
       33.9730461330373
      ],
      [
       35.61015594181756,
       33.97304987317181
      ],
      [
       35.610153686824106,
       33.97303397759898
      ],
      [
       35.610145794347,
       33.97303023746375
      ],
      [
       35.610152559327375,
       33.973006861614905
      ],
      [
       35.61014241185681,
       33.97300405651261
      ],
      [
       35.610144666850275,
       33.97300125141024
      ],
      [
       35.61012098941897,
       33.97300218644437
      ],
      [
       35.61011873442551,
       33.97299190106826
      ],
      [
       35.61010520446477,
       33.97299377113673
      ],
      [
       35.610098439484396,
       33.9729872258969
      ],
      [
       35.61009618449094,
       33.97297507045016
      ],
      [
       35.61010971445168,
       33.97296291500168
      ],
      [
       35.61011535193532,
       33.97296291500168
      ],
      [
       35.61011873442551,
       33.97295636975947
      ],
      [
       35.61013226438625,
       33.97295917486335
      ],
      [
       35.61012437190915,
       33.972953564655505
      ],
      [
       35.61013226438625,
       33.97294701941257
      ],
      [
       35.61012549940588,
       33.97294140920394
      ],
      [
       35.61012888189607,
       33.972936734029794
      ],
      [
       35.61013902936663,
       33.972936734029815
      ],
      [
       35.61013902936663,
       33.97293299389032
      ],
      [
       35.61014804934046,
       33.97293018878558
      ],
      [
       35.610151431830644,
       33.9729339289252
      ],
      [
       35.610154814320836,
       33.972924578575864
      ],
      [
       35.610160451804475,
       33.972925513610825
      ],
      [
       35.610161579301206,
       33.972929253750664
      ],
      [
       35.610181874242315,
       33.972924578575864
      ],
      [
       35.61018638422924,
       33.97293205885541
      ],
      [
       35.61019427670634,
       33.97292925375064
      ],
      [
       35.61018976671942,
       33.97295449969015
      ],
      [
       35.61020667917035,
       33.972980680656576
      ],
      [
       35.61020555167362,
       33.972994706170965
      ],
      [
       35.61019878669325,
       33.97299003099975
      ],
      [
       35.61018074674559,
       33.9729928361025
      ],
      [
       35.61018074674559,
       33.97301340685323
      ],
      [
       35.610190894216146,
       33.9730190170571
      ],
      [
       35.61018751172596,
       33.973022757192815
      ],
      [
       35.61018976671942,
       33.97303304256517
      ],
      [
       35.61019878669325,
       33.97303304256517
      ],
      [
       35.61020216918344,
       33.97302649732836
      ],
      [
       35.61020667917035,
       33.97302649732837
      ],
      [
       35.61020780666708,
       33.97303117249756
      ],
      [
       35.610181874242315,
       33.97306202860787
      ],
      [
       35.61017736425541,
       33.97306109357439
      ],
      [
       35.61017736425541,
       33.97305548337327
      ],
      [
       35.61016834428158,
       33.97305454833974
      ],
      [
       35.61016383429467,
       33.9730592235074
      ],
      [
       35.61016721678485,
       33.97306670377511
      ],
      [
       35.610160451804475,
       33.97306950887535
      ]
     ]
    ]
   },
   "properties": {
    "kind": "remove",
    "note": "",
    "source": "hand-drawn",
    "applied": "2026-09-09T09:39:02"
   }
  },
  {
   "type": "Feature",
   "geometry": {
    "type": "Polygon",
    "coordinates": [
     [
      [
       35.60988664627076,
       33.97336948239924
      ],
      [
       35.60994565486909,
       33.97328495709763
      ],
      [
       35.610119998455055,
       33.97309588703988
      ],
      [
       35.61019778251649,
       33.972986893521444
      ],
      [
       35.61022192239762,
       33.97297132300741
      ],
      [
       35.61028093099595,
       33.97300023967406
      ],
      [
       35.61028629541398,
       33.97302025889907
      ],
      [
       35.6102541089058,
       33.973053624263606
      ],
      [
       35.61018705368043,
       33.9731670664051
      ],
      [
       35.61011195182801,
       33.97323602135831
      ],
      [
       35.6100019812584,
       33.97337170674815
      ],
      [
       35.609956383705146,
       33.97339617458229
      ],
      [
       35.60991883277894,
       33.973393950234026
      ],
      [
       35.60988128185273,
       33.973376155445784
      ],
      [
       35.60988664627076,
       33.97336948239924
      ]
     ]
    ]
   },
   "properties": {
    "kind": "add",
    "note": "",
    "source": "hand-drawn",
    "applied": "2026-09-09T09:39:02"
   }
  },
  {
   "type": "Feature",
   "geometry": {
    "type": "Polygon",
    "coordinates": [
     [
      [
       35.60920207958503,
       33.973436976204965
      ],
      [
       35.60919080461775,
       33.97343043099922
      ],
      [
       35.60919080461775,
       33.97342388579301
      ],
      [
       35.609177274657014,
       33.97342108070447
      ],
      [
       35.609159234709345,
       33.973422950763506
      ],
      [
       35.609156979715884,
       33.97341827561584
      ],
      [
       35.609165999689715,
       33.973411730408685
      ],
      [
       35.60916374469626,
       33.97340612023072
      ],
      [
       35.60917276467009,
       33.97340518520103
      ],
      [
       35.60917840215374,
       33.97339863999285
      ],
      [
       35.60918403963738,
       33.97340144508214
      ],
      [
       35.60920095208831,
       33.973399575022626
      ],
      [
       35.60920095208831,
       33.97340331514161
      ],
      [
       35.60920884456541,
       33.97340425017132
      ],
      [
       35.609213354552324,
       33.973396769933295
      ],
      [
       35.60921109955886,
       33.97338648460492
      ],
      [
       35.60919869709485,
       33.973369654064925
      ],
      [
       35.60920433457849,
       33.97334627830936
      ],
      [
       35.609214482049055,
       33.97334347321827
      ],
      [
       35.609222374526155,
       33.97333038279194
      ],
      [
       35.609251689441095,
       33.97333225285298
      ],
      [
       35.60925619942802,
       33.97333879806626
      ],
      [
       35.60926634689857,
       33.97334066812709
      ],
      [
       35.60927085688549,
       33.97335095346099
      ],
      [
       35.609285514342965,
       33.97335282352158
      ],
      [
       35.60928776933642,
       33.97336030376347
      ],
      [
       35.60927762186586,
       33.97336778400471
      ],
      [
       35.60927987685932,
       33.97337619927531
      ],
      [
       35.60927311187895,
       33.973376199275314
      ],
      [
       35.609278749362595,
       33.9733883546647
      ],
      [
       35.60926972938876,
       33.97338835466472
      ],
      [
       35.6092674743953,
       33.97339302981403
      ],
      [
       35.60925732692474,
       33.97339676993328
      ],
      [
       35.609228012009794,
       33.973431366028635
      ],
      [
       35.609213354552324,
       33.97343043099923
      ],
      [
       35.60920997206214,
       33.97343417111686
      ],
      [
       35.60920095208831,
       33.97342762591092
      ],
      [
       35.60920095208831,
       33.973431366028656
      ],
      [
       35.60920771706868,
       33.973433236087466
      ],
      [
       35.60920207958503,
       33.973436976204965
      ]
     ]
    ]
   },
   "properties": {
    "kind": "remove",
    "note": "",
    "source": "hand-drawn",
    "applied": "2026-09-09T09:39:02"
   }
  },
  {
   "type": "Feature",
   "geometry": {
    "type": "Polygon",
    "coordinates": [
     [
      [
       35.60979008674622,
       33.973376155445784
      ],
      [
       35.60970157384873,
       33.97335391195525
      ],
      [
       35.609610378742225,
       33.97330497625562
      ],
      [
       35.60959696769715,
       33.973273835341175
      ],
      [
       35.609626471996314,
       33.97325381617586
      ],
      [
       35.60963451862336,
       33.97323157265335
      ],
      [
       35.60970157384873,
       33.973247143119735
      ],
      [
       35.6098034977913,
       33.97330275190496
      ],
      [
       35.609835684299476,
       33.97335168760589
      ],
      [
       35.60977935791016,
       33.97337393109701
      ],
      [
       35.60979008674622,
       33.973376155445784
      ]
     ]
    ]
   },
   "properties": {
    "kind": "add",
    "note": "",
    "source": "hand-drawn",
    "applied": "2026-09-09T09:39:02"
   }
  },
  {
   "type": "Feature",
   "geometry": {
    "type": "Polygon",
    "coordinates": [
     [
      [
       35.60976058244706,
       33.97323157265335
      ],
      [
       35.609835684299476,
       33.97317373946754
      ],
      [
       35.60985445976258,
       33.97314259850503
      ],
      [
       35.60977935791016,
       33.973089213971335
      ],
      [
       35.609725713729866,
       33.97306919476259
      ],
      [
       35.60970157384873,
       33.973082540902276
      ],
      [
       35.609637200832374,
       33.97318041252942
      ],
      [
       35.609768629074104,
       33.973238245710704
      ],
      [
       35.60976058244706,
       33.97323157265335
      ]
     ]
    ]
   },
   "properties": {
    "kind": "add",
    "note": "",
    "source": "hand-drawn",
    "applied": "2026-09-09T09:39:02"
   }
  },
  {
   "type": "Feature",
   "geometry": {
    "type": "Polygon",
    "coordinates": [
     [
      [
       35.609857141971595,
       33.97311590624237
      ],
      [
       35.609972476959236,
       33.973004688391136
      ],
      [
       35.60999125242234,
       33.97296464992909
      ],
      [
       35.60985445976258,
       33.972895694755806
      ],
      [
       35.60981690883637,
       33.97297132300741
      ],
      [
       35.609757900238044,
       33.973024707615096
      ],
      [
       35.60972839593888,
       33.97307141911933
      ],
      [
       35.60983836650849,
       33.97312702801949
      ],
      [
       35.609862506389625,
       33.97312702801949
      ],
      [
       35.60987055301667,
       33.97309811139596
      ],
      [
       35.609857141971595,
       33.97311590624237
      ]
     ]
    ]
   },
   "properties": {
    "kind": "add",
    "note": "",
    "source": "hand-drawn",
    "applied": "2026-09-09T09:39:02"
   }
  },
  {
   "type": "Feature",
   "geometry": {
    "type": "Polygon",
    "coordinates": [
     [
      [
       35.61013877391816,
       33.97299356659801
      ],
      [
       35.61003416776658,
       33.97292683580872
      ],
      [
       35.60994297266007,
       33.97290236783952
      ],
      [
       35.60990005731583,
       33.97287789986329
      ],
      [
       35.609878599643714,
       33.97287789986329
      ],
      [
       35.60984373092652,
       33.97292683580872
      ],
      [
       35.60977667570115,
       33.97297132300741
      ],
      [
       35.609749853611,
       33.97296464992909
      ],
      [
       35.609714984893806,
       33.972920162726915
      ],
      [
       35.609841048717506,
       33.97274888678124
      ],
      [
       35.60985982418061,
       33.97274443805078
      ],
      [
       35.61009049415589,
       33.97286900241564
      ],
      [
       35.61018973588944,
       33.97290236783952
      ],
      [
       35.61018437147141,
       33.97295130377087
      ],
      [
       35.61014950275422,
       33.97299801531543
      ],
      [
       35.61013877391816,
       33.97299356659801
      ]
     ]
    ]
   },
   "properties": {
    "kind": "add",
    "note": "",
    "source": "hand-drawn",
    "applied": "2026-09-09T09:39:02"
   }
  },
  {
   "type": "Feature",
   "geometry": {
    "type": "Polygon",
    "coordinates": [
     [
      [
       35.609594285488136,
       33.97321600218412
      ],
      [
       35.60948699712754,
       33.973169290759294
      ],
      [
       35.60948163270951,
       33.97315372027864
      ],
      [
       35.6094977259636,
       33.973129252374754
      ],
      [
       35.60955405235291,
       33.9731092331754
      ],
      [
       35.60955673456193,
       33.97303582940415
      ],
      [
       35.60964524745942,
       33.97301136146632
      ],
      [
       35.60971230268479,
       33.97306697040577
      ],
      [
       35.60969889163972,
       33.97309811139596
      ],
      [
       35.609621107578285,
       33.9731670664051
      ],
      [
       35.60959160327912,
       33.97321600218412
      ],
      [
       35.609594285488136,
       33.97321600218412
      ]
     ]
    ]
   },
   "properties": {
    "kind": "add",
    "note": "",
    "source": "hand-drawn",
    "applied": "2026-09-09T09:39:02"
   }
  },
  {
   "type": "Feature",
   "geometry": {
    "type": "Polygon",
    "coordinates": [
     [
      [
       35.61052232980729,
       33.97315372027864
      ],
      [
       35.610581338405616,
       33.97313814979516
      ],
      [
       35.61058402061463,
       33.97311368188677
      ],
      [
       35.61053037643433,
       33.97311813059791
      ],
      [
       35.610519647598274,
       33.97314259850503
      ],
      [
       35.61052232980729,
       33.97315372027864
      ]
     ]
    ]
   },
   "properties": {
    "kind": "add",
    "note": "",
    "source": "hand-drawn",
    "applied": "2026-09-09T09:39:02"
   }
  },
  {
   "type": "Feature",
   "geometry": {
    "type": "Polygon",
    "coordinates": [
     [
      [
       35.610514283180244,
       33.97312702801949
      ],
      [
       35.610503554344184,
       33.97310478446379
      ],
      [
       35.61053037643433,
       33.97308698961505
      ],
      [
       35.61054646968842,
       33.97311368188677
      ],
      [
       35.61052232980729,
       33.97312702801949
      ],
      [
       35.610514283180244,
       33.97312702801949
      ]
     ]
    ]
   },
   "properties": {
    "kind": "add",
    "note": "",
    "source": "hand-drawn",
    "applied": "2026-09-09T09:39:02"
   }
  },
  {
   "type": "Feature",
   "geometry": {
    "type": "Polygon",
    "coordinates": [
     [
      [
       35.61041235923768,
       33.97310478446379
      ],
      [
       35.610503554344184,
       33.97310256010789
      ],
      [
       35.610498189926155,
       33.973078092189276
      ],
      [
       35.61043113470078,
       33.973078092189276
      ],
      [
       35.61042308807374,
       33.97309143832759
      ],
      [
       35.61041235923768,
       33.97310478446379
      ]
     ]
    ]
   },
   "properties": {
    "kind": "add",
    "note": "",
    "source": "hand-drawn",
    "applied": "2026-09-09T09:39:02"
   }
  },
  {
   "type": "Feature",
   "geometry": {
    "type": "Polygon",
    "coordinates": [
     [
      [
       35.608245134353645,
       33.97196813102185
      ],
      [
       35.60828536748887,
       33.97194143839052
      ],
      [
       35.60825318098069,
       33.97192141891153
      ],
      [
       35.60822099447251,
       33.971959233479005
      ],
      [
       35.608245134353645,
       33.97197035540742
      ],
      [
       35.608245134353645,
       33.97196813102185
      ]
     ]
    ]
   },
   "properties": {
    "kind": "add",
    "note": "",
    "source": "hand-drawn",
    "applied": "2026-09-09T09:39:02"
   }
  },
  {
   "type": "Feature",
   "geometry": {
    "type": "Polygon",
    "coordinates": [
     [
      [
       35.615383016652075,
       33.98633659748984
      ],
      [
       35.615357084227306,
       33.98631696485054
      ],
      [
       35.615341299273105,
       33.98629546243085
      ],
      [
       35.61533904427965,
       33.986279569334556
      ],
      [
       35.615342426769836,
       33.986262741347005
      ],
      [
       35.61534693675675,
       33.98625806690542
      ],
      [
       35.61535370173712,
       33.986258066905414
      ],
      [
       35.61536272171095,
       33.98624778313303
      ],
      [
       35.61535821172404,
       33.98624030402505
      ],
      [
       35.6153683591946,
       33.98622628069585
      ],
      [
       35.61539429161936,
       33.986220671363526
      ],
      [
       35.61539316412264,
       33.98621786669722
      ],
      [
       35.61537963416188,
       33.98621786669722
      ],
      [
       35.61538076165862,
       33.986214127142
      ],
      [
       35.61543488150159,
       33.986214127142
      ],
      [
       35.61543262650814,
       33.98622160625226
      ],
      [
       35.6154585589329,
       33.98622441091845
      ],
      [
       35.61546306891981,
       33.986230955139185
      ],
      [
       35.61545179395253,
       33.98624404357914
      ],
      [
       35.61545630393944,
       33.986249652909926
      ],
      [
       35.61544953895907,
       33.98625713201707
      ],
      [
       35.61544953895907,
       33.98626367623528
      ],
      [
       35.61543149901141,
       33.9862618064587
      ],
      [
       35.61541909654739,
       33.98625152268678
      ],
      [
       35.615412331567015,
       33.98625152268678
      ],
      [
       35.61539541911609,
       33.986242173802125
      ],
      [
       35.61537963416188,
       33.98624778313301
      ],
      [
       35.61537286918151,
       33.986257132017066
      ],
      [
       35.61536159421423,
       33.98626367623529
      ],
      [
       35.61536159421423,
       33.98627022045299
      ],
      [
       35.615373996678244,
       33.98628424377495
      ],
      [
       35.615403311593184,
       33.98629639731879
      ],
      [
       35.615404439089914,
       33.98630481130966
      ],
      [
       35.6154078215801,
       33.98630574619747
      ],
      [
       35.615406694083376,
       33.986300136870376
      ],
      [
       35.61541007657356,
       33.98629920198249
      ],
      [
       35.61541120407029,
       33.98630574619749
      ],
      [
       35.61542360653431,
       33.98630668108529
      ],
      [
       35.61540894907683,
       33.98631416018741
      ],
      [
       35.615403311593184,
       33.98632724861456
      ],
      [
       35.615389781632445,
       33.98633005327725
      ],
      [
       35.615390909129175,
       33.98633566260235
      ],
      [
       35.615383016652075,
       33.98633659748984
      ]
     ]
    ]
   },
   "properties": {
    "kind": "remove",
    "note": "",
    "source": "hand-drawn",
    "applied": "2026-09-09T09:39:02"
   }
  },
  {
   "type": "Feature",
   "geometry": {
    "type": "Polygon",
    "coordinates": [
     [
      [
       35.615245462051156,
       33.98626554601183
      ],
      [
       35.61523080459368,
       33.986252457575176
      ],
      [
       35.61522291211658,
       33.98625058779835
      ],
      [
       35.615227422103494,
       33.98624123891359
      ],
      [
       35.615215019639486,
       33.986236564470836
      ],
      [
       35.61520938215584,
       33.98623002025054
      ],
      [
       35.61519810718855,
       33.98623189002782
      ],
      [
       35.61520261717547,
       33.986223476029735
      ],
      [
       35.6151845772278,
       33.986214127142
      ],
      [
       35.615245462051156,
       33.986214127142006
      ],
      [
       35.61525222703153,
       33.98621599691963
      ],
      [
       35.61525222703153,
       33.986219736474766
      ],
      [
       35.615245462051156,
       33.986225345807156
      ],
      [
       35.61524095206424,
       33.98622441091845
      ],
      [
       35.6152353145806,
       33.98623375980505
      ],
      [
       35.61525560952172,
       33.98623282491644
      ],
      [
       35.61526237450209,
       33.98622908536188
      ],
      [
       35.615272521972656,
       33.98623282491644
      ],
      [
       35.615272521972656,
       33.9862412389136
      ],
      [
       35.61526575699228,
       33.986247783133024
      ],
      [
       35.61525222703153,
       33.98624684824458
      ],
      [
       35.61524771704462,
       33.986250587798345
      ],
      [
       35.61524997203807,
       33.986264611123566
      ],
      [
       35.615245462051156,
       33.98626554601183
      ]
     ]
    ]
   },
   "properties": {
    "kind": "remove",
    "note": "",
    "source": "hand-drawn",
    "applied": "2026-09-09T09:39:02"
   }
  },
  {
   "type": "Feature",
   "geometry": {
    "type": "Polygon",
    "coordinates": [
     [
      [
       35.615226294606764,
       33.98617299202375
      ],
      [
       35.61520712716239,
       33.986169252466546
      ],
      [
       35.61520938215584,
       33.986158968683434
      ],
      [
       35.61519585219509,
       33.986158033793984
      ],
      [
       35.61519585219509,
       33.98613933600309
      ],
      [
       35.61519246970491,
       33.98613746622377
      ],
      [
       35.61518908721472,
       33.986141205782374
      ],
      [
       35.61518683222126,
       33.986138401113436
      ],
      [
       35.61519134220818,
       33.98613653133411
      ],
      [
       35.61519134220818,
       33.986129987106104
      ],
      [
       35.61520148967874,
       33.98613185688558
      ],
      [
       35.615205999665655,
       33.986129052216356
      ],
      [
       35.61520938215584,
       33.986117833538465
      ],
      [
       35.615234187083864,
       33.98612157309794
      ],
      [
       35.61523080459368,
       33.98612811732658
      ],
      [
       35.61523193209041,
       33.98615148956764
      ],
      [
       35.61524884454135,
       33.98616364313045
      ],
      [
       35.61524658954789,
       33.98617112224517
      ],
      [
       35.61523080459368,
       33.98616177335167
      ],
      [
       35.61523305958714,
       33.98615522912562
      ],
      [
       35.615219529626394,
       33.98615616401509
      ],
      [
       35.61522403961331,
       33.98616270824106
      ],
      [
       35.61523193209041,
       33.986165512909196
      ],
      [
       35.615226294606764,
       33.98617299202375
      ]
     ]
    ]
   },
   "properties": {
    "kind": "remove",
    "note": "",
    "source": "hand-drawn",
    "applied": "2026-09-09T09:39:02"
   }
  },
  {
   "type": "Feature",
   "geometry": {
    "type": "Polygon",
    "coordinates": [
     [
      [
       35.615234187083864,
       33.98620477825324
      ],
      [
       35.615205999665655,
       33.986202908475356
      ],
      [
       35.61521840212967,
       33.986201038697445
      ],
      [
       35.61521727463294,
       33.986190754918155
      ],
      [
       35.615226294606764,
       33.98618140602683
      ],
      [
       35.615227422103494,
       33.986197299141494
      ],
      [
       35.615234187083864,
       33.98620477825324
      ]
     ]
    ]
   },
   "properties": {
    "kind": "remove",
    "note": "",
    "source": "hand-drawn",
    "applied": "2026-09-09T09:39:02"
   }
  },
  {
   "type": "Feature",
   "geometry": {
    "type": "Polygon",
    "coordinates": [
     [
      [
       35.615134967371745,
       33.98590467837753
      ],
      [
       35.61512030991427,
       33.98588130606861
      ],
      [
       35.61512481990118,
       33.98587289203581
      ],
      [
       35.61511918241754,
       33.98587008735803
      ],
      [
       35.61512030991427,
       33.98586167332412
      ],
      [
       35.61510452496006,
       33.98585512907496
      ],
      [
       35.61512256490772,
       33.98585512907496
      ],
      [
       35.61512707489464,
       33.9858513895038
      ],
      [
       35.615121437411,
       33.9858373661104
      ],
      [
       35.61511354493389,
       33.98583269164543
      ],
      [
       35.615142859848845,
       33.98582614739403
      ],
      [
       35.61514736983577,
       33.98583456143146
      ],
      [
       35.615141732352114,
       33.985837366110395
      ],
      [
       35.615157517306315,
       33.98584391036094
      ],
      [
       35.61515413481613,
       33.98583643121742
      ],
      [
       35.61515977229977,
       33.98583736611042
      ],
      [
       35.61516202729322,
       33.98585512907497
      ],
      [
       35.61518683222126,
       33.9858569988605
      ],
      [
       35.61519472469836,
       33.98587663160604
      ],
      [
       35.61520036218201,
       33.985880371176115
      ],
      [
       35.61519359720164,
       33.98588598053092
      ],
      [
       35.61517893974416,
       33.98588598053092
      ],
      [
       35.6151608997965,
       33.985879436283604
      ],
      [
       35.61515864480304,
       33.98588411074602
      ],
      [
       35.615150752325945,
       33.98588504563849
      ],
      [
       35.615150752325945,
       33.98589065499295
      ],
      [
       35.615141732352114,
       33.98589532945474
      ],
      [
       35.615134967371745,
       33.98590467837753
      ]
     ]
    ]
   },
   "properties": {
    "kind": "remove",
    "note": "",
    "source": "hand-drawn",
    "applied": "2026-09-09T09:39:02"
   }
  },
  {
   "type": "Feature",
   "geometry": {
    "type": "Polygon",
    "coordinates": [
     [
      [
       35.615095504986236,
       33.985900938808555
      ],
      [
       35.61508310252222,
       33.98588785031575
      ],
      [
       35.615079720032035,
       33.98588785031576
      ],
      [
       35.615079720032035,
       33.98589252477772
      ],
      [
       35.61507633754185,
       33.98589065499295
      ],
      [
       35.615077465038574,
       33.9858803711761
      ],
      [
       35.615069572561474,
       33.98588317585357
      ],
      [
       35.615078592535305,
       33.98586541289487
      ],
      [
       35.615087612509136,
       33.98585980353869
      ],
      [
       35.615086485012405,
       33.98585512907497
      ],
      [
       35.61509663248296,
       33.98585606396773
      ],
      [
       35.615095504986236,
       33.98587195714323
      ],
      [
       35.61511128994044,
       33.9858738269284
      ],
      [
       35.61509663248296,
       33.9858822409611
      ],
      [
       35.615100014973144,
       33.98590000391628
      ],
      [
       35.615095504986236,
       33.985900938808555
      ]
     ]
    ]
   },
   "properties": {
    "kind": "remove",
    "note": "",
    "source": "hand-drawn",
    "applied": "2026-09-09T09:39:02"
   }
  },
  {
   "type": "Feature",
   "geometry": {
    "type": "Polygon",
    "coordinates": [
     [
      [
       35.61546306891981,
       33.98643569550472
      ],
      [
       35.615439391488515,
       33.986431955959084
      ],
      [
       35.61542924401795,
       33.98642541175382
      ],
      [
       35.61544164648197,
       33.9864207373212
      ],
      [
       35.61544953895907,
       33.986406714021754
      ],
      [
       35.61545630393944,
       33.98640764890846
      ],
      [
       35.61546194142308,
       33.986418867548075
      ],
      [
       35.61546194142308,
       33.986421672207726
      ],
      [
       35.61545066645581,
       33.98642447686733
      ],
      [
       35.61547321639037,
       33.98642541175384
      ],
      [
       35.61546645140999,
       33.98642634664033
      ],
      [
       35.61546306891981,
       33.98643569550472
      ]
     ]
    ]
   },
   "properties": {
    "kind": "remove",
    "note": "",
    "source": "hand-drawn",
    "applied": "2026-09-09T09:39:02"
   }
  },
  {
   "type": "Feature",
   "geometry": {
    "type": "Polygon",
    "coordinates": [
     [
      [
       35.61614971442762,
       33.98633846726477
      ],
      [
       35.61613392947342,
       33.98633940215222
      ],
      [
       35.61613392947342,
       33.98633659748984
      ],
      [
       35.61614069445379,
       33.98633659748984
      ],
      [
       35.61614182195052,
       33.986331923052326
      ],
      [
       35.61614294944725,
       33.98633566260236
      ],
      [
       35.616144076943975,
       33.986331923052326
      ],
      [
       35.61615084192435,
       33.986332857939836
      ],
      [
       35.6161485869309,
       33.98632350906413
      ],
      [
       35.61614294944725,
       33.986323509064135
      ],
      [
       35.616146331937436,
       33.98632818350212
      ],
      [
       35.616138439460336,
       33.986328183502124
      ],
      [
       35.61613618446688,
       33.98633472771487
      ],
      [
       35.61612716449305,
       33.98633005327724
      ],
      [
       35.616123782002866,
       33.986337532377306
      ],
      [
       35.61610912454539,
       33.98633285793984
      ],
      [
       35.616089957101,
       33.98633379282736
      ],
      [
       35.61608657461081,
       33.98633846726478
      ],
      [
       35.616059514689326,
       33.98633846726478
      ],
      [
       35.616043729735125,
       33.98633379282736
      ],
      [
       35.61603358226456,
       33.986324443951766
      ],
      [
       35.6160155423169,
       33.98632350906414
      ],
      [
       35.61601328732344,
       33.98631976951358
      ],
      [
       35.616017797310356,
       33.98631602996284
      ],
      [
       35.61600990483326,
       33.98630855086088
      ],
      [
       35.615996374872516,
       33.98630668108529
      ],
      [
       35.61600877733653,
       33.98630668108529
      ],
      [
       35.616011032329986,
       33.98630294153398
      ],
      [
       35.6161643718851,
       33.98630574619748
      ],
      [
       35.616168881872014,
       33.98630668108529
      ],
      [
       35.61616549938183,
       33.986309485748656
      ],
      [
       35.61617339185893,
       33.98631976951358
      ],
      [
       35.61618917681313,
       33.986319769513585
      ],
      [
       35.616193686800045,
       33.98632444395177
      ],
      [
       35.616201579277146,
       33.986324443951766
      ],
      [
       35.61619819678696,
       33.98633005327724
      ],
      [
       35.61618128433604,
       33.986329118389676
      ],
      [
       35.61617564685239,
       33.986324443951766
      ],
      [
       35.6161643718851,
       33.98633005327724
      ],
      [
       35.61616324438837,
       33.986312290411945
      ],
      [
       35.61615084192435,
       33.986308550860876
      ],
      [
       35.61615760690472,
       33.98631322529968
      ],
      [
       35.616153096917806,
       33.9863188346259
      ],
      [
       35.61615873440145,
       33.98632724861456
      ],
      [
       35.61615535191127,
       33.986332857939836
      ],
      [
       35.61615873440145,
       33.98633753237731
      ],
      [
       35.61615196942108,
       33.986334727714855
      ],
      [
       35.61614971442762,
       33.98633846726477
      ]
     ]
    ]
   },
   "properties": {
    "kind": "remove",
    "note": "",
    "source": "hand-drawn",
    "applied": "2026-09-09T09:39:02"
   }
  },
  {
   "type": "Feature",
   "geometry": {
    "type": "Polygon",
    "coordinates": [
     [
      [
       35.61624442415284,
       33.98634127192711
      ],
      [
       35.61622412921172,
       33.98634033703967
      ],
      [
       35.61621961922481,
       33.98633285793984
      ],
      [
       35.616209471754246,
       33.98633098816479
      ],
      [
       35.616206089264054,
       33.98631976951358
      ],
      [
       35.61621398174116,
       33.986316029962836
      ],
      [
       35.61621285424443,
       33.98631042063643
      ],
      [
       35.61622976669537,
       33.98630294153398
      ],
      [
       35.61624442415284,
       33.98630200664613
      ],
      [
       35.6162466791463,
       33.98629265776702
      ],
      [
       35.61625569912013,
       33.98628704843907
      ],
      [
       35.61627486656451,
       33.98629920198249
      ],
      [
       35.61627486656451,
       33.98629639731879
      ],
      [
       35.61628388653834,
       33.9862945275429
      ],
      [
       35.61628839652526,
       33.986285178662996
      ],
      [
       35.61628952402199,
       33.986292657767024
      ],
      [
       35.61629628900236,
       33.98629172287905
      ],
      [
       35.6162940340089,
       33.98629826709461
      ],
      [
       35.616298543995825,
       33.98630294153397
      ],
      [
       35.61628163154489,
       33.98630387642182
      ],
      [
       35.61629741649909,
       33.986306681085274
      ],
      [
       35.616298543995825,
       33.986314160187405
      ],
      [
       35.616304181479464,
       33.986315095075135
      ],
      [
       35.61630756396965,
       33.986320704401244
      ],
      [
       35.61629741649909,
       33.98632724861455
      ],
      [
       35.61628952402199,
       33.98632537883937
      ],
      [
       35.61628388653834,
       33.98633379282737
      ],
      [
       35.616272611571056,
       33.986334727714855
      ],
      [
       35.616265846590686,
       33.986330988164774
      ],
      [
       35.616263591597225,
       33.986337532377306
      ],
      [
       35.616251189133216,
       33.98633753237732
      ],
      [
       35.616247806643024,
       33.986332857939836
      ],
      [
       35.616248934139755,
       33.98633753237731
      ],
      [
       35.61624442415284,
       33.98634127192711
      ]
     ]
    ]
   },
   "properties": {
    "kind": "remove",
    "note": "",
    "source": "hand-drawn",
    "applied": "2026-09-09T09:39:02"
   }
  },
  {
   "type": "Feature",
   "geometry": {
    "type": "Polygon",
    "coordinates": [
     [
      [
       35.61628952402199,
       33.986285178663
      ],
      [
       35.61628275904162,
       33.98627769955832
      ],
      [
       35.6162861415318,
       33.98626741578833
      ],
      [
       35.61626471909395,
       33.98626367623528
      ],
      [
       35.616262464100494,
       33.98625619712872
      ],
      [
       35.61625569912013,
       33.986253392463574
      ],
      [
       35.61626020910704,
       33.986249652909926
      ],
      [
       35.61625231662994,
       33.98624310869064
      ],
      [
       35.616247806643024,
       33.98624497846763
      ],
      [
       35.616247806643024,
       33.986241238913586
      ],
      [
       35.61628952402199,
       33.98623189002782
      ],
      [
       35.61629290651218,
       33.98623749935942
      ],
      [
       35.61630079898927,
       33.986235629582225
      ],
      [
       35.61630192648601,
       33.986244978467646
      ],
      [
       35.61629741649909,
       33.98624123891359
      ],
      [
       35.61628275904162,
       33.98624123891359
      ],
      [
       35.61628275904162,
       33.98624497846763
      ],
      [
       35.61628952402199,
       33.98624310869063
      ],
      [
       35.61628952402199,
       33.986246848244576
      ],
      [
       35.61628163154489,
       33.98625526224034
      ],
      [
       35.616304181479464,
       33.98625526224034
      ],
      [
       35.61630305398273,
       33.98625806690542
      ],
      [
       35.61630643647292,
       33.98625806690542
      ],
      [
       35.61630981896311,
       33.98625432735198
      ],
      [
       35.61632447642058,
       33.986255262240334
      ],
      [
       35.61632447642058,
       33.986262741347
      ],
      [
       35.61631094645983,
       33.98626554601182
      ],
      [
       35.616312073956564,
       33.98627582978206
      ],
      [
       35.61628952402199,
       33.986285178663
      ]
     ]
    ]
   },
   "properties": {
    "kind": "remove",
    "note": "",
    "source": "hand-drawn",
    "applied": "2026-09-09T09:39:02"
   }
  },
  {
   "type": "Feature",
   "geometry": {
    "type": "Polygon",
    "coordinates": [
     [
      [
       35.61626020910704,
       33.98623282491644
      ],
      [
       35.61625569912013,
       33.986229085361884
      ],
      [
       35.616257954113586,
       33.98621412714199
      ],
      [
       35.61628501403507,
       33.986214127142
      ],
      [
       35.616273739067786,
       33.986230020250545
      ],
      [
       35.61626020910704,
       33.98623282491644
      ]
     ]
    ]
   },
   "properties": {
    "kind": "remove",
    "note": "",
    "source": "hand-drawn",
    "applied": "2026-09-09T09:39:02"
   }
  },
  {
   "type": "Feature",
   "geometry": {
    "type": "Polygon",
    "coordinates": [
     [
      [
       35.61608544711408,
       33.986301071758255
      ],
      [
       35.616059514689326,
       33.98629826709461
      ],
      [
       35.61605387720569,
       33.986294527542924
      ],
      [
       35.61607191715334,
       33.98628985310309
      ],
      [
       35.61609672208137,
       33.986297332206696
      ],
      [
       35.61608544711408,
       33.986301071758255
      ]
     ]
    ]
   },
   "properties": {
    "kind": "remove",
    "note": "",
    "source": "hand-drawn",
    "applied": "2026-09-09T09:39:02"
   }
  },
  {
   "type": "Feature",
   "geometry": {
    "type": "Polygon",
    "coordinates": [
     [
      [
       35.61653080832194,
       33.98639082094628
      ],
      [
       35.61652968082521,
       33.98638801628557
      ],
      [
       35.61650600339391,
       33.98638614651173
      ],
      [
       35.61650600339391,
       33.98637118831948
      ],
      [
       35.61649923841353,
       33.98636370922238
      ],
      [
       35.616503748400454,
       33.98635809989911
      ],
      [
       35.61651389587101,
       33.986356230124606
      ],
      [
       35.61651615086446,
       33.98636090456078
      ],
      [
       35.616526298335025,
       33.986361839447994
      ],
      [
       35.61652855332848,
       33.986372123206564
      ],
      [
       35.61653080832194,
       33.98636090456076
      ],
      [
       35.6165330633154,
       33.98636090456079
      ],
      [
       35.61653531830885,
       33.98638801628557
      ],
      [
       35.61653080832194,
       33.98639082094628
      ]
     ]
    ]
   },
   "properties": {
    "kind": "remove",
    "note": "",
    "source": "hand-drawn",
    "applied": "2026-09-09T09:39:02"
   }
  },
  {
   "type": "Feature",
   "geometry": {
    "type": "Polygon",
    "coordinates": [
     [
      [
       35.616393253721036,
       33.98630481130965
      ],
      [
       35.61639663621122,
       33.98628798332708
      ],
      [
       35.61640227369486,
       33.98628798332709
      ],
      [
       35.616400018701405,
       33.9862973322067
      ],
      [
       35.61641693115234,
       33.986297332206696
      ],
      [
       35.61642144113925,
       33.98630200664612
      ],
      [
       35.61642144113925,
       33.98630481130965
      ],
      [
       35.616393253721036,
       33.98630481130965
      ]
     ]
    ]
   },
   "properties": {
    "kind": "remove",
    "note": "",
    "source": "hand-drawn",
    "applied": "2026-09-09T09:39:02"
   }
  },
  {
   "type": "Feature",
   "geometry": {
    "type": "Polygon",
    "coordinates": [
     [
      [
       35.61656801571399,
       33.98655068645263
      ],
      [
       35.61655448575324,
       33.986545077141706
      ],
      [
       35.61655335825652,
       33.9865375980599
      ],
      [
       35.616566888217264,
       33.98652637943596
      ],
      [
       35.616566888217264,
       33.98651890035249
      ],
      [
       35.61657365319763,
       33.986511421268396
      ],
      [
       35.61657929068127,
       33.98651703058153
      ],
      [
       35.616580418178,
       33.98653479340404
      ],
      [
       35.61659394813874,
       33.98653292363343
      ],
      [
       35.61659394813874,
       33.986527314321336
      ],
      [
       35.61660296811258,
       33.9865226398943
      ],
      [
       35.616604095609304,
       33.98651516081051
      ],
      [
       35.61661198808641,
       33.9865189003525
      ],
      [
       35.61660860559623,
       33.98652357477974
      ],
      [
       35.61661086058968,
       33.986533858518754
      ],
      [
       35.61660071311912,
       33.98654414225651
      ],
      [
       35.616591693145295,
       33.98654227248608
      ],
      [
       35.616589438151834,
       33.9865497515675
      ],
      [
       35.61656801571399,
       33.98655068645263
      ]
     ]
    ]
   },
   "properties": {
    "kind": "remove",
    "note": "",
    "source": "hand-drawn",
    "applied": "2026-09-09T09:39:02"
   }
  },
  {
   "type": "Feature",
   "geometry": {
    "type": "Polygon",
    "coordinates": [
     [
      [
       35.615095504986236,
       33.985900938808555
      ],
      [
       35.61508310252222,
       33.98588785031575
      ],
      [
       35.615079720032035,
       33.98588785031576
      ],
      [
       35.615079720032035,
       33.98589252477772
      ],
      [
       35.61507633754185,
       33.98589065499295
      ],
      [
       35.615077465038574,
       33.9858803711761
      ],
      [
       35.615069572561474,
       33.98588317585357
      ],
      [
       35.615078592535305,
       33.98586541289487
      ],
      [
       35.615087612509136,
       33.98585980353869
      ],
      [
       35.615086485012405,
       33.98585512907497
      ],
      [
       35.61509663248296,
       33.98585606396773
      ],
      [
       35.615095504986236,
       33.98587195714323
      ],
      [
       35.61511128994044,
       33.9858738269284
      ],
      [
       35.61509663248296,
       33.9858822409611
      ],
      [
       35.615100014973144,
       33.98590000391628
      ],
      [
       35.615095504986236,
       33.985900938808555
      ]
     ]
    ]
   },
   "properties": {
    "kind": "remove",
    "note": "",
    "source": "hand-drawn",
    "applied": "2026-09-09T09:39:02"
   }
  },
  {
   "type": "Feature",
   "geometry": {
    "type": "Polygon",
    "coordinates": [
     [
      [
       35.615134967371745,
       33.98590467837753
      ],
      [
       35.61512030991427,
       33.98588130606861
      ],
      [
       35.61512481990118,
       33.98587289203581
      ],
      [
       35.61511918241754,
       33.98587008735803
      ],
      [
       35.61512030991427,
       33.98586167332412
      ],
      [
       35.61510452496006,
       33.98585512907496
      ],
      [
       35.61512256490772,
       33.98585512907496
      ],
      [
       35.61512707489464,
       33.9858513895038
      ],
      [
       35.615121437411,
       33.9858373661104
      ],
      [
       35.61511354493389,
       33.98583269164543
      ],
      [
       35.615142859848845,
       33.98582614739403
      ],
      [
       35.61514736983577,
       33.98583456143146
      ],
      [
       35.615141732352114,
       33.985837366110395
      ],
      [
       35.615157517306315,
       33.98584391036094
      ],
      [
       35.61515413481613,
       33.98583643121742
      ],
      [
       35.61515977229977,
       33.98583736611042
      ],
      [
       35.61516202729322,
       33.98585512907497
      ],
      [
       35.61518683222126,
       33.9858569988605
      ],
      [
       35.61519472469836,
       33.98587663160604
      ],
      [
       35.61520036218201,
       33.985880371176115
      ],
      [
       35.61519359720164,
       33.98588598053092
      ],
      [
       35.61517893974416,
       33.98588598053092
      ],
      [
       35.6151608997965,
       33.985879436283604
      ],
      [
       35.61515864480304,
       33.98588411074602
      ],
      [
       35.615150752325945,
       33.98588504563849
      ],
      [
       35.615150752325945,
       33.98589065499295
      ],
      [
       35.615141732352114,
       33.98589532945474
      ],
      [
       35.615134967371745,
       33.98590467837753
      ]
     ]
    ]
   },
   "properties": {
    "kind": "remove",
    "note": "",
    "source": "hand-drawn",
    "applied": "2026-09-09T09:39:02"
   }
  },
  {
   "type": "Feature",
   "geometry": {
    "type": "Polygon",
    "coordinates": [
     [
      [
       35.615245462051156,
       33.98626554601183
      ],
      [
       35.61523080459368,
       33.986252457575176
      ],
      [
       35.61522291211658,
       33.98625058779835
      ],
      [
       35.615227422103494,
       33.98624123891359
      ],
      [
       35.615215019639486,
       33.986236564470836
      ],
      [
       35.61520938215584,
       33.98623002025054
      ],
      [
       35.61519810718855,
       33.98623189002782
      ],
      [
       35.61520261717547,
       33.986223476029735
      ],
      [
       35.6151845772278,
       33.986214127142
      ],
      [
       35.615245462051156,
       33.986214127142006
      ],
      [
       35.61525222703153,
       33.98621599691963
      ],
      [
       35.61525222703153,
       33.986219736474766
      ],
      [
       35.615245462051156,
       33.986225345807156
      ],
      [
       35.61524095206424,
       33.98622441091845
      ],
      [
       35.6152353145806,
       33.98623375980505
      ],
      [
       35.61525560952172,
       33.98623282491644
      ],
      [
       35.61526237450209,
       33.98622908536188
      ],
      [
       35.615272521972656,
       33.98623282491644
      ],
      [
       35.615272521972656,
       33.9862412389136
      ],
      [
       35.61526575699228,
       33.986247783133024
      ],
      [
       35.61525222703153,
       33.98624684824458
      ],
      [
       35.61524771704462,
       33.986250587798345
      ],
      [
       35.61524997203807,
       33.986264611123566
      ],
      [
       35.615245462051156,
       33.98626554601183
      ]
     ]
    ]
   },
   "properties": {
    "kind": "remove",
    "note": "",
    "source": "hand-drawn",
    "applied": "2026-09-09T09:39:02"
   }
  },
  {
   "type": "Feature",
   "geometry": {
    "type": "Polygon",
    "coordinates": [
     [
      [
       35.615234187083864,
       33.98620477825324
      ],
      [
       35.615205999665655,
       33.986202908475356
      ],
      [
       35.61521840212967,
       33.986201038697445
      ],
      [
       35.61521727463294,
       33.986190754918155
      ],
      [
       35.615226294606764,
       33.98618140602683
      ],
      [
       35.615227422103494,
       33.986197299141494
      ],
      [
       35.615234187083864,
       33.98620477825324
      ]
     ]
    ]
   },
   "properties": {
    "kind": "remove",
    "note": "",
    "source": "hand-drawn",
    "applied": "2026-09-09T09:39:02"
   }
  },
  {
   "type": "Feature",
   "geometry": {
    "type": "Polygon",
    "coordinates": [
     [
      [
       35.615226294606764,
       33.98617299202375
      ],
      [
       35.61520712716239,
       33.986169252466546
      ],
      [
       35.61520938215584,
       33.986158968683434
      ],
      [
       35.61519585219509,
       33.986158033793984
      ],
      [
       35.61519585219509,
       33.98613933600309
      ],
      [
       35.61519246970491,
       33.98613746622377
      ],
      [
       35.61518908721472,
       33.986141205782374
      ],
      [
       35.61518683222126,
       33.986138401113436
      ],
      [
       35.61519134220818,
       33.98613653133411
      ],
      [
       35.61519134220818,
       33.986129987106104
      ],
      [
       35.61520148967874,
       33.98613185688558
      ],
      [
       35.615205999665655,
       33.986129052216356
      ],
      [
       35.61520938215584,
       33.986117833538465
      ],
      [
       35.615234187083864,
       33.98612157309794
      ],
      [
       35.61523080459368,
       33.98612811732658
      ],
      [
       35.61523193209041,
       33.98615148956764
      ],
      [
       35.61524884454135,
       33.98616364313045
      ],
      [
       35.61524658954789,
       33.98617112224517
      ],
      [
       35.61523080459368,
       33.98616177335167
      ],
      [
       35.61523305958714,
       33.98615522912562
      ],
      [
       35.615219529626394,
       33.98615616401509
      ],
      [
       35.61522403961331,
       33.98616270824106
      ],
      [
       35.61523193209041,
       33.986165512909196
      ],
      [
       35.615226294606764,
       33.98617299202375
      ]
     ]
    ]
   },
   "properties": {
    "kind": "remove",
    "note": "",
    "source": "hand-drawn",
    "applied": "2026-09-09T09:39:02"
   }
  },
  {
   "type": "Feature",
   "geometry": {
    "type": "Polygon",
    "coordinates": [
     [
      [
       35.615383016652075,
       33.98633659748984
      ],
      [
       35.615357084227306,
       33.98631696485054
      ],
      [
       35.615341299273105,
       33.98629546243085
      ],
      [
       35.61533904427965,
       33.986279569334556
      ],
      [
       35.615342426769836,
       33.986262741347005
      ],
      [
       35.61534693675675,
       33.98625806690542
      ],
      [
       35.61535370173712,
       33.986258066905414
      ],
      [
       35.61536272171095,
       33.98624778313303
      ],
      [
       35.61535821172404,
       33.98624030402505
      ],
      [
       35.6153683591946,
       33.98622628069585
      ],
      [
       35.61539429161936,
       33.986220671363526
      ],
      [
       35.61539316412264,
       33.98621786669722
      ],
      [
       35.61537963416188,
       33.98621786669722
      ],
      [
       35.61538076165862,
       33.986214127142
      ],
      [
       35.61543488150159,
       33.986214127142
      ],
      [
       35.61543262650814,
       33.98622160625226
      ],
      [
       35.6154585589329,
       33.98622441091845
      ],
      [
       35.61546306891981,
       33.986230955139185
      ],
      [
       35.61545179395253,
       33.98624404357914
      ],
      [
       35.61545630393944,
       33.986249652909926
      ],
      [
       35.61544953895907,
       33.98625713201707
      ],
      [
       35.61544953895907,
       33.98626367623528
      ],
      [
       35.61543149901141,
       33.9862618064587
      ],
      [
       35.61541909654739,
       33.98625152268678
      ],
      [
       35.615412331567015,
       33.98625152268678
      ],
      [
       35.61539541911609,
       33.986242173802125
      ],
      [
       35.61537963416188,
       33.98624778313301
      ],
      [
       35.61537286918151,
       33.986257132017066
      ],
      [
       35.61536159421423,
       33.98626367623529
      ],
      [
       35.61536159421423,
       33.98627022045299
      ],
      [
       35.615373996678244,
       33.98628424377495
      ],
      [
       35.615403311593184,
       33.98629639731879
      ],
      [
       35.615404439089914,
       33.98630481130966
      ],
      [
       35.6154078215801,
       33.98630574619747
      ],
      [
       35.615406694083376,
       33.986300136870376
      ],
      [
       35.61541007657356,
       33.98629920198249
      ],
      [
       35.61541120407029,
       33.98630574619749
      ],
      [
       35.61542360653431,
       33.98630668108529
      ],
      [
       35.61540894907683,
       33.98631416018741
      ],
      [
       35.615403311593184,
       33.98632724861456
      ],
      [
       35.615389781632445,
       33.98633005327725
      ],
      [
       35.615390909129175,
       33.98633566260235
      ],
      [
       35.615383016652075,
       33.98633659748984
      ]
     ]
    ]
   },
   "properties": {
    "kind": "remove",
    "note": "",
    "source": "hand-drawn",
    "applied": "2026-09-09T09:39:02"
   }
  },
  {
   "type": "Feature",
   "geometry": {
    "type": "Polygon",
    "coordinates": [
     [
      [
       35.61546306891981,
       33.98643569550472
      ],
      [
       35.615439391488515,
       33.986431955959084
      ],
      [
       35.61542924401795,
       33.98642541175382
      ],
      [
       35.61544164648197,
       33.9864207373212
      ],
      [
       35.61544953895907,
       33.986406714021754
      ],
      [
       35.61545630393944,
       33.98640764890846
      ],
      [
       35.61546194142308,
       33.986418867548075
      ],
      [
       35.61546194142308,
       33.986421672207726
      ],
      [
       35.61545066645581,
       33.98642447686733
      ],
      [
       35.61547321639037,
       33.98642541175384
      ],
      [
       35.61546645140999,
       33.98642634664033
      ],
      [
       35.61546306891981,
       33.98643569550472
      ]
     ]
    ]
   },
   "properties": {
    "kind": "remove",
    "note": "",
    "source": "hand-drawn",
    "applied": "2026-09-09T09:39:02"
   }
  },
  {
   "type": "Feature",
   "geometry": {
    "type": "Polygon",
    "coordinates": [
     [
      [
       35.61614971442762,
       33.98633846726477
      ],
      [
       35.61613392947342,
       33.98633940215222
      ],
      [
       35.61613392947342,
       33.98633659748984
      ],
      [
       35.61614069445379,
       33.98633659748984
      ],
      [
       35.61614182195052,
       33.986331923052326
      ],
      [
       35.61614294944725,
       33.98633566260236
      ],
      [
       35.616144076943975,
       33.986331923052326
      ],
      [
       35.61615084192435,
       33.986332857939836
      ],
      [
       35.6161485869309,
       33.98632350906413
      ],
      [
       35.61614294944725,
       33.986323509064135
      ],
      [
       35.616146331937436,
       33.98632818350212
      ],
      [
       35.616138439460336,
       33.986328183502124
      ],
      [
       35.61613618446688,
       33.98633472771487
      ],
      [
       35.61612716449305,
       33.98633005327724
      ],
      [
       35.616123782002866,
       33.986337532377306
      ],
      [
       35.61610912454539,
       33.98633285793984
      ],
      [
       35.616089957101,
       33.98633379282736
      ],
      [
       35.61608657461081,
       33.98633846726478
      ],
      [
       35.616059514689326,
       33.98633846726478
      ],
      [
       35.616043729735125,
       33.98633379282736
      ],
      [
       35.61603358226456,
       33.986324443951766
      ],
      [
       35.6160155423169,
       33.98632350906414
      ],
      [
       35.61601328732344,
       33.98631976951358
      ],
      [
       35.616017797310356,
       33.98631602996284
      ],
      [
       35.61600990483326,
       33.98630855086088
      ],
      [
       35.615996374872516,
       33.98630668108529
      ],
      [
       35.61600877733653,
       33.98630668108529
      ],
      [
       35.616011032329986,
       33.98630294153398
      ],
      [
       35.6161643718851,
       33.98630574619748
      ],
      [
       35.616168881872014,
       33.98630668108529
      ],
      [
       35.61616549938183,
       33.986309485748656
      ],
      [
       35.61617339185893,
       33.98631976951358
      ],
      [
       35.61618917681313,
       33.986319769513585
      ],
      [
       35.616193686800045,
       33.98632444395177
      ],
      [
       35.616201579277146,
       33.986324443951766
      ],
      [
       35.61619819678696,
       33.98633005327724
      ],
      [
       35.61618128433604,
       33.986329118389676
      ],
      [
       35.61617564685239,
       33.986324443951766
      ],
      [
       35.6161643718851,
       33.98633005327724
      ],
      [
       35.61616324438837,
       33.986312290411945
      ],
      [
       35.61615084192435,
       33.986308550860876
      ],
      [
       35.61615760690472,
       33.98631322529968
      ],
      [
       35.616153096917806,
       33.9863188346259
      ],
      [
       35.61615873440145,
       33.98632724861456
      ],
      [
       35.61615535191127,
       33.986332857939836
      ],
      [
       35.61615873440145,
       33.98633753237731
      ],
      [
       35.61615196942108,
       33.986334727714855
      ],
      [
       35.61614971442762,
       33.98633846726477
      ]
     ]
    ]
   },
   "properties": {
    "kind": "remove",
    "note": "",
    "source": "hand-drawn",
    "applied": "2026-09-09T09:39:02"
   }
  },
  {
   "type": "Feature",
   "geometry": {
    "type": "Polygon",
    "coordinates": [
     [
      [
       35.61624442415284,
       33.98634127192711
      ],
      [
       35.61622412921172,
       33.98634033703967
      ],
      [
       35.61621961922481,
       33.98633285793984
      ],
      [
       35.616209471754246,
       33.98633098816479
      ],
      [
       35.616206089264054,
       33.98631976951358
      ],
      [
       35.61621398174116,
       33.986316029962836
      ],
      [
       35.61621285424443,
       33.98631042063643
      ],
      [
       35.61622976669537,
       33.98630294153398
      ],
      [
       35.61624442415284,
       33.98630200664613
      ],
      [
       35.6162466791463,
       33.98629265776702
      ],
      [
       35.61625569912013,
       33.98628704843907
      ],
      [
       35.61627486656451,
       33.98629920198249
      ],
      [
       35.61627486656451,
       33.98629639731879
      ],
      [
       35.61628388653834,
       33.9862945275429
      ],
      [
       35.61628839652526,
       33.986285178662996
      ],
      [
       35.61628952402199,
       33.986292657767024
      ],
      [
       35.61629628900236,
       33.98629172287905
      ],
      [
       35.6162940340089,
       33.98629826709461
      ],
      [
       35.616298543995825,
       33.98630294153397
      ],
      [
       35.61628163154489,
       33.98630387642182
      ],
      [
       35.61629741649909,
       33.986306681085274
      ],
      [
       35.616298543995825,
       33.986314160187405
      ],
      [
       35.616304181479464,
       33.986315095075135
      ],
      [
       35.61630756396965,
       33.986320704401244
      ],
      [
       35.61629741649909,
       33.98632724861455
      ],
      [
       35.61628952402199,
       33.98632537883937
      ],
      [
       35.61628388653834,
       33.98633379282737
      ],
      [
       35.616272611571056,
       33.986334727714855
      ],
      [
       35.616265846590686,
       33.986330988164774
      ],
      [
       35.616263591597225,
       33.986337532377306
      ],
      [
       35.616251189133216,
       33.98633753237732
      ],
      [
       35.616247806643024,
       33.986332857939836
      ],
      [
       35.616248934139755,
       33.98633753237731
      ],
      [
       35.61624442415284,
       33.98634127192711
      ]
     ]
    ]
   },
   "properties": {
    "kind": "remove",
    "note": "",
    "source": "hand-drawn",
    "applied": "2026-09-09T09:39:02"
   }
  },
  {
   "type": "Feature",
   "geometry": {
    "type": "Polygon",
    "coordinates": [
     [
      [
       35.61608544711408,
       33.986301071758255
      ],
      [
       35.616059514689326,
       33.98629826709461
      ],
      [
       35.61605387720569,
       33.986294527542924
      ],
      [
       35.61607191715334,
       33.98628985310309
      ],
      [
       35.61609672208137,
       33.986297332206696
      ],
      [
       35.61608544711408,
       33.986301071758255
      ]
     ]
    ]
   },
   "properties": {
    "kind": "remove",
    "note": "",
    "source": "hand-drawn",
    "applied": "2026-09-09T09:39:02"
   }
  },
  {
   "type": "Feature",
   "geometry": {
    "type": "Polygon",
    "coordinates": [
     [
      [
       35.61628952402199,
       33.986285178663
      ],
      [
       35.61628275904162,
       33.98627769955832
      ],
      [
       35.6162861415318,
       33.98626741578833
      ],
      [
       35.61626471909395,
       33.98626367623528
      ],
      [
       35.616262464100494,
       33.98625619712872
      ],
      [
       35.61625569912013,
       33.986253392463574
      ],
      [
       35.61626020910704,
       33.986249652909926
      ],
      [
       35.61625231662994,
       33.98624310869064
      ],
      [
       35.616247806643024,
       33.98624497846763
      ],
      [
       35.616247806643024,
       33.986241238913586
      ],
      [
       35.61628952402199,
       33.98623189002782
      ],
      [
       35.61629290651218,
       33.98623749935942
      ],
      [
       35.61630079898927,
       33.986235629582225
      ],
      [
       35.61630192648601,
       33.986244978467646
      ],
      [
       35.61629741649909,
       33.98624123891359
      ],
      [
       35.61628275904162,
       33.98624123891359
      ],
      [
       35.61628275904162,
       33.98624497846763
      ],
      [
       35.61628952402199,
       33.98624310869063
      ],
      [
       35.61628952402199,
       33.986246848244576
      ],
      [
       35.61628163154489,
       33.98625526224034
      ],
      [
       35.616304181479464,
       33.98625526224034
      ],
      [
       35.61630305398273,
       33.98625806690542
      ],
      [
       35.61630643647292,
       33.98625806690542
      ],
      [
       35.61630981896311,
       33.98625432735198
      ],
      [
       35.61632447642058,
       33.986255262240334
      ],
      [
       35.61632447642058,
       33.986262741347
      ],
      [
       35.61631094645983,
       33.98626554601182
      ],
      [
       35.616312073956564,
       33.98627582978206
      ],
      [
       35.61628952402199,
       33.986285178663
      ]
     ]
    ]
   },
   "properties": {
    "kind": "remove",
    "note": "",
    "source": "hand-drawn",
    "applied": "2026-09-09T09:39:02"
   }
  },
  {
   "type": "Feature",
   "geometry": {
    "type": "Polygon",
    "coordinates": [
     [
      [
       35.61626020910704,
       33.98623282491644
      ],
      [
       35.61625569912013,
       33.986229085361884
      ],
      [
       35.616257954113586,
       33.98621412714199
      ],
      [
       35.61628501403507,
       33.986214127142
      ],
      [
       35.616273739067786,
       33.986230020250545
      ],
      [
       35.61626020910704,
       33.98623282491644
      ]
     ]
    ]
   },
   "properties": {
    "kind": "remove",
    "note": "",
    "source": "hand-drawn",
    "applied": "2026-09-09T09:39:02"
   }
  },
  {
   "type": "Feature",
   "geometry": {
    "type": "Polygon",
    "coordinates": [
     [
      [
       35.616393253721036,
       33.98630481130965
      ],
      [
       35.61639663621122,
       33.98628798332708
      ],
      [
       35.61640227369486,
       33.98628798332709
      ],
      [
       35.616400018701405,
       33.9862973322067
      ],
      [
       35.61641693115234,
       33.986297332206696
      ],
      [
       35.61642144113925,
       33.98630200664612
      ],
      [
       35.61642144113925,
       33.98630481130965
      ],
      [
       35.616393253721036,
       33.98630481130965
      ]
     ]
    ]
   },
   "properties": {
    "kind": "remove",
    "note": "",
    "source": "hand-drawn",
    "applied": "2026-09-09T09:39:02"
   }
  },
  {
   "type": "Feature",
   "geometry": {
    "type": "Polygon",
    "coordinates": [
     [
      [
       35.61653080832194,
       33.98639082094628
      ],
      [
       35.61652968082521,
       33.98638801628557
      ],
      [
       35.61650600339391,
       33.98638614651173
      ],
      [
       35.61650600339391,
       33.98637118831948
      ],
      [
       35.61649923841353,
       33.98636370922238
      ],
      [
       35.616503748400454,
       33.98635809989911
      ],
      [
       35.61651389587101,
       33.986356230124606
      ],
      [
       35.61651615086446,
       33.98636090456078
      ],
      [
       35.616526298335025,
       33.986361839447994
      ],
      [
       35.61652855332848,
       33.986372123206564
      ],
      [
       35.61653080832194,
       33.98636090456076
      ],
      [
       35.6165330633154,
       33.98636090456079
      ],
      [
       35.61653531830885,
       33.98638801628557
      ],
      [
       35.61653080832194,
       33.98639082094628
      ]
     ]
    ]
   },
   "properties": {
    "kind": "remove",
    "note": "",
    "source": "hand-drawn",
    "applied": "2026-09-09T09:39:02"
   }
  },
  {
   "type": "Feature",
   "geometry": {
    "type": "Polygon",
    "coordinates": [
     [
      [
       35.61656801571399,
       33.98655068645263
      ],
      [
       35.61655448575324,
       33.986545077141706
      ],
      [
       35.61655335825652,
       33.9865375980599
      ],
      [
       35.616566888217264,
       33.98652637943596
      ],
      [
       35.616566888217264,
       33.98651890035249
      ],
      [
       35.61657365319763,
       33.986511421268396
      ],
      [
       35.61657929068127,
       33.98651703058153
      ],
      [
       35.616580418178,
       33.98653479340404
      ],
      [
       35.61659394813874,
       33.98653292363343
      ],
      [
       35.61659394813874,
       33.986527314321336
      ],
      [
       35.61660296811258,
       33.9865226398943
      ],
      [
       35.616604095609304,
       33.98651516081051
      ],
      [
       35.61661198808641,
       33.9865189003525
      ],
      [
       35.61660860559623,
       33.98652357477974
      ],
      [
       35.61661086058968,
       33.986533858518754
      ],
      [
       35.61660071311912,
       33.98654414225651
      ],
      [
       35.616591693145295,
       33.98654227248608
      ],
      [
       35.616589438151834,
       33.9865497515675
      ],
      [
       35.61656801571399,
       33.98655068645263
      ]
     ]
    ]
   },
   "properties": {
    "kind": "remove",
    "note": "",
    "source": "hand-drawn",
    "applied": "2026-09-09T09:39:02"
   }
  },
  {
   "type": "Feature",
   "geometry": {
    "type": "Polygon",
    "coordinates": [
     [
      [
       35.615095504986236,
       33.985900938808555
      ],
      [
       35.61508310252222,
       33.98588785031575
      ],
      [
       35.615079720032035,
       33.98588785031576
      ],
      [
       35.615079720032035,
       33.98589252477772
      ],
      [
       35.61507633754185,
       33.98589065499295
      ],
      [
       35.615077465038574,
       33.9858803711761
      ],
      [
       35.615069572561474,
       33.98588317585357
      ],
      [
       35.615078592535305,
       33.98586541289487
      ],
      [
       35.615087612509136,
       33.98585980353869
      ],
      [
       35.615086485012405,
       33.98585512907497
      ],
      [
       35.61509663248296,
       33.98585606396773
      ],
      [
       35.615095504986236,
       33.98587195714323
      ],
      [
       35.61511128994044,
       33.9858738269284
      ],
      [
       35.61509663248296,
       33.9858822409611
      ],
      [
       35.615100014973144,
       33.98590000391628
      ],
      [
       35.615095504986236,
       33.985900938808555
      ]
     ]
    ]
   },
   "properties": {
    "kind": "remove",
    "note": "",
    "source": "hand-drawn",
    "applied": "2026-09-09T09:39:02"
   }
  },
  {
   "type": "Feature",
   "geometry": {
    "type": "Polygon",
    "coordinates": [
     [
      [
       35.615134967371745,
       33.98590467837753
      ],
      [
       35.61512030991427,
       33.98588130606861
      ],
      [
       35.61512481990118,
       33.98587289203581
      ],
      [
       35.61511918241754,
       33.98587008735803
      ],
      [
       35.61512030991427,
       33.98586167332412
      ],
      [
       35.61510452496006,
       33.98585512907496
      ],
      [
       35.61512256490772,
       33.98585512907496
      ],
      [
       35.61512707489464,
       33.9858513895038
      ],
      [
       35.615121437411,
       33.9858373661104
      ],
      [
       35.61511354493389,
       33.98583269164543
      ],
      [
       35.615142859848845,
       33.98582614739403
      ],
      [
       35.61514736983577,
       33.98583456143146
      ],
      [
       35.615141732352114,
       33.985837366110395
      ],
      [
       35.615157517306315,
       33.98584391036094
      ],
      [
       35.61515413481613,
       33.98583643121742
      ],
      [
       35.61515977229977,
       33.98583736611042
      ],
      [
       35.61516202729322,
       33.98585512907497
      ],
      [
       35.61518683222126,
       33.9858569988605
      ],
      [
       35.61519472469836,
       33.98587663160604
      ],
      [
       35.61520036218201,
       33.985880371176115
      ],
      [
       35.61519359720164,
       33.98588598053092
      ],
      [
       35.61517893974416,
       33.98588598053092
      ],
      [
       35.6151608997965,
       33.985879436283604
      ],
      [
       35.61515864480304,
       33.98588411074602
      ],
      [
       35.615150752325945,
       33.98588504563849
      ],
      [
       35.615150752325945,
       33.98589065499295
      ],
      [
       35.615141732352114,
       33.98589532945474
      ],
      [
       35.615134967371745,
       33.98590467837753
      ]
     ]
    ]
   },
   "properties": {
    "kind": "remove",
    "note": "",
    "source": "hand-drawn",
    "applied": "2026-09-09T09:39:02"
   }
  },
  {
   "type": "Feature",
   "geometry": {
    "type": "Polygon",
    "coordinates": [
     [
      [
       35.615226294606764,
       33.98617299202375
      ],
      [
       35.61520712716239,
       33.986169252466546
      ],
      [
       35.61520938215584,
       33.986158968683434
      ],
      [
       35.61519585219509,
       33.986158033793984
      ],
      [
       35.61519585219509,
       33.98613933600309
      ],
      [
       35.61519246970491,
       33.98613746622377
      ],
      [
       35.61518908721472,
       33.986141205782374
      ],
      [
       35.61518683222126,
       33.986138401113436
      ],
      [
       35.61519134220818,
       33.98613653133411
      ],
      [
       35.61519134220818,
       33.986129987106104
      ],
      [
       35.61520148967874,
       33.98613185688558
      ],
      [
       35.615205999665655,
       33.986129052216356
      ],
      [
       35.61520938215584,
       33.986117833538465
      ],
      [
       35.615234187083864,
       33.98612157309794
      ],
      [
       35.61523080459368,
       33.98612811732658
      ],
      [
       35.61523193209041,
       33.98615148956764
      ],
      [
       35.61524884454135,
       33.98616364313045
      ],
      [
       35.61524658954789,
       33.98617112224517
      ],
      [
       35.61523080459368,
       33.98616177335167
      ],
      [
       35.61523305958714,
       33.98615522912562
      ],
      [
       35.615219529626394,
       33.98615616401509
      ],
      [
       35.61522403961331,
       33.98616270824106
      ],
      [
       35.61523193209041,
       33.986165512909196
      ],
      [
       35.615226294606764,
       33.98617299202375
      ]
     ]
    ]
   },
   "properties": {
    "kind": "remove",
    "note": "",
    "source": "hand-drawn",
    "applied": "2026-09-09T09:39:02"
   }
  },
  {
   "type": "Feature",
   "geometry": {
    "type": "Polygon",
    "coordinates": [
     [
      [
       35.615234187083864,
       33.98620477825324
      ],
      [
       35.615205999665655,
       33.986202908475356
      ],
      [
       35.61521840212967,
       33.986201038697445
      ],
      [
       35.61521727463294,
       33.986190754918155
      ],
      [
       35.615226294606764,
       33.98618140602683
      ],
      [
       35.615227422103494,
       33.986197299141494
      ],
      [
       35.615234187083864,
       33.98620477825324
      ]
     ]
    ]
   },
   "properties": {
    "kind": "remove",
    "note": "",
    "source": "hand-drawn",
    "applied": "2026-09-09T09:39:02"
   }
  },
  {
   "type": "Feature",
   "geometry": {
    "type": "Polygon",
    "coordinates": [
     [
      [
       35.615245462051156,
       33.98626554601183
      ],
      [
       35.61523080459368,
       33.986252457575176
      ],
      [
       35.61522291211658,
       33.98625058779835
      ],
      [
       35.615227422103494,
       33.98624123891359
      ],
      [
       35.615215019639486,
       33.986236564470836
      ],
      [
       35.61520938215584,
       33.98623002025054
      ],
      [
       35.61519810718855,
       33.98623189002782
      ],
      [
       35.61520261717547,
       33.986223476029735
      ],
      [
       35.6151845772278,
       33.986214127142
      ],
      [
       35.615245462051156,
       33.986214127142006
      ],
      [
       35.61525222703153,
       33.98621599691963
      ],
      [
       35.61525222703153,
       33.986219736474766
      ],
      [
       35.615245462051156,
       33.986225345807156
      ],
      [
       35.61524095206424,
       33.98622441091845
      ],
      [
       35.6152353145806,
       33.98623375980505
      ],
      [
       35.61525560952172,
       33.98623282491644
      ],
      [
       35.61526237450209,
       33.98622908536188
      ],
      [
       35.615272521972656,
       33.98623282491644
      ],
      [
       35.615272521972656,
       33.9862412389136
      ],
      [
       35.61526575699228,
       33.986247783133024
      ],
      [
       35.61525222703153,
       33.98624684824458
      ],
      [
       35.61524771704462,
       33.986250587798345
      ],
      [
       35.61524997203807,
       33.986264611123566
      ],
      [
       35.615245462051156,
       33.98626554601183
      ]
     ]
    ]
   },
   "properties": {
    "kind": "remove",
    "note": "",
    "source": "hand-drawn",
    "applied": "2026-09-09T09:39:02"
   }
  },
  {
   "type": "Feature",
   "geometry": {
    "type": "Polygon",
    "coordinates": [
     [
      [
       35.615383016652075,
       33.98633659748984
      ],
      [
       35.615357084227306,
       33.98631696485054
      ],
      [
       35.615341299273105,
       33.98629546243085
      ],
      [
       35.61533904427965,
       33.986279569334556
      ],
      [
       35.615342426769836,
       33.986262741347005
      ],
      [
       35.61534693675675,
       33.98625806690542
      ],
      [
       35.61535370173712,
       33.986258066905414
      ],
      [
       35.61536272171095,
       33.98624778313303
      ],
      [
       35.61535821172404,
       33.98624030402505
      ],
      [
       35.6153683591946,
       33.98622628069585
      ],
      [
       35.61539429161936,
       33.986220671363526
      ],
      [
       35.61539316412264,
       33.98621786669722
      ],
      [
       35.61537963416188,
       33.98621786669722
      ],
      [
       35.61538076165862,
       33.986214127142
      ],
      [
       35.61543488150159,
       33.986214127142
      ],
      [
       35.61543262650814,
       33.98622160625226
      ],
      [
       35.6154585589329,
       33.98622441091845
      ],
      [
       35.61546306891981,
       33.986230955139185
      ],
      [
       35.61545179395253,
       33.98624404357914
      ],
      [
       35.61545630393944,
       33.986249652909926
      ],
      [
       35.61544953895907,
       33.98625713201707
      ],
      [
       35.61544953895907,
       33.98626367623528
      ],
      [
       35.61543149901141,
       33.9862618064587
      ],
      [
       35.61541909654739,
       33.98625152268678
      ],
      [
       35.615412331567015,
       33.98625152268678
      ],
      [
       35.61539541911609,
       33.986242173802125
      ],
      [
       35.61537963416188,
       33.98624778313301
      ],
      [
       35.61537286918151,
       33.986257132017066
      ],
      [
       35.61536159421423,
       33.98626367623529
      ],
      [
       35.61536159421423,
       33.98627022045299
      ],
      [
       35.615373996678244,
       33.98628424377495
      ],
      [
       35.615403311593184,
       33.98629639731879
      ],
      [
       35.615404439089914,
       33.98630481130966
      ],
      [
       35.6154078215801,
       33.98630574619747
      ],
      [
       35.615406694083376,
       33.986300136870376
      ],
      [
       35.61541007657356,
       33.98629920198249
      ],
      [
       35.61541120407029,
       33.98630574619749
      ],
      [
       35.61542360653431,
       33.98630668108529
      ],
      [
       35.61540894907683,
       33.98631416018741
      ],
      [
       35.615403311593184,
       33.98632724861456
      ],
      [
       35.615389781632445,
       33.98633005327725
      ],
      [
       35.615390909129175,
       33.98633566260235
      ],
      [
       35.615383016652075,
       33.98633659748984
      ]
     ]
    ]
   },
   "properties": {
    "kind": "remove",
    "note": "",
    "source": "hand-drawn",
    "applied": "2026-09-09T09:39:02"
   }
  },
  {
   "type": "Feature",
   "geometry": {
    "type": "Polygon",
    "coordinates": [
     [
      [
       35.61546306891981,
       33.98643569550472
      ],
      [
       35.615439391488515,
       33.986431955959084
      ],
      [
       35.61542924401795,
       33.98642541175382
      ],
      [
       35.61544164648197,
       33.9864207373212
      ],
      [
       35.61544953895907,
       33.986406714021754
      ],
      [
       35.61545630393944,
       33.98640764890846
      ],
      [
       35.61546194142308,
       33.986418867548075
      ],
      [
       35.61546194142308,
       33.986421672207726
      ],
      [
       35.61545066645581,
       33.98642447686733
      ],
      [
       35.61547321639037,
       33.98642541175384
      ],
      [
       35.61546645140999,
       33.98642634664033
      ],
      [
       35.61546306891981,
       33.98643569550472
      ]
     ]
    ]
   },
   "properties": {
    "kind": "remove",
    "note": "",
    "source": "hand-drawn",
    "applied": "2026-09-09T09:39:02"
   }
  },
  {
   "type": "Feature",
   "geometry": {
    "type": "Polygon",
    "coordinates": [
     [
      [
       35.61614971442762,
       33.98633846726477
      ],
      [
       35.61613392947342,
       33.98633940215222
      ],
      [
       35.61613392947342,
       33.98633659748984
      ],
      [
       35.61614069445379,
       33.98633659748984
      ],
      [
       35.61614182195052,
       33.986331923052326
      ],
      [
       35.61614294944725,
       33.98633566260236
      ],
      [
       35.616144076943975,
       33.986331923052326
      ],
      [
       35.61615084192435,
       33.986332857939836
      ],
      [
       35.6161485869309,
       33.98632350906413
      ],
      [
       35.61614294944725,
       33.986323509064135
      ],
      [
       35.616146331937436,
       33.98632818350212
      ],
      [
       35.616138439460336,
       33.986328183502124
      ],
      [
       35.61613618446688,
       33.98633472771487
      ],
      [
       35.61612716449305,
       33.98633005327724
      ],
      [
       35.616123782002866,
       33.986337532377306
      ],
      [
       35.61610912454539,
       33.98633285793984
      ],
      [
       35.616089957101,
       33.98633379282736
      ],
      [
       35.61608657461081,
       33.98633846726478
      ],
      [
       35.616059514689326,
       33.98633846726478
      ],
      [
       35.616043729735125,
       33.98633379282736
      ],
      [
       35.61603358226456,
       33.986324443951766
      ],
      [
       35.6160155423169,
       33.98632350906414
      ],
      [
       35.61601328732344,
       33.98631976951358
      ],
      [
       35.616017797310356,
       33.98631602996284
      ],
      [
       35.61600990483326,
       33.98630855086088
      ],
      [
       35.615996374872516,
       33.98630668108529
      ],
      [
       35.61600877733653,
       33.98630668108529
      ],
      [
       35.616011032329986,
       33.98630294153398
      ],
      [
       35.6161643718851,
       33.98630574619748
      ],
      [
       35.616168881872014,
       33.98630668108529
      ],
      [
       35.61616549938183,
       33.986309485748656
      ],
      [
       35.61617339185893,
       33.98631976951358
      ],
      [
       35.61618917681313,
       33.986319769513585
      ],
      [
       35.616193686800045,
       33.98632444395177
      ],
      [
       35.616201579277146,
       33.986324443951766
      ],
      [
       35.61619819678696,
       33.98633005327724
      ],
      [
       35.61618128433604,
       33.986329118389676
      ],
      [
       35.61617564685239,
       33.986324443951766
      ],
      [
       35.6161643718851,
       33.98633005327724
      ],
      [
       35.61616324438837,
       33.986312290411945
      ],
      [
       35.61615084192435,
       33.986308550860876
      ],
      [
       35.61615760690472,
       33.98631322529968
      ],
      [
       35.616153096917806,
       33.9863188346259
      ],
      [
       35.61615873440145,
       33.98632724861456
      ],
      [
       35.61615535191127,
       33.986332857939836
      ],
      [
       35.61615873440145,
       33.98633753237731
      ],
      [
       35.61615196942108,
       33.986334727714855
      ],
      [
       35.61614971442762,
       33.98633846726477
      ]
     ]
    ]
   },
   "properties": {
    "kind": "remove",
    "note": "",
    "source": "hand-drawn",
    "applied": "2026-09-09T09:39:02"
   }
  },
  {
   "type": "Feature",
   "geometry": {
    "type": "Polygon",
    "coordinates": [
     [
      [
       35.61624442415284,
       33.98634127192711
      ],
      [
       35.61622412921172,
       33.98634033703967
      ],
      [
       35.61621961922481,
       33.98633285793984
      ],
      [
       35.616209471754246,
       33.98633098816479
      ],
      [
       35.616206089264054,
       33.98631976951358
      ],
      [
       35.61621398174116,
       33.986316029962836
      ],
      [
       35.61621285424443,
       33.98631042063643
      ],
      [
       35.61622976669537,
       33.98630294153398
      ],
      [
       35.61624442415284,
       33.98630200664613
      ],
      [
       35.6162466791463,
       33.98629265776702
      ],
      [
       35.61625569912013,
       33.98628704843907
      ],
      [
       35.61627486656451,
       33.98629920198249
      ],
      [
       35.61627486656451,
       33.98629639731879
      ],
      [
       35.61628388653834,
       33.9862945275429
      ],
      [
       35.61628839652526,
       33.986285178662996
      ],
      [
       35.61628952402199,
       33.986292657767024
      ],
      [
       35.61629628900236,
       33.98629172287905
      ],
      [
       35.6162940340089,
       33.98629826709461
      ],
      [
       35.616298543995825,
       33.98630294153397
      ],
      [
       35.61628163154489,
       33.98630387642182
      ],
      [
       35.61629741649909,
       33.986306681085274
      ],
      [
       35.616298543995825,
       33.986314160187405
      ],
      [
       35.616304181479464,
       33.986315095075135
      ],
      [
       35.61630756396965,
       33.986320704401244
      ],
      [
       35.61629741649909,
       33.98632724861455
      ],
      [
       35.61628952402199,
       33.98632537883937
      ],
      [
       35.61628388653834,
       33.98633379282737
      ],
      [
       35.616272611571056,
       33.986334727714855
      ],
      [
       35.616265846590686,
       33.986330988164774
      ],
      [
       35.616263591597225,
       33.986337532377306
      ],
      [
       35.616251189133216,
       33.98633753237732
      ],
      [
       35.616247806643024,
       33.986332857939836
      ],
      [
       35.616248934139755,
       33.98633753237731
      ],
      [
       35.61624442415284,
       33.98634127192711
      ]
     ]
    ]
   },
   "properties": {
    "kind": "remove",
    "note": "",
    "source": "hand-drawn",
    "applied": "2026-09-09T09:39:02"
   }
  },
  {
   "type": "Feature",
   "geometry": {
    "type": "Polygon",
    "coordinates": [
     [
      [
       35.61628952402199,
       33.986285178663
      ],
      [
       35.61628275904162,
       33.98627769955832
      ],
      [
       35.6162861415318,
       33.98626741578833
      ],
      [
       35.61626471909395,
       33.98626367623528
      ],
      [
       35.616262464100494,
       33.98625619712872
      ],
      [
       35.61625569912013,
       33.986253392463574
      ],
      [
       35.61626020910704,
       33.986249652909926
      ],
      [
       35.61625231662994,
       33.98624310869064
      ],
      [
       35.616247806643024,
       33.98624497846763
      ],
      [
       35.616247806643024,
       33.986241238913586
      ],
      [
       35.61628952402199,
       33.98623189002782
      ],
      [
       35.61629290651218,
       33.98623749935942
      ],
      [
       35.61630079898927,
       33.986235629582225
      ],
      [
       35.61630192648601,
       33.986244978467646
      ],
      [
       35.61629741649909,
       33.98624123891359
      ],
      [
       35.61628275904162,
       33.98624123891359
      ],
      [
       35.61628275904162,
       33.98624497846763
      ],
      [
       35.61628952402199,
       33.98624310869063
      ],
      [
       35.61628952402199,
       33.986246848244576
      ],
      [
       35.61628163154489,
       33.98625526224034
      ],
      [
       35.616304181479464,
       33.98625526224034
      ],
      [
       35.61630305398273,
       33.98625806690542
      ],
      [
       35.61630643647292,
       33.98625806690542
      ],
      [
       35.61630981896311,
       33.98625432735198
      ],
      [
       35.61632447642058,
       33.986255262240334
      ],
      [
       35.61632447642058,
       33.986262741347
      ],
      [
       35.61631094645983,
       33.98626554601182
      ],
      [
       35.616312073956564,
       33.98627582978206
      ],
      [
       35.61628952402199,
       33.986285178663
      ]
     ]
    ]
   },
   "properties": {
    "kind": "remove",
    "note": "",
    "source": "hand-drawn",
    "applied": "2026-09-09T09:39:02"
   }
  },
  {
   "type": "Feature",
   "geometry": {
    "type": "Polygon",
    "coordinates": [
     [
      [
       35.61626020910704,
       33.98623282491644
      ],
      [
       35.61625569912013,
       33.986229085361884
      ],
      [
       35.616257954113586,
       33.98621412714199
      ],
      [
       35.61628501403507,
       33.986214127142
      ],
      [
       35.616273739067786,
       33.986230020250545
      ],
      [
       35.61626020910704,
       33.98623282491644
      ]
     ]
    ]
   },
   "properties": {
    "kind": "remove",
    "note": "",
    "source": "hand-drawn",
    "applied": "2026-09-09T09:39:02"
   }
  },
  {
   "type": "Feature",
   "geometry": {
    "type": "Polygon",
    "coordinates": [
     [
      [
       35.61608544711408,
       33.986301071758255
      ],
      [
       35.616059514689326,
       33.98629826709461
      ],
      [
       35.61605387720569,
       33.986294527542924
      ],
      [
       35.61607191715334,
       33.98628985310309
      ],
      [
       35.61609672208137,
       33.986297332206696
      ],
      [
       35.61608544711408,
       33.986301071758255
      ]
     ]
    ]
   },
   "properties": {
    "kind": "remove",
    "note": "",
    "source": "hand-drawn",
    "applied": "2026-09-09T09:39:02"
   }
  },
  {
   "type": "Feature",
   "geometry": {
    "type": "Polygon",
    "coordinates": [
     [
      [
       35.616393253721036,
       33.98630481130965
      ],
      [
       35.61639663621122,
       33.98628798332708
      ],
      [
       35.61640227369486,
       33.98628798332709
      ],
      [
       35.616400018701405,
       33.9862973322067
      ],
      [
       35.61641693115234,
       33.986297332206696
      ],
      [
       35.61642144113925,
       33.98630200664612
      ],
      [
       35.61642144113925,
       33.98630481130965
      ],
      [
       35.616393253721036,
       33.98630481130965
      ]
     ]
    ]
   },
   "properties": {
    "kind": "remove",
    "note": "",
    "source": "hand-drawn",
    "applied": "2026-09-09T09:39:02"
   }
  },
  {
   "type": "Feature",
   "geometry": {
    "type": "Polygon",
    "coordinates": [
     [
      [
       35.61653080832194,
       33.98639082094628
      ],
      [
       35.61652968082521,
       33.98638801628557
      ],
      [
       35.61650600339391,
       33.98638614651173
      ],
      [
       35.61650600339391,
       33.98637118831948
      ],
      [
       35.61649923841353,
       33.98636370922238
      ],
      [
       35.616503748400454,
       33.98635809989911
      ],
      [
       35.61651389587101,
       33.986356230124606
      ],
      [
       35.61651615086446,
       33.98636090456078
      ],
      [
       35.616526298335025,
       33.986361839447994
      ],
      [
       35.61652855332848,
       33.986372123206564
      ],
      [
       35.61653080832194,
       33.98636090456076
      ],
      [
       35.6165330633154,
       33.98636090456079
      ],
      [
       35.61653531830885,
       33.98638801628557
      ],
      [
       35.61653080832194,
       33.98639082094628
      ]
     ]
    ]
   },
   "properties": {
    "kind": "remove",
    "note": "",
    "source": "hand-drawn",
    "applied": "2026-09-09T09:39:02"
   }
  },
  {
   "type": "Feature",
   "geometry": {
    "type": "Polygon",
    "coordinates": [
     [
      [
       35.61656801571399,
       33.98655068645263
      ],
      [
       35.61655448575324,
       33.986545077141706
      ],
      [
       35.61655335825652,
       33.9865375980599
      ],
      [
       35.616566888217264,
       33.98652637943596
      ],
      [
       35.616566888217264,
       33.98651890035249
      ],
      [
       35.61657365319763,
       33.986511421268396
      ],
      [
       35.61657929068127,
       33.98651703058153
      ],
      [
       35.616580418178,
       33.98653479340404
      ],
      [
       35.61659394813874,
       33.98653292363343
      ],
      [
       35.61659394813874,
       33.986527314321336
      ],
      [
       35.61660296811258,
       33.9865226398943
      ],
      [
       35.616604095609304,
       33.98651516081051
      ],
      [
       35.61661198808641,
       33.9865189003525
      ],
      [
       35.61660860559623,
       33.98652357477974
      ],
      [
       35.61661086058968,
       33.986533858518754
      ],
      [
       35.61660071311912,
       33.98654414225651
      ],
      [
       35.616591693145295,
       33.98654227248608
      ],
      [
       35.616589438151834,
       33.9865497515675
      ],
      [
       35.61656801571399,
       33.98655068645263
      ]
     ]
    ]
   },
   "properties": {
    "kind": "remove",
    "note": "",
    "source": "hand-drawn",
    "applied": "2026-09-09T09:39:02"
   }
  },
  {
   "type": "Feature",
   "geometry": {
    "type": "Polygon",
    "coordinates": [
     [
      [
       35.61733584098628,
       33.98704056484512
      ],
      [
       35.61733471348955,
       33.987015323088535
      ],
      [
       35.61733809597973,
       33.9870134533285
      ],
      [
       35.617342605966655,
       33.98701812772854
      ],
      [
       35.617342605966655,
       33.98701158356842
      ],
      [
       35.61735049844375,
       33.9870050394078
      ],
      [
       35.61735162594049,
       33.98701625796857
      ],
      [
       35.61735951841759,
       33.98701906260852
      ],
      [
       35.61735388093395,
       33.98702186724838
      ],
      [
       35.617349370947025,
       33.98703215092709
      ],
      [
       35.617341478469925,
       33.987027476527835
      ],
      [
       35.61733584098628,
       33.98704056484512
      ]
     ]
    ]
   },
   "properties": {
    "kind": "remove",
    "note": "",
    "source": "hand-drawn",
    "applied": "2026-09-09T09:39:02"
   }
  },
  {
   "type": "Feature",
   "geometry": {
    "type": "Polygon",
    "coordinates": [
     [
      [
       35.61896732875278,
       33.98705926243774
      ],
      [
       35.618954926288765,
       33.98704991364195
      ],
      [
       35.618947033811665,
       33.987029346287564
      ],
      [
       35.61894139632802,
       33.98702654164796
      ],
      [
       35.618938013837834,
       33.987029346287564
      ],
      [
       35.61893463134765,
       33.98702280212831
      ],
      [
       35.61892561137382,
       33.98702186724838
      ],
      [
       35.61891659139999,
       33.98701345332851
      ],
      [
       35.61891659139999,
       33.987006909168024
      ],
      [
       35.61890869892289,
       33.98700690916803
      ],
      [
       35.618906443929426,
       33.986999430126865
      ],
      [
       35.618894041465424,
       33.986998495246674
      ],
      [
       35.61888840398177,
       33.987006909168024
      ],
      [
       35.618885021491586,
       33.98700223476739
      ],
      [
       35.618877129014486,
       33.98700223476738
      ],
      [
       35.61887487402103,
       33.98699382084555
      ],
      [
       35.61888051150467,
       33.986993820845555
      ],
      [
       35.61888051150467,
       33.98699101620477
      ],
      [
       35.61887487402103,
       33.98699101620477
      ],
      [
       35.61887261902757,
       33.98698073252107
      ],
      [
       35.618877129014486,
       33.98697792787986
      ],
      [
       35.618876001517755,
       33.98696483955293
      ],
      [
       35.618883893994855,
       33.98696296979177
      ],
      [
       35.618883893994855,
       33.98694988146253
      ],
      [
       35.61889516896215,
       33.986947076820286
      ],
      [
       35.61890080644579,
       33.98695081634326
      ],
      [
       35.61889629645887,
       33.98695549074675
      ],
      [
       35.61889967894906,
       33.98696110003057
      ],
      [
       35.61889742395561,
       33.98696670931403
      ],
      [
       35.61890080644579,
       33.98696670931404
      ],
      [
       35.6189053164327,
       33.986954555866056
      ],
      [
       35.6189211013869,
       33.98694707682029
      ],
      [
       35.61892561137382,
       33.98695455586606
      ],
      [
       35.61892561137382,
       33.98695923026933
      ],
      [
       35.6189211013869,
       33.98696110003058
      ],
      [
       35.61892222888363,
       33.986973253477615
      ],
      [
       35.618928993864,
       33.98696764419457
      ],
      [
       35.61892673887055,
       33.986960165149966
      ],
      [
       35.61893463134765,
       33.98696857907509
      ],
      [
       35.618933503850926,
       33.98697792787986
      ],
      [
       35.618928993864,
       33.98698166740147
      ],
      [
       35.618939141334565,
       33.98698353716223
      ],
      [
       35.618940268831295,
       33.986987276683564
      ],
      [
       35.61895943627569,
       33.98698821156388
      ],
      [
       35.61896056377241,
       33.98699101620477
      ],
      [
       35.61896281876587,
       33.98698540692291
      ],
      [
       35.61896845624951,
       33.98698540692291
      ],
      [
       35.61897522122988,
       33.986989146444195
      ],
      [
       35.61897522122988,
       33.98699382084555
      ],
      [
       35.61898424120371,
       33.986993820845534
      ],
      [
       35.6189797312168,
       33.98700410452766
      ],
      [
       35.61898424120371,
       33.98700690916802
      ],
      [
       35.61898424120371,
       33.98701532308854
      ],
      [
       35.61898085871353,
       33.98701625796856
      ],
      [
       35.6189718387397,
       33.98700690916803
      ],
      [
       35.61896845624951,
       33.98700690916803
      ],
      [
       35.61896845624951,
       33.987011583568425
      ],
      [
       35.61897522122988,
       33.98701906260852
      ],
      [
       35.61897409373315,
       33.98703028116742
      ],
      [
       35.6189797312168,
       33.987035890446315
      ],
      [
       35.61898875119063,
       33.987034955566536
      ],
      [
       35.61898875119063,
       33.987031216047264
      ],
      [
       35.618994388674274,
       33.98702934628755
      ],
      [
       35.61900002615791,
       33.987056457799106
      ],
      [
       35.61899664366773,
       33.9870583275582
      ],
      [
       35.6189876236939,
       33.98705458803998
      ],
      [
       35.61898536870044,
       33.9870583275582
      ],
      [
       35.61896732875278,
       33.98705926243774
      ]
     ]
    ]
   },
   "properties": {
    "kind": "remove",
    "note": "",
    "source": "hand-drawn",
    "applied": "2026-09-09T09:39:02"
   }
  },
  {
   "type": "Feature",
   "geometry": {
    "type": "Polygon",
    "coordinates": [
     [
      [
       35.620302284879635,
       33.985887850315734
      ],
      [
       35.6202853724287,
       33.98587943628362
      ],
      [
       35.62029213740907,
       33.985871022250635
      ],
      [
       35.62028424493197,
       33.98587008735803
      ],
      [
       35.62028311743524,
       33.98586541289486
      ],
      [
       35.62029100991234,
       33.98586634778751
      ],
      [
       35.62029551989926,
       33.9858569988605
      ],
      [
       35.62031355984692,
       33.985855129074956
      ],
      [
       35.620316942337105,
       33.985862608216834
      ],
      [
       35.62030566736982,
       33.985864478002206
      ],
      [
       35.62030341237636,
       33.98586915246542
      ],
      [
       35.620310177356735,
       33.9858738269284
      ],
      [
       35.620316942337105,
       33.98587195714324
      ],
      [
       35.620322579820744,
       33.9858822409611
      ],
      [
       35.620302284879635,
       33.985887850315734
      ]
     ]
    ]
   },
   "properties": {
    "kind": "remove",
    "note": "",
    "source": "hand-drawn",
    "applied": "2026-09-09T09:39:02"
   }
  },
  {
   "type": "Feature",
   "geometry": {
    "type": "Polygon",
    "coordinates": [
     [
      [
       35.62084461080616,
       33.98554474410721
      ],
      [
       35.620832208342144,
       33.98552885087051
      ],
      [
       35.62081642338794,
       33.985525111284986
      ],
      [
       35.62081416839448,
       33.98551856700991
      ],
      [
       35.62080965840757,
       33.98551856700988
      ],
      [
       35.620798383440295,
       33.985506413354855
      ],
      [
       35.62080063843375,
       33.98548771542058
      ],
      [
       35.62080402092393,
       33.98549893418163
      ],
      [
       35.62081416839448,
       33.985498934181635
      ],
      [
       35.62081529589121,
       33.98549238990453
      ],
      [
       35.62080965840757,
       33.985489585214204
      ],
      [
       35.62080740341411,
       33.985477431555005
      ],
      [
       35.62081416839448,
       33.98548117114264
      ],
      [
       35.62081529589121,
       33.98546808258519
      ],
      [
       35.620826570858505,
       33.98546247320281
      ],
      [
       35.620841228315975,
       33.98546527789405
      ],
      [
       35.620841228315975,
       33.98545592892292
      ],
      [
       35.62085475827672,
       33.98546527789404
      ],
      [
       35.62085701327018,
       33.98547088727625
      ],
      [
       35.62085475827672,
       33.985476496658066
      ],
      [
       35.62084686579962,
       33.98547275707022
      ],
      [
       35.620843483309436,
       33.985474626864146
      ],
      [
       35.620851375786536,
       33.98548117114262
      ],
      [
       35.62084799329635,
       33.98548771542057
      ],
      [
       35.620850248289806,
       33.98549332480131
      ],
      [
       35.620842355812705,
       33.985497999284945
      ],
      [
       35.620833335838874,
       33.98549238990453
      ],
      [
       35.62082431586504,
       33.985495194594776
      ],
      [
       35.62083108084541,
       33.98550080397501
      ],
      [
       35.620843483309436,
       33.985500803975015
      ],
      [
       35.62084686579962,
       33.98550734825144
      ],
      [
       35.620860395760374,
       33.985504543561596
      ],
      [
       35.62086716074074,
       33.985512957630874
      ],
      [
       35.62086265075383,
       33.985517632113414
      ],
      [
       35.6208457383029,
       33.98551763211343
      ],
      [
       35.62085363078,
       33.985526046181384
      ],
      [
       35.620859268263644,
       33.98552698107777
      ],
      [
       35.62084912079308,
       33.985529785766886
      ],
      [
       35.62084912079308,
       33.98553446024851
      ],
      [
       35.62085475827672,
       33.985535395144815
      ],
      [
       35.62085701327018,
       33.98554100452238
      ],
      [
       35.62084912079308,
       33.98554006962615
      ],
      [
       35.62084461080616,
       33.98554474410721
      ]
     ]
    ]
   },
   "properties": {
    "kind": "remove",
    "note": "",
    "source": "hand-drawn",
    "applied": "2026-09-09T09:39:02"
   }
  },
  {
   "type": "Feature",
   "geometry": {
    "type": "Polygon",
    "coordinates": [
     [
      [
       35.620769068525334,
       33.9854895852142
      ],
      [
       35.62076568603515,
       33.98547088727626
      ],
      [
       35.620770196022065,
       33.985457798717206
      ],
      [
       35.62077245101552,
       33.9854634080999
      ],
      [
       35.620785980976265,
       33.9854690174822
      ],
      [
       35.620785980976265,
       33.98547369196717
      ],
      [
       35.62078147098936,
       33.98547182217324
      ],
      [
       35.62078485347954,
       33.98548210603951
      ],
      [
       35.620769068525334,
       33.9854895852142
      ]
     ]
    ]
   },
   "properties": {
    "kind": "remove",
    "note": "",
    "source": "hand-drawn",
    "applied": "2026-09-09T09:39:02"
   }
  },
  {
   "type": "Feature",
   "geometry": {
    "type": "Polygon",
    "coordinates": [
     [
      [
       35.62019291769694,
       33.98571956951461
      ],
      [
       35.62018389772312,
       33.985705546099474
      ],
      [
       35.62018389772312,
       33.985695262260236
      ],
      [
       35.62018840771003,
       33.98569152268201
      ],
      [
       35.62020193767077,
       33.985699001838285
      ],
      [
       35.62020193767077,
       33.98571022057144
      ],
      [
       35.62019291769694,
       33.98571956951461
      ]
     ]
    ]
   },
   "properties": {
    "kind": "remove",
    "note": "",
    "source": "hand-drawn",
    "applied": "2026-09-09T09:39:02"
   }
  },
  {
   "type": "Feature",
   "geometry": {
    "type": "Polygon",
    "coordinates": [
     [
      [
       35.61873055443974,
       33.98611222419897
      ],
      [
       35.618711386995365,
       33.98610941952909
      ],
      [
       35.618705749511726,
       33.98610474507907
      ],
      [
       35.61870800450517,
       33.98608324260572
      ],
      [
       35.618741829407035,
       33.986075763483264
      ],
      [
       35.61874746689068,
       33.98608604727647
      ],
      [
       35.61875874185797,
       33.98608417749596
      ],
      [
       35.61876325184488,
       33.98608698216668
      ],
      [
       35.61876437934161,
       33.986082307715435
      ],
      [
       35.61877227181871,
       33.98608230771545
      ],
      [
       35.618774526812174,
       33.98607669837361
      ],
      [
       35.61878129179254,
       33.98607856815426
      ],
      [
       35.618783546786,
       33.98607295881218
      ],
      [
       35.61879031176637,
       33.986075763483264
      ],
      [
       35.61879369425656,
       33.986072023921786
      ],
      [
       35.61879820424347,
       33.98607669837361
      ],
      [
       35.618803841727114,
       33.9860766983736
      ],
      [
       35.618804969223845,
       33.98610474507909
      ],
      [
       35.61878692927618,
       33.98610661485912
      ],
      [
       35.61877903679908,
       33.98610100551888
      ],
      [
       35.61877678180563,
       33.98610661485913
      ],
      [
       35.6187677618318,
       33.98610474507909
      ],
      [
       35.61876325184488,
       33.98610848463912
      ],
      [
       35.6187598693547,
       33.98610474507909
      ],
      [
       35.61875535936778,
       33.98610754974912
      ],
      [
       35.61874746689068,
       33.98610474507908
      ],
      [
       35.61874521189722,
       33.98610848463912
      ],
      [
       35.61873619192339,
       33.986107549749114
      ],
      [
       35.61873055443974,
       33.98611222419897
      ]
     ]
    ]
   },
   "properties": {
    "kind": "remove",
    "note": "",
    "source": "hand-drawn",
    "applied": "2026-09-09T09:39:02"
   }
  },
  {
   "type": "Feature",
   "geometry": {
    "type": "Polygon",
    "coordinates": [
     [
      [
       35.6188342841388,
       33.986276764670194
      ],
      [
       35.6188342841388,
       33.98627302511756
      ],
      [
       35.61882751915842,
       33.98627396000575
      ],
      [
       35.61882526416496,
       33.98627115534119
      ],
      [
       35.61881849918459,
       33.98627396000575
      ],
      [
       35.618813989197676,
       33.98627115534118
      ],
      [
       35.618783546786,
       33.98627115534117
      ],
      [
       35.61878241928927,
       33.98625993668206
      ],
      [
       35.61877114432199,
       33.98625713201707
      ],
      [
       35.61878129179254,
       33.98625152268677
      ],
      [
       35.61878918426964,
       33.98625339246358
      ],
      [
       35.61879031176637,
       33.98625058779835
      ],
      [
       35.6188072242173,
       33.98624965290993
      ],
      [
       35.61880835171403,
       33.98624591335611
      ],
      [
       35.61881624419114,
       33.986245913356115
      ],
      [
       35.61882639166169,
       33.98623843424799
      ],
      [
       35.618832029145345,
       33.98623843424798
      ],
      [
       35.6188342841388,
       33.98623375980505
      ],
      [
       35.61884894159626,
       33.98624217380212
      ],
      [
       35.61886021656355,
       33.98624123891359
      ],
      [
       35.61886247155701,
       33.986257132017066
      ],
      [
       35.61885683407336,
       33.9862608715704
      ],
      [
       35.618859089066824,
       33.98627115534119
      ],
      [
       35.6188342841388,
       33.986276764670194
      ]
     ]
    ]
   },
   "properties": {
    "kind": "remove",
    "note": "",
    "source": "hand-drawn",
    "applied": "2026-09-09T09:39:02"
   }
  },
  {
   "type": "Feature",
   "geometry": {
    "type": "Polygon",
    "coordinates": [
     [
      [
       35.61883541163552,
       33.986229085361884
      ],
      [
       35.61880835171403,
       33.98623002025053
      ],
      [
       35.61883992162244,
       33.98622160625227
      ],
      [
       35.61883315664207,
       33.986214127142
      ],
      [
       35.6188466866028,
       33.98621506203082
      ],
      [
       35.61884555910608,
       33.986230955139185
      ],
      [
       35.61883653913225,
       33.98622534580716
      ],
      [
       35.61883541163552,
       33.986229085361884
      ]
     ]
    ]
   },
   "properties": {
    "kind": "remove",
    "note": "",
    "source": "hand-drawn",
    "applied": "2026-09-09T09:39:02"
   }
  },
  {
   "type": "Feature",
   "geometry": {
    "type": "Polygon",
    "coordinates": [
     [
      [
       35.62034174726514,
       33.986460002547325
      ],
      [
       35.620330472297844,
       33.98645252345804
      ],
      [
       35.620330472297844,
       33.9864431745955
      ],
      [
       35.62032145232401,
       33.986431955959084
      ],
      [
       35.62032032482728,
       33.98640671402175
      ],
      [
       35.62032596231093,
       33.98639923492777
      ],
      [
       35.62034174726514,
       33.98640110470133
      ],
      [
       35.62034400225859,
       33.9863945604937
      ],
      [
       35.62035640472261,
       33.98641325822845
      ],
      [
       35.62035640472261,
       33.98642447686733
      ],
      [
       35.6203676796899,
       33.98644691414064
      ],
      [
       35.62036091470953,
       33.98644504436809
      ],
      [
       35.62035640472261,
       33.986447849026895
      ],
      [
       35.6203597872128,
       33.986452523458034
      ],
      [
       35.62035640472261,
       33.986457197888924
      ],
      [
       35.62034174726514,
       33.986460002547325
      ]
     ]
    ]
   },
   "properties": {
    "kind": "remove",
    "note": "",
    "source": "hand-drawn",
    "applied": "2026-09-09T09:39:02"
   }
  },
  {
   "type": "Feature",
   "geometry": {
    "type": "Polygon",
    "coordinates": [
     [
      [
       35.612112148641955,
       33.975088222007926
      ],
      [
       35.612103128668124,
       33.97508261194059
      ],
      [
       35.612109893648494,
       33.97507606686153
      ],
      [
       35.612103128668124,
       33.97507606686153
      ],
      [
       35.61208959870738,
       33.975084481963066
      ],
      [
       35.61207719624336,
       33.97508354695182
      ],
      [
       35.61207606874663,
       33.97507793688416
      ],
      [
       35.61206930376627,
       33.97507793688416
      ],
      [
       35.61207155875972,
       33.97508261194056
      ],
      [
       35.61206817626953,
       33.975083546951815
      ],
      [
       35.61203886135458,
       33.975078871895455
      ],
      [
       35.61203435136767,
       33.97506858677059
      ],
      [
       35.61204449883823,
       33.975061106678965
      ],
      [
       35.61203773385785,
       33.975051756563516
      ],
      [
       35.612050136321876,
       33.9750489515287
      ],
      [
       35.612030968877484,
       33.97504614649376
      ],
      [
       35.61204111634804,
       33.97504427647043
      ],
      [
       35.612047881328415,
       33.9750367963767
      ],
      [
       35.61206930376627,
       33.97503492635314
      ],
      [
       35.612078323740086,
       33.97502931628229
      ],
      [
       35.61209298119756,
       33.97503118630595
      ],
      [
       35.61210763865503,
       33.97502651124671
      ],
      [
       35.612117786125594,
       33.97502744625858
      ],
      [
       35.612118913622325,
       33.97503679637669
      ],
      [
       35.6121256786027,
       33.97504053642365
      ],
      [
       35.61213244358308,
       33.97503773138847
      ],
      [
       35.61213695356999,
       33.97504334145876
      ],
      [
       35.612133571079795,
       33.97504988654032
      ],
      [
       35.612117786125594,
       33.975056431621375
      ],
      [
       35.61211440363541,
       33.975063911713406
      ],
      [
       35.61210876615177,
       33.97506578173631
      ],
      [
       35.61211440363541,
       33.97507045679338
      ],
      [
       35.61211553113214,
       33.97507980690677
      ],
      [
       35.61212229611251,
       33.975081676929314
      ],
      [
       35.61212116861578,
       33.9750854169743
      ],
      [
       35.612112148641955,
       33.975088222007926
      ]
     ]
    ]
   },
   "properties": {
    "kind": "remove",
    "note": "",
    "source": "hand-drawn",
    "applied": "2026-09-09T09:39:02"
   }
  },
  {
   "type": "Feature",
   "geometry": {
    "type": "Polygon",
    "coordinates": [
     [
      [
       35.6125259399414,
       33.975195748227286
      ],
      [
       35.61251804746429,
       33.97519481321726
      ],
      [
       35.612522557451214,
       33.975190138167015
      ],
      [
       35.61251466497411,
       33.97518639812665
      ],
      [
       35.61251917496102,
       33.975177983035195
      ],
      [
       35.61251240998065,
       33.9751789180454
      ],
      [
       35.612506772497014,
       33.97517237297377
      ],
      [
       35.61249888001991,
       33.975176113014754
      ],
      [
       35.612490987542806,
       33.97517143796348
      ],
      [
       35.612494370033,
       33.975162087860184
      ],
      [
       35.612490987542806,
       33.9751546077768
      ],
      [
       35.61251579247084,
       33.97511627233912
      ],
      [
       35.61252368494794,
       33.97511627233912
      ],
      [
       35.6125259399414,
       33.975120012382575
      ],
      [
       35.6125259399414,
       33.975128427479774
      ],
      [
       35.61251353747738,
       33.97513684257613
      ],
      [
       35.61251466497411,
       33.97514058261867
      ],
      [
       35.6125259399414,
       33.97514525767165
      ],
      [
       35.6125259399414,
       33.975195748227286
      ]
     ]
    ]
   },
   "properties": {
    "kind": "remove",
    "note": "",
    "source": "hand-drawn",
    "applied": "2026-09-09T09:39:02"
   }
  },
  {
   "type": "Feature",
   "geometry": {
    "type": "Polygon",
    "coordinates": [
     [
      [
       35.61280894162033,
       33.975107857240744
      ],
      [
       35.612811196613784,
       33.97509944214151
      ],
      [
       35.612806686626875,
       33.97509757211934
      ],
      [
       35.61281006911705,
       33.97509476708604
      ],
      [
       35.612803304136676,
       33.975096637108265
      ],
      [
       35.61279766665304,
       33.975092897063774
      ],
      [
       35.61279992164649,
       33.97508728699673
      ],
      [
       35.612794284162845,
       33.9750732618275
      ],
      [
       35.61278526418902,
       33.97507139180476
      ],
      [
       35.612777371711914,
       33.97506391171338
      ],
      [
       35.612772861725,
       33.975048951528684
      ],
      [
       35.61276835173808,
       33.9750489515287
      ],
      [
       35.61276045926098,
       33.975038666400174
      ],
      [
       35.6127649692479,
       33.9750367963767
      ],
      [
       35.61276722424135,
       33.97502651124671
      ],
      [
       35.61278977417594,
       33.975013421079474
      ],
      [
       35.61279541165958,
       33.97501809613944
      ],
      [
       35.61281006911705,
       33.9750152911035
      ],
      [
       35.61281345160724,
       33.975025576234835
      ],
      [
       35.61282698156798,
       33.97503025129412
      ],
      [
       35.61283261905162,
       33.9750367963767
      ],
      [
       35.61284614901237,
       33.97503679637669
      ],
      [
       35.612841639025454,
       33.975041471435375
      ],
      [
       35.61285742397966,
       33.97504801651707
      ],
      [
       35.61287095394041,
       33.97505923665598
      ],
      [
       35.612869826443685,
       33.97506204169045
      ],
      [
       35.61285742397966,
       33.975059236655966
      ],
      [
       35.61285629648293,
       33.97506578173632
      ],
      [
       35.6128630614633,
       33.97506952178198
      ],
      [
       35.61287095394041,
       33.97506671674774
      ],
      [
       35.61287320893386,
       33.975073261827504
      ],
      [
       35.61286193396657,
       33.975074196838854
      ],
      [
       35.61286193396657,
       33.97507980690677
      ],
      [
       35.61284840400583,
       33.97508635198551
      ],
      [
       35.612840511528724,
       33.97509944214152
      ],
      [
       35.612833746548354,
       33.975100377152586
      ],
      [
       35.61282585407125,
       33.975107857240744
      ],
      [
       35.61280894162033,
       33.975107857240744
      ]
     ]
    ]
   },
   "properties": {
    "kind": "remove",
    "note": "",
    "source": "hand-drawn",
    "applied": "2026-09-09T09:39:02"
   }
  },
  {
   "type": "Feature",
   "geometry": {
    "type": "Polygon",
    "coordinates": [
     [
      [
       35.61210425616485,
       33.97522099349382
      ],
      [
       35.61210087367466,
       33.97520977337629
      ],
      [
       35.612102001171394,
       33.97520509832688
      ],
      [
       35.61210651115831,
       33.97520416331697
      ],
      [
       35.61210763865503,
       33.97519200818715
      ],
      [
       35.61211440363541,
       33.97519387820723
      ],
      [
       35.612126806099425,
       33.97520790335656
      ],
      [
       35.612135826073256,
       33.97520416331697
      ],
      [
       35.61214484604708,
       33.97520977337629
      ],
      [
       35.61214484604708,
       33.975213513415625
      ],
      [
       35.61213131608634,
       33.97521818846459
      ],
      [
       35.61210763865503,
       33.97521818846459
      ],
      [
       35.61210425616485,
       33.97522099349382
      ]
     ]
    ]
   },
   "properties": {
    "kind": "remove",
    "note": "",
    "source": "hand-drawn",
    "applied": "2026-09-09T09:39:02"
   }
  },
  {
   "type": "Feature",
   "geometry": {
    "type": "Polygon",
    "coordinates": [
     [
      [
       35.61211824417115,
       33.97521567197345
      ],
      [
       35.61216115951539,
       33.97518898036159
      ],
      [
       35.61213970184327,
       33.97516451304335
      ],
      [
       35.612099468708045,
       33.97517341025079
      ],
      [
       35.612120926380165,
       33.975204550469506
      ],
      [
       35.61211824417115,
       33.97521567197345
      ]
     ]
    ]
   },
   "properties": {
    "kind": "add",
    "note": "",
    "source": "hand-drawn",
    "applied": "2026-09-09T09:39:02"
   }
  },
  {
   "type": "Feature",
   "geometry": {
    "type": "Polygon",
    "coordinates": [
     [
      [
       35.61113235398466,
       33.97595590796869
      ],
      [
       35.61112107901737,
       33.97595216796202
      ],
      [
       35.61111882402391,
       33.97594468794813
      ],
      [
       35.611114314036996,
       33.97594375294634
      ],
      [
       35.61112107901737,
       33.975941882942756
      ],
      [
       35.61111544153373,
       33.9759185078944
      ],
      [
       35.61112107901737,
       33.97590915787323
      ],
      [
       35.61110754905663,
       33.97590728786889
      ],
      [
       35.61110416656644,
       33.97590261285781
      ],
      [
       35.61112784399774,
       33.975903547860064
      ],
      [
       35.61113573647484,
       33.975899807851064
      ],
      [
       35.61113686397157,
       33.97589513283959
      ],
      [
       35.611144756448674,
       33.97589513283958
      ],
      [
       35.61115264892578,
       33.97589793784649
      ],
      [
       35.61115264892578,
       33.975955907968704
      ],
      [
       35.61113235398466,
       33.97595590796869
      ]
     ]
    ]
   },
   "properties": {
    "kind": "remove",
    "note": "",
    "source": "hand-drawn",
    "applied": "2026-09-09T09:39:02"
   }
  },
  {
   "type": "Feature",
   "geometry": {
    "type": "Polygon",
    "coordinates": [
     [
      [
       35.61145256305563,
       33.97520509832688
      ],
      [
       35.6114356506047,
       33.975194813217264
      ],
      [
       35.61142888562433,
       33.975172372973766
      ],
      [
       35.61142324814068,
       33.975170502953205
      ],
      [
       35.6114277581276,
       33.975155542787256
      ],
      [
       35.61142324814068,
       33.97514525767164
      ],
      [
       35.61143001312105,
       33.975135907565466
      ],
      [
       35.61143114061778,
       33.97511720735
      ],
      [
       35.61144692557198,
       33.97510692222974
      ],
      [
       35.61144692557198,
       33.97510318218571
      ],
      [
       35.611451435558905,
       33.97510598721876
      ],
      [
       35.611449180565444,
       33.97511159728458
      ],
      [
       35.6114548180491,
       33.97511907737173
      ],
      [
       35.61146834800983,
       33.975127492469014
      ],
      [
       35.611471730500014,
       33.97513777758678
      ],
      [
       35.61149089794441,
       33.975137777586795
      ],
      [
       35.611496535428046,
       33.97512842747977
      ],
      [
       35.61150330040842,
       33.97512842747977
      ],
      [
       35.61150668289861,
       33.97513964760806
      ],
      [
       35.61151683036917,
       33.9751424526399
      ],
      [
       35.61153036032991,
       33.975140582618685
      ],
      [
       35.61153938030374,
       33.97514899771383
      ],
      [
       35.611534870316824,
       33.97515647779771
      ],
      [
       35.611525850343,
       33.97515928282899
      ],
      [
       35.61152472284627,
       33.97516956794291
      ],
      [
       35.61150893789207,
       33.97517611301476
      ],
      [
       35.6115100653888,
       33.97518733313675
      ],
      [
       35.61149991791824,
       33.97518826814685
      ],
      [
       35.61149540793132,
       33.97519761824728
      ],
      [
       35.611471730500014,
       33.97520509832688
      ],
      [
       35.61145256305563,
       33.97520509832688
      ]
     ]
    ]
   },
   "properties": {
    "kind": "remove",
    "note": "",
    "source": "hand-drawn",
    "applied": "2026-09-09T09:39:02"
   }
  },
  {
   "type": "Feature",
   "geometry": {
    "type": "Polygon",
    "coordinates": [
     [
      [
       35.611299223500524,
       33.97479088792825
      ],
      [
       35.611252996134645,
       33.9747815377831
      ],
      [
       35.61125750612156,
       33.97477125262223
      ],
      [
       35.611243976160814,
       33.97476377250445
      ],
      [
       35.611219171232776,
       33.97476377250446
      ],
      [
       35.61121578874259,
       33.97475629238603
      ],
      [
       35.61122819120661,
       33.974749747281884
      ],
      [
       35.61123608368371,
       33.974749747281884
      ],
      [
       35.61123721118044,
       33.97474507220718
      ],
      [
       35.611218043736045,
       33.97474507220717
      ],
      [
       35.61121015125895,
       33.97475068229679
      ],
      [
       35.6112078962655,
       33.97474600722214
      ],
      [
       35.61120225878185,
       33.97474600722212
      ],
      [
       35.611203386278575,
       33.974741332147204
      ],
      [
       35.611212406252406,
       33.974740397132216
      ],
      [
       35.6112078962655,
       33.97473478704188
      ],
      [
       35.61121353374914,
       33.97473665707204
      ],
      [
       35.61122480871642,
       33.974729176951236
      ],
      [
       35.61126427110193,
       33.97472263184497
      ],
      [
       35.61126990858558,
       33.97471889178404
      ],
      [
       35.611329665912194,
       33.974712346677016
      ],
      [
       35.611343195872934,
       33.97470580156945
      ],
      [
       35.611353343343495,
       33.97470860661561
      ],
      [
       35.61137927576826,
       33.97470486655404
      ],
      [
       35.61139055073555,
       33.9747011264923
      ],
      [
       35.61139055073555,
       33.97469832144592
      ],
      [
       35.611401825702835,
       33.974699256461406
      ],
      [
       35.61142099314722,
       33.974694581383915
      ],
      [
       35.61143001312105,
       33.9746758810714
      ],
      [
       35.6114356506047,
       33.97463941545015
      ],
      [
       35.61144692557198,
       33.974626325223355
      ],
      [
       35.61145707304255,
       33.974623520174454
      ],
      [
       35.611473985493475,
       33.974629130272106
      ],
      [
       35.611464965519644,
       33.974631935320794
      ],
      [
       35.61146158302946,
       33.97462819525584
      ],
      [
       35.61145707304255,
       33.97463474036938
      ],
      [
       35.61148526046076,
       33.97463474036938
      ],
      [
       35.6114830054673,
       33.97464970062696
      ],
      [
       35.61147624048693,
       33.974660920818415
      ],
      [
       35.61148526046076,
       33.97465718075476
      ],
      [
       35.61148638795749,
       33.97466372586605
      ],
      [
       35.611479622977114,
       33.97467307602416
      ],
      [
       35.61149202544114,
       33.974678686118544
      ],
      [
       35.61150555540188,
       33.97467962113423
      ],
      [
       35.611545017787385,
       33.97466840094523
      ],
      [
       35.61156644022523,
       33.97466840094524
      ],
      [
       35.61156644022523,
       33.9746721410084
      ],
      [
       35.61157320520561,
       33.97467307602418
      ],
      [
       35.61157207770888,
       33.97466840094524
      ],
      [
       35.61157771519252,
       33.97466653091361
      ],
      [
       35.611585607669625,
       33.97466840094524
      ],
      [
       35.611585607669625,
       33.974674011039916
      ],
      [
       35.61159462764345,
       33.97467120599262
      ],
      [
       35.611599137630364,
       33.974678686118544
      ],
      [
       35.611607030107464,
       33.97468055614991
      ],
      [
       35.611608157604195,
       33.97471515172293
      ],
      [
       35.6115968826369,
       33.97472917695123
      ],
      [
       35.611585607669625,
       33.97472450187541
      ],
      [
       35.611584480172894,
       33.974743202177216
      ],
      [
       35.61157320520561,
       33.97474039713219
      ],
      [
       35.61156418523177,
       33.974746007222116
      ],
      [
       35.611552910264486,
       33.97474133214721
      ],
      [
       35.61154050780047,
       33.97474133214721
      ],
      [
       35.61153261532337,
       33.97473572205696
      ],
      [
       35.61153261532337,
       33.97473011196637
      ],
      [
       35.61151795786591,
       33.97473104698149
      ],
      [
       35.61151457537572,
       33.974721696829754
      ],
      [
       35.61150330040842,
       33.974721696829754
      ],
      [
       35.61151232038225,
       33.97471608673823
      ],
      [
       35.61150555540188,
       33.9747132816923
      ],
      [
       35.61148638795749,
       33.974717956768785
      ],
      [
       35.61148751545422,
       33.9747245018754
      ],
      [
       35.611480750473845,
       33.97473011196638
      ],
      [
       35.61148638795749,
       33.97473852710215
      ],
      [
       35.611480750473845,
       33.97474320217722
      ],
      [
       35.611459328036005,
       33.974747877252014
      ],
      [
       35.61146271052619,
       33.97475909743054
      ],
      [
       35.61144016059161,
       33.974757227400886
      ],
      [
       35.61143790559815,
       33.97476470751922
      ],
      [
       35.61143001312105,
       33.97476377250445
      ],
      [
       35.61142550313414,
       33.974772187636916
      ],
      [
       35.611417610657035,
       33.97477312265156
      ],
      [
       35.61141535566358,
       33.97477031760757
      ],
      [
       35.6114198656505,
       33.974768447578136
      ],
      [
       35.61140520819302,
       33.97476470751923
      ],
      [
       35.61139731571593,
       33.97476657754871
      ],
      [
       35.61139280572901,
       33.97476190247491
      ],
      [
       35.61137251078789,
       33.97476377250447
      ],
      [
       35.61134996085331,
       33.97476096746015
      ],
      [
       35.611329665912194,
       33.97475629238604
      ],
      [
       35.611330793408925,
       33.97474787725202
      ],
      [
       35.61131726344818,
       33.97474881226696
      ],
      [
       35.61130937097108,
       33.97475442235634
      ],
      [
       35.61134094087948,
       33.97476470751922
      ],
      [
       35.61132853841547,
       33.97477031760757
      ],
      [
       35.61133530339584,
       33.974786212855804
      ],
      [
       35.611299223500524,
       33.97479088792825
      ]
     ]
    ]
   },
   "properties": {
    "kind": "remove",
    "note": "",
    "source": "hand-drawn",
    "applied": "2026-09-09T09:39:02"
   }
  },
  {
   "type": "Feature",
   "geometry": {
    "type": "Polygon",
    "coordinates": [
     [
      [
       35.613789863774336,
       33.9767123209405
      ],
      [
       35.613789863774336,
       33.97670203601321
      ],
      [
       35.613779716303775,
       33.97670203601321
      ],
      [
       35.613771823826674,
       33.97669081609111
      ],
      [
       35.613763931349574,
       33.97668988109752
      ],
      [
       35.613763931349574,
       33.97668053116122
      ],
      [
       35.61376280385284,
       33.97668333614222
      ],
      [
       35.61375829386593,
       33.97668240114855
      ],
      [
       35.61376167635612,
       33.976669311236286
      ],
      [
       35.61376956883322,
       33.97667024623006
      ],
      [
       35.61377633381359,
       33.97668240114856
      ],
      [
       35.613780843800505,
       33.97668240114856
      ],
      [
       35.613781971297236,
       33.97667866117386
      ],
      [
       35.613789863774336,
       33.97668053116122
      ],
      [
       35.61379099127107,
       33.97667492119892
      ],
      [
       35.61380113874162,
       33.97668240114856
      ],
      [
       35.61380339373508,
       33.976677726180114
      ],
      [
       35.61380903121872,
       33.976677726180114
      ],
      [
       35.613819178689276,
       33.97666931123628
      ],
      [
       35.613819178689276,
       33.97666463626712
      ],
      [
       35.613811286212176,
       33.97666183128549
      ],
      [
       35.613792118767805,
       33.97666463626713
      ],
      [
       35.613789863774336,
       33.976668376242465
      ],
      [
       35.613789863774336,
       33.976659961297706
      ],
      [
       35.613797756251444,
       33.976660896291605
      ],
      [
       35.613796628754706,
       33.976658091309865
      ],
      [
       35.61379099127107,
       33.976659026303786
      ],
      [
       35.61379099127107,
       33.97665528632801
      ],
      [
       35.61380113874162,
       33.976654351334055
      ],
      [
       35.61381015871545,
       33.97664874137004
      ],
      [
       35.6138236886762,
       33.97664780637599
      ],
      [
       35.61382932615984,
       33.97665154635209
      ],
      [
       35.61382932615984,
       33.976648741370035
      ],
      [
       35.6138315811533,
       33.976648741370035
      ],
      [
       35.61383270865003,
       33.97666089629161
      ],
      [
       35.613853003591146,
       33.97667118122387
      ],
      [
       35.61384962110096,
       33.97667679118641
      ],
      [
       35.6138552585846,
       33.97668427113588
      ],
      [
       35.61385413108788,
       33.976689881097535
      ],
      [
       35.61385976857152,
       33.97668988109754
      ],
      [
       35.61385976857152,
       33.97669268607821
      ],
      [
       35.61384962110096,
       33.97669268607823
      ],
      [
       35.61384962110096,
       33.97669923103282
      ],
      [
       35.613843983617315,
       33.976703906000076
      ],
      [
       35.61382256117947,
       33.97670390600009
      ],
      [
       35.613804521231806,
       33.97671232094049
      ],
      [
       35.613789863774336,
       33.9767123209405
      ]
     ]
    ]
   },
   "properties": {
    "kind": "remove",
    "note": "",
    "source": "hand-drawn",
    "applied": "2026-09-09T09:39:02"
   }
  },
  {
   "type": "Feature",
   "geometry": {
    "type": "Polygon",
    "coordinates": [
     [
      [
       35.61417818069459,
       33.97666145509656
      ],
      [
       35.61422377824784,
       33.97666145509656
      ],
      [
       35.614226460456855,
       33.976625866884056
      ],
      [
       35.6141808629036,
       33.97662364262026
      ],
      [
       35.61417818069459,
       33.97666590362206
      ],
      [
       35.61417818069459,
       33.97666145509656
      ]
     ]
    ]
   },
   "properties": {
    "kind": "add",
    "note": "",
    "source": "hand-drawn",
    "applied": "2026-09-09T09:39:02"
   }
  },
  {
   "type": "Feature",
   "geometry": {
    "type": "Polygon",
    "coordinates": [
     [
      [
       35.613902613447216,
       33.97653467202151
      ],
      [
       35.61389923095703,
       33.976531867035575
      ],
      [
       35.61389923095703,
       33.97649446721464
      ],
      [
       35.613902613447216,
       33.97646454734603
      ],
      [
       35.61390374094395,
       33.9764701573222
      ],
      [
       35.613907123434146,
       33.976470157322176
      ],
      [
       35.61391501591124,
       33.976461742357806
      ],
      [
       35.6139217808916,
       33.97646174235781
      ],
      [
       35.61392403588506,
       33.97644958740778
      ],
      [
       35.61393643834908,
       33.97646080736172
      ],
      [
       35.61394433082618,
       33.97646080736172
      ],
      [
       35.61394433082618,
       33.97645706737723
      ],
      [
       35.613948840813094,
       33.97645613238108
      ],
      [
       35.61396913575422,
       33.9764626773539
      ],
      [
       35.61400859813972,
       33.97652719205887
      ],
      [
       35.613998450669165,
       33.97653467202151
      ],
      [
       35.613902613447216,
       33.97653467202151
      ]
     ]
    ]
   },
   "properties": {
    "kind": "remove",
    "note": "",
    "source": "hand-drawn",
    "applied": "2026-09-09T09:39:02"
   }
  },
  {
   "type": "Feature",
   "geometry": {
    "type": "Polygon",
    "coordinates": [
     [
      [
       35.615476598880555,
       33.97684508989022
      ],
      [
       35.61544051898524,
       33.97684228491455
      ],
      [
       35.61543826399178,
       33.976836674962954
      ],
      [
       35.61542473403104,
       33.97683947993879
      ],
      [
       35.615421351540846,
       33.97683200000298
      ],
      [
       35.61539429161936,
       33.97683200000297
      ],
      [
       35.61539316412264,
       33.97682545505861
      ],
      [
       35.61538865413572,
       33.976826390050675
      ],
      [
       35.61538076165862,
       33.97682078009804
      ],
      [
       35.61537963416188,
       33.97680769020704
      ],
      [
       35.61538527164553,
       33.97680769020704
      ],
      [
       35.61538865413572,
       33.97681610513718
      ],
      [
       35.61539429161936,
       33.97681423515281
      ],
      [
       35.61539429161936,
       33.976808625199325
      ],
      [
       35.615397674109545,
       33.9768095601916
      ],
      [
       35.615396546612814,
       33.97681330016059
      ],
      [
       35.61540105659973,
       33.97681330016057
      ],
      [
       35.615404439089914,
       33.97679834028368
      ],
      [
       35.61541796905066,
       33.97679460031405
      ],
      [
       35.61541120407029,
       33.97678525038925
      ],
      [
       35.615405566586645,
       33.97678431539669
      ],
      [
       35.615406694083376,
       33.97677590046342
      ],
      [
       35.61543149901141,
       33.97677403047814
      ],
      [
       35.61545066645581,
       33.97676281056553
      ],
      [
       35.61546645140999,
       33.97676187557275
      ],
      [
       35.615474343887094,
       33.97676468055106
      ],
      [
       35.615474343887094,
       33.97677029050742
      ],
      [
       35.615469833900185,
       33.97676842052202
      ],
      [
       35.615467578906724,
       33.97677590046342
      ],
      [
       35.61548110886747,
       33.97677777044867
      ],
      [
       35.61547998137074,
       33.976771225500116
      ],
      [
       35.61548674635112,
       33.976769355514726
      ],
      [
       35.61549689382167,
       33.97677309548547
      ],
      [
       35.61549802131841,
       33.976778705441276
      ],
      [
       35.61550704129223,
       33.97678618538177
      ],
      [
       35.61551606126607,
       33.97678431539672
      ],
      [
       35.615517188762794,
       33.97678712037428
      ],
      [
       35.615509296285694,
       33.97678992535178
      ],
      [
       35.61550478629878,
       33.976798340283686
      ],
      [
       35.61550704129223,
       33.97680301524548
      ],
      [
       35.61550365880205,
       33.976808625199304
      ],
      [
       35.61548674635112,
       33.97681143017611
      ],
      [
       35.61547321639037,
       33.97680395023782
      ],
      [
       35.615459686429624,
       33.97680675521476
      ],
      [
       35.61545743143617,
       33.976812365168335
      ],
      [
       35.615460813926354,
       33.976817975121556
      ],
      [
       35.615468706403455,
       33.97682078009804
      ],
      [
       35.615467578906724,
       33.976828260034814
      ],
      [
       35.61547208889364,
       33.97683106501095
      ],
      [
       35.61548900134458,
       33.97682919502688
      ],
      [
       35.61549125633803,
       33.97683573997096
      ],
      [
       35.6154822363642,
       33.97684134992262
      ],
      [
       35.61547321639037,
       33.97684134992263
      ],
      [
       35.615476598880555,
       33.97684508989022
      ]
     ]
    ]
   },
   "properties": {
    "kind": "remove",
    "note": "",
    "source": "hand-drawn",
    "applied": "2026-09-09T09:39:02"
   }
  },
  {
   "type": "Feature",
   "geometry": {
    "type": "Polygon",
    "coordinates": [
     [
      [
       35.61432880721068,
       33.977457507361635
      ],
      [
       35.61432993470741,
       33.97744909249498
      ],
      [
       35.61431865974012,
       33.97745002748021
      ],
      [
       35.61430851226957,
       33.9774416126128
      ],
      [
       35.614306257276105,
       33.977435067715355
      ],
      [
       35.61431076726302,
       33.977431327773736
      ],
      [
       35.614296109805544,
       33.97743132777373
      ],
      [
       35.61429385481209,
       33.97742758783195
      ],
      [
       35.61429949229573,
       33.977424782875495
      ],
      [
       35.614298364799005,
       33.977421977918965
      ],
      [
       35.61428821732845,
       33.97742197791896
      ],
      [
       35.61428934482518,
       33.977411693077514
      ],
      [
       35.614313022256475,
       33.97738457848957
      ],
      [
       35.614322042230306,
       33.97738457848957
      ],
      [
       35.61432880721068,
       33.9773911233909
      ],
      [
       35.61431978723685,
       33.97739299336261
      ],
      [
       35.61431865974012,
       33.97740047324907
      ],
      [
       35.61432316972704,
       33.97740701814917
      ],
      [
       35.61433218970087,
       33.97740982310622
      ],
      [
       35.61433218970087,
       33.977421977918965
      ],
      [
       35.61434346466816,
       33.977421977918965
      ],
      [
       35.614338954681244,
       33.977432262759166
      ],
      [
       35.61433218970087,
       33.977436937686115
      ],
      [
       35.61433218970087,
       33.977455637391344
      ],
      [
       35.61432880721068,
       33.977457507361635
      ]
     ]
    ]
   },
   "properties": {
    "kind": "remove",
    "note": "",
    "source": "hand-drawn",
    "applied": "2026-09-09T09:39:02"
   }
  },
  {
   "type": "Feature",
   "geometry": {
    "type": "Polygon",
    "coordinates": [
     [
      [
       35.61535821172404,
       33.97738925341914
      ],
      [
       35.61535821172404,
       33.977385513475504
      ],
      [
       35.61534355426656,
       33.97737896857374
      ],
      [
       35.615334534292735,
       33.977381773531704
      ],
      [
       35.61533904427965,
       33.97738644846143
      ],
      [
       35.61533002430583,
       33.97738644846143
      ],
      [
       35.61532776931237,
       33.97737896857373
      ],
      [
       35.61531423935162,
       33.97737242367148
      ],
      [
       35.615313111854896,
       33.97736681375485
      ],
      [
       35.615328896809096,
       33.97734811403007
      ],
      [
       35.615328896809096,
       33.977340634139004
      ],
      [
       35.61532325932545,
       33.97733408923378
      ],
      [
       35.615340171776374,
       33.97733128427426
      ],
      [
       35.615341299273105,
       33.977328479314636
      ],
      [
       35.61534806425348,
       33.9773331542473
      ],
      [
       35.615350319246936,
       33.9773256743549
      ],
      [
       35.6153604667175,
       33.97732473936829
      ],
      [
       35.61537286918151,
       33.9773331542473
      ],
      [
       35.615366104201144,
       33.97733408923379
      ],
      [
       35.6153683591946,
       33.97733876416614
      ],
      [
       35.615342426769836,
       33.97736026885163
      ],
      [
       35.615349191750205,
       33.9773714886854
      ],
      [
       35.61536497670441,
       33.977366813754834
      ],
      [
       35.61537061418806,
       33.97737242367147
      ],
      [
       35.61536948669133,
       33.97737709860173
      ],
      [
       35.61535482923385,
       33.977378033587726
      ],
      [
       35.61536159421423,
       33.97738270851766
      ],
      [
       35.61535821172404,
       33.97738925341914
      ]
     ]
    ]
   },
   "properties": {
    "kind": "remove",
    "note": "",
    "source": "hand-drawn",
    "applied": "2026-09-09T09:39:02"
   }
  },
  {
   "type": "Feature",
   "geometry": {
    "type": "Polygon",
    "coordinates": [
     [
      [
       35.61530470848084,
       33.97736431924103
      ],
      [
       35.61537981033326,
       33.97739101016995
      ],
      [
       35.61540395021439,
       33.977348749528595
      ],
      [
       35.61540126800538,
       33.97733985254881
      ],
      [
       35.6153154373169,
       33.97731093735801
      ],
      [
       35.61529934406281,
       33.97735319801817
      ],
      [
       35.61530470848084,
       33.97736431924103
      ]
     ]
    ]
   },
   "properties": {
    "kind": "add",
    "note": "",
    "source": "hand-drawn",
    "applied": "2026-09-09T09:39:02"
   }
  },
  {
   "type": "Feature",
   "geometry": {
    "type": "Polygon",
    "coordinates": [
     [
      [
       35.61563783091277,
       33.97730323467383
      ],
      [
       35.615610770991275,
       33.977301364700146
      ],
      [
       35.615610770991275,
       33.97729575477882
      ],
      [
       35.61561866346838,
       33.97729575477882
      ],
      [
       35.615619790965106,
       33.977292949818015
      ],
      [
       35.615606261004366,
       33.97729201483107
      ],
      [
       35.615601751017444,
       33.97728733989613
      ],
      [
       35.61559836852726,
       33.97728920987014
      ],
      [
       35.61559273104362,
       33.97728266496097
      ],
      [
       35.61559273104362,
       33.97727518506415
      ],
      [
       35.61559949602399,
       33.977275185064144
      ],
      [
       35.615604006010905,
       33.977268640153895
      ],
      [
       35.61561866346838,
       33.9772714451155
      ],
      [
       35.615620918461836,
       33.9772658351922
      ],
      [
       35.61563670341604,
       33.977267705166675
      ],
      [
       35.61563557591931,
       33.977245265470295
      ],
      [
       35.61564234089968,
       33.97723965554528
      ],
      [
       35.615667145827715,
       33.977234045619866
      ],
      [
       35.61567165581463,
       33.977227500706455
      ],
      [
       35.61568856826556,
       33.977227500706455
      ],
      [
       35.61569420574921,
       33.97723217564467
      ],
      [
       35.61570435321977,
       33.97723311063227
      ],
      [
       35.61570097072958,
       33.977243395495314
      ],
      [
       35.61570999070341,
       33.977249005420106
      ],
      [
       35.61571562818705,
       33.97726116025584
      ],
      [
       35.61570435321977,
       33.97727612005128
      ],
      [
       35.61569758823939,
       33.977278925012655
      ],
      [
       35.61569871573613,
       33.9772817299739
      ],
      [
       35.61567165581463,
       33.977283599948045
      ],
      [
       35.61564572338987,
       33.977292014831065
      ],
      [
       35.615628810938944,
       33.977292014831065
      ],
      [
       35.61562655594548,
       33.977298559739516
      ],
      [
       35.61563783091277,
       33.97730323467383
      ]
     ]
    ]
   },
   "properties": {
    "kind": "remove",
    "note": "",
    "source": "hand-drawn",
    "applied": "2026-09-09T09:39:02"
   }
  },
  {
   "type": "Feature",
   "geometry": {
    "type": "Polygon",
    "coordinates": [
     [
      [
       35.61663002803407,
       33.97792686860551
      ],
      [
       35.61661649807332,
       33.977917518805214
      ],
      [
       35.616614243079866,
       33.97791003896424
      ],
      [
       35.61661762557006,
       33.97790162414238
      ],
      [
       35.61662213555698,
       33.9779016241424
      ],
      [
       35.61661875306678,
       33.977886664457
      ],
      [
       35.61662777304062,
       33.97788385951569
      ],
      [
       35.6166232630537,
       33.977881054574304
      ],
      [
       35.616624390550434,
       33.97787357473014
      ],
      [
       35.61663792051117,
       33.977864224923984
      ],
      [
       35.61664581298827,
       33.97786609488531
      ],
      [
       35.61664581298827,
       33.977924063665526
      ],
      [
       35.61664355799481,
       33.9779268686055
      ],
      [
       35.61663002803407,
       33.97792686860551
      ]
     ]
    ]
   },
   "properties": {
    "kind": "remove",
    "note": "",
    "source": "hand-drawn",
    "applied": "2026-09-09T09:39:02"
   }
  },
  {
   "type": "Feature",
   "geometry": {
    "type": "Polygon",
    "coordinates": [
     [
      [
       35.61739108832599,
       33.97762580451999
      ],
      [
       35.6173877058358,
       33.97761738966998
      ],
      [
       35.617380940855426,
       33.97761645468657
      ],
      [
       35.61738432334561,
       33.97760990980261
      ],
      [
       35.617380940855426,
       33.97760803983566
      ],
      [
       35.617403490790004,
       33.977605234885175
      ],
      [
       35.617403490790004,
       33.97761832465336
      ],
      [
       35.61739672580963,
       33.97762580451999
      ],
      [
       35.61739108832599,
       33.97762580451999
      ]
     ]
    ]
   },
   "properties": {
    "kind": "remove",
    "note": "",
    "source": "hand-drawn",
    "applied": "2026-09-09T09:39:02"
   }
  },
  {
   "type": "Feature",
   "geometry": {
    "type": "Polygon",
    "coordinates": [
     [
      [
       35.61733584098628,
       33.97765291903099
      ],
      [
       35.617332458496094,
       33.97761645468658
      ],
      [
       35.61733922347646,
       33.97759401508226
      ],
      [
       35.617341478469925,
       33.97759775501673
      ],
      [
       35.61735388093395,
       33.97759869000032
      ],
      [
       35.61734486096011,
       33.97760990980261
      ],
      [
       35.617357263424125,
       33.97761364973638
      ],
      [
       35.617358390920856,
       33.97762019462005
      ],
      [
       35.617370793384865,
       33.977618324653356
      ],
      [
       35.617371920881595,
       33.97762299957006
      ],
      [
       35.617364028404495,
       33.97762206458675
      ],
      [
       35.617365155901226,
       33.97763047943628
      ],
      [
       35.617357263424125,
       33.97763982926815
      ],
      [
       35.617348243450294,
       33.977639829268135
      ],
      [
       35.617348243450294,
       33.97764543916676
      ],
      [
       35.61733696848301,
       33.97764917909896
      ],
      [
       35.61733584098628,
       33.97765291903099
      ]
     ]
    ]
   },
   "properties": {
    "kind": "remove",
    "note": "",
    "source": "hand-drawn",
    "applied": "2026-09-09T09:39:02"
   }
  },
  {
   "type": "Feature",
   "geometry": {
    "type": "Polygon",
    "coordinates": [
     [
      [
       35.61752638793343,
       33.97788105457432
      ],
      [
       35.61752526043671,
       33.977876379671784
      ],
      [
       35.617513985469415,
       33.977873574730125
      ],
      [
       35.61750496549559,
       33.97786235496264
      ],
      [
       35.617498200515215,
       33.977864224923984
      ],
      [
       35.6175015830054,
       33.97787076978841
      ],
      [
       35.61749143553484,
       33.9778707697884
      ],
      [
       35.6174936905283,
       33.9778660948853
      ],
      [
       35.617489180541384,
       33.977865159904646
      ],
      [
       35.61748692554793,
       33.977846460289506
      ],
      [
       35.6174936905283,
       33.9778371104804
      ],
      [
       35.61753202541708,
       33.977816540896654
      ],
      [
       35.61755683034511,
       33.97784178538507
      ],
      [
       35.61755908533856,
       33.97785113519367
      ],
      [
       35.61755570284838,
       33.97785394013606
      ],
      [
       35.61756472282221,
       33.97785394013606
      ],
      [
       35.61756585031894,
       33.97785861503981
      ],
      [
       35.61755006536474,
       33.977869834807805
      ],
      [
       35.61754893786801,
       33.97787450971068
      ],
      [
       35.617541045390915,
       33.977876379671784
      ],
      [
       35.617542172887646,
       33.97788011959382
      ],
      [
       35.61752638793343,
       33.97788105457432
      ]
     ]
    ]
   },
   "properties": {
    "kind": "remove",
    "note": "",
    "source": "hand-drawn",
    "applied": "2026-09-09T09:39:02"
   }
  },
  {
   "type": "Feature",
   "geometry": {
    "type": "Polygon",
    "coordinates": [
     [
      [
       35.6152589920119,
       33.97815032852621
      ],
      [
       35.615261247005364,
       33.97814471866091
      ],
      [
       35.61524884454135,
       33.97814284870572
      ],
      [
       35.615243207057695,
       33.97813630386228
      ],
      [
       35.61524207956097,
       33.978115734350965
      ],
      [
       35.61524997203807,
       33.97809796976903
      ],
      [
       35.61524771704462,
       33.978091424922106
      ],
      [
       35.61525222703153,
       33.97808861998756
      ],
      [
       35.61525222703153,
       33.97807272535672
      ],
      [
       35.61525786451517,
       33.97807272535672
      ],
      [
       35.6152589920119,
       33.97806337557247
      ],
      [
       35.61526237450209,
       33.97806337557247
      ],
      [
       35.615272521972656,
       33.97806618050786
      ],
      [
       35.615272521972656,
       33.978148458571134
      ],
      [
       35.6152589920119,
       33.97815032852621
      ]
     ]
    ]
   },
   "properties": {
    "kind": "remove",
    "note": "",
    "source": "hand-drawn",
    "applied": "2026-09-09T09:39:02"
   }
  },
  {
   "type": "Feature",
   "geometry": {
    "type": "Polygon",
    "coordinates": [
     [
      [
       35.61523869707079,
       33.97816154825569
      ],
      [
       35.61521727463294,
       33.978161548255684
      ],
      [
       35.61521614713621,
       33.978151263503726
      ],
      [
       35.6152353145806,
       33.978149393548684
      ],
      [
       35.61524207956097,
       33.978155003413676
      ],
      [
       35.61523869707079,
       33.97816154825569
      ]
     ]
    ]
   },
   "properties": {
    "kind": "remove",
    "note": "",
    "source": "hand-drawn",
    "applied": "2026-09-09T09:39:02"
   }
  },
  {
   "type": "Feature",
   "geometry": {
    "type": "Polygon",
    "coordinates": [
     [
      [
       35.616115889525766,
       33.97889082749621
      ],
      [
       35.61610799704866,
       33.978884282710325
      ],
      [
       35.616106869551935,
       33.978876802954424
      ],
      [
       35.61609446708791,
       33.97888428271034
      ],
      [
       35.61608431961736,
       33.97887586798488
      ],
      [
       35.61609108459773,
       33.978865583319326
      ],
      [
       35.61610912454539,
       33.97886371338001
      ],
      [
       35.616123782002866,
       33.97886932319786
      ],
      [
       35.61613392947342,
       33.97888802258802
      ],
      [
       35.616115889525766,
       33.97889082749621
      ]
     ]
    ]
   },
   "properties": {
    "kind": "remove",
    "note": "",
    "source": "hand-drawn",
    "applied": "2026-09-09T09:39:02"
   }
  },
  {
   "type": "Feature",
   "geometry": {
    "type": "Polygon",
    "coordinates": [
     [
      [
       35.61606289717951,
       33.978885217679775
      ],
      [
       35.61606853466316,
       33.97887025816746
      ],
      [
       35.616082064623896,
       33.97886184344064
      ],
      [
       35.616075299643526,
       33.97888241277141
      ],
      [
       35.61606853466316,
       33.97888147780195
      ],
      [
       35.61606289717951,
       33.978885217679775
      ]
     ]
    ]
   },
   "properties": {
    "kind": "remove",
    "note": "",
    "source": "hand-drawn",
    "applied": "2026-09-09T09:39:02"
   }
  },
  {
   "type": "Feature",
   "geometry": {
    "type": "Polygon",
    "coordinates": [
     [
      [
       35.61666723542613,
       33.97880574524052
      ],
      [
       35.61666498043267,
       33.97880107038883
      ],
      [
       35.61666949041958,
       33.97879639553689
      ],
      [
       35.61666949041958,
       33.97878798080274
      ],
      [
       35.6166740004065,
       33.978789850743745
      ],
      [
       35.6166740004065,
       33.9787982654777
      ],
      [
       35.61669091285742,
       33.97879826547769
      ],
      [
       35.6166897853607,
       33.978802940329544
      ],
      [
       35.61666723542613,
       33.97880574524052
      ]
     ]
    ]
   },
   "properties": {
    "kind": "remove",
    "note": "",
    "source": "hand-drawn",
    "applied": "2026-09-09T09:39:02"
   }
  },
  {
   "type": "Feature",
   "geometry": {
    "type": "Polygon",
    "coordinates": [
     [
      [
       35.615912940114576,
       33.97959205163534
      ],
      [
       35.61590279264402,
       33.97958831178862
      ],
      [
       35.61590730263093,
       33.979579897132865
      ],
      [
       35.61591632260477,
       33.97957522232376
      ],
      [
       35.61591632260477,
       33.97956774262864
      ],
      [
       35.615959167480455,
       33.97956774262865
      ],
      [
       35.615959167480455,
       33.97959205163536
      ],
      [
       35.615912940114576,
       33.97959205163534
      ]
     ]
    ]
   },
   "properties": {
    "kind": "remove",
    "note": "",
    "source": "hand-drawn",
    "applied": "2026-09-09T09:39:02"
   }
  },
  {
   "type": "Feature",
   "geometry": {
    "type": "Polygon",
    "coordinates": [
     [
      [
       35.61470651861482,
       33.98108704218827
      ],
      [
       35.614681713686785,
       33.98108704218828
      ],
      [
       35.61468847866716,
       33.98107769273556
      ],
      [
       35.6146862236737,
       33.98106647339095
      ],
      [
       35.614690733660616,
       33.98106273360905
      ],
      [
       35.61468396868024,
       33.981050579316864
      ],
      [
       35.614665928732585,
       33.98105712393597
      ],
      [
       35.614664801235854,
       33.981050579316864
      ],
      [
       35.6146546537653,
       33.981050579316864
      ],
      [
       35.61464788878492,
       33.98104403469727
      ],
      [
       35.6146388688111,
       33.98101037664564
      ],
      [
       35.6146467612882,
       33.98098326320549
      ],
      [
       35.61464450629474,
       33.9809767185807
      ],
      [
       35.614634358824176,
       33.980974848687815
      ],
      [
       35.614634358824176,
       33.98095708470333
      ],
      [
       35.614618573869976,
       33.980941190608796
      ],
      [
       35.614608426399414,
       33.9809411906088
      ],
      [
       35.614602788915775,
       33.98093371103388
      ],
      [
       35.6145960239354,
       33.98093371103387
      ],
      [
       35.61459827892886,
       33.98091407714657
      ],
      [
       35.614590386451766,
       33.98092810135225
      ],
      [
       35.614588131458305,
       33.980923426617295
      ],
      [
       35.61459151394849,
       33.98088976851792
      ],
      [
       35.61459827892886,
       33.98089257336003
      ],
      [
       35.614601661419044,
       33.98088883357052
      ],
      [
       35.614609553896145,
       33.98086639482995
      ],
      [
       35.614600533922314,
       33.98085798030071
      ],
      [
       35.61458925895503,
       33.98085985019618
      ],
      [
       35.614585876464844,
       33.98084582597923
      ],
      [
       35.614585876464844,
       33.98061021878867
      ],
      [
       35.61458925895503,
       33.98059245472799
      ],
      [
       35.614593768941944,
       33.980587779974556
      ],
      [
       35.61460729890269,
       33.98058964987596
      ],
      [
       35.61461293638634,
       33.980585910073124
      ],
      [
       35.614619701366706,
       33.980592454727976
      ],
      [
       35.614642251301284,
       33.980598064431774
      ],
      [
       35.61464450629474,
       33.980593389678646
      ],
      [
       35.61463774131437,
       33.98059151977732
      ],
      [
       35.61463661381764,
       33.98058497512238
      ],
      [
       35.61464450629474,
       33.98058030036853
      ],
      [
       35.6146546537653,
       33.98058964987597
      ],
      [
       35.6146546537653,
       33.98059245472799
      ],
      [
       35.61464563379147,
       33.980593389678646
      ],
      [
       35.61464450629474,
       33.98060367413517
      ],
      [
       35.614651271275115,
       33.98059993433296
      ],
      [
       35.61465916375221,
       33.98060273918463
      ],
      [
       35.61465916375221,
       33.98061208868958
      ],
      [
       35.61466818372604,
       33.98061395859045
      ],
      [
       35.614674948706416,
       33.98062143819351
      ],
      [
       35.614674948706416,
       33.98062424304449
      ],
      [
       35.61466367373912,
       33.980625177994774
      ],
      [
       35.61466367373912,
       33.980636397397646
      ],
      [
       35.61466705622931,
       33.98063920224814
      ],
      [
       35.614664801235854,
       33.98064387699873
      ],
      [
       35.614673821209685,
       33.98064574689891
      ],
      [
       35.61467607620314,
       33.98065135659915
      ],
      [
       35.61467043871949,
       33.98064948669911
      ],
      [
       35.61466367373912,
       33.980652291549156
      ],
      [
       35.61466029124894,
       33.980658836198934
      ],
      [
       35.614673821209685,
       33.98065229154916
      ],
      [
       35.614681713686785,
       33.980653226499165
      ],
      [
       35.614681713686785,
       33.980658836198934
      ],
      [
       35.61469186115735,
       33.98066538084818
      ],
      [
       35.61469975363445,
       33.98067940509488
      ],
      [
       35.61469862613772,
       33.98068314489363
      ],
      [
       35.614690733660616,
       33.98068314489362
      ],
      [
       35.61468735117043,
       33.980690624490606
      ],
      [
       35.614680586190055,
       33.98069155944017
      ],
      [
       35.61467945869333,
       33.980699039036416
      ],
      [
       35.61468396868024,
       33.98070838853078
      ],
      [
       35.61469524364753,
       33.98070745358138
      ],
      [
       35.61469975363445,
       33.980713998226875
      ],
      [
       35.61471666608538,
       33.98072147782114
      ],
      [
       35.61470200862791,
       33.9807336321604
      ],
      [
       35.61469637114426,
       33.980732697211295
      ],
      [
       35.61469524364753,
       33.9807364370077
      ],
      [
       35.61471102860174,
       33.9807355020586
      ],
      [
       35.6147132835952,
       33.98074298165096
      ],
      [
       35.61472230356902,
       33.98074765639586
      ],
      [
       35.61471779358211,
       33.98076168062899
      ],
      [
       35.61472004857556,
       33.98076729032161
      ],
      [
       35.614727941052664,
       33.98076729032161
      ],
      [
       35.6147256860592,
       33.98077383496251
      ],
      [
       35.614730196046125,
       33.980773834962484
      ],
      [
       35.614730196046125,
       33.980768225270324
      ],
      [
       35.614738088523225,
       33.98077009516778
      ],
      [
       35.61473132354285,
       33.98077383496251
      ],
      [
       35.61473357853631,
       33.980781314551514
      ],
      [
       35.61473470603303,
       33.98077850970571
      ],
      [
       35.61473921601995,
       33.980779444654324
      ],
      [
       35.61473921601995,
       33.98078598929429
      ],
      [
       35.61473245103958,
       33.980783184448654
      ],
      [
       35.614738088523225,
       33.98080375331452
      ],
      [
       35.614735833529764,
       33.98081777753839
      ],
      [
       35.61474034351668,
       33.98082058238291
      ],
      [
       35.614738088523225,
       33.980827127019715
      ],
      [
       35.61474823599378,
       33.98083460660402
      ],
      [
       35.61474823599378,
       33.98084115123974
      ],
      [
       35.614738088523225,
       33.98084302113557
      ],
      [
       35.61474823599378,
       33.98085143566628
      ],
      [
       35.614744853503595,
       33.98086265503927
      ],
      [
       35.614747108497056,
       33.98087106956806
      ],
      [
       35.61474034351668,
       33.98087293946323
      ],
      [
       35.614744853503595,
       33.980877614200956
      ],
      [
       35.614744853503595,
       33.980886028728264
      ],
      [
       35.61474034351668,
       33.980890703465306
      ],
      [
       35.61474147101341,
       33.980910337358004
      ],
      [
       35.614736961026495,
       33.98091875188205
      ],
      [
       35.61472230356902,
       33.98092716640528
      ],
      [
       35.61472230356902,
       33.9809309061931
      ],
      [
       35.61470539111809,
       33.98093651587455
      ],
      [
       35.61469975363445,
       33.9809421255556
      ],
      [
       35.61470088113118,
       33.980957084703334
      ],
      [
       35.614690733660616,
       33.98097391374134
      ],
      [
       35.61469524364753,
       33.98098606804451
      ],
      [
       35.614690733660616,
       33.98098887288348
      ],
      [
       35.61469524364753,
       33.98099448256107
      ],
      [
       35.61468735117043,
       33.98100196213065
      ],
      [
       35.61468847866716,
       33.98100476696907
      ],
      [
       35.6146941161508,
       33.98100476696907
      ],
      [
       35.61469637114426,
       33.98100102718448
      ],
      [
       35.61469975363445,
       33.981002897076806
      ],
      [
       35.61470539111809,
       33.9810187911598
      ],
      [
       35.61470539111809,
       33.98102440083544
      ],
      [
       35.61469975363445,
       33.9810225309436
      ],
      [
       35.61469862613772,
       33.98103094545653
      ],
      [
       35.61468847866716,
       33.98103562018562
      ],
      [
       35.614690733660616,
       33.98104870942559
      ],
      [
       35.61469975363445,
       33.98105525404484
      ],
      [
       35.61470200862791,
       33.98104777447996
      ],
      [
       35.61470651861482,
       33.98104777447996
      ],
      [
       35.61471215609846,
       33.98105712393596
      ],
      [
       35.61472004857556,
       33.981054319099265
      ],
      [
       35.61472230356902,
       33.98106273360907
      ],
      [
       35.614715538588655,
       33.98106366855455
      ],
      [
       35.61472004857556,
       33.981069278227224
      ],
      [
       35.61470651861482,
       33.98107301800882
      ],
      [
       35.61470651861482,
       33.98107582284489
      ],
      [
       35.61472004857556,
       33.98107769273556
      ],
      [
       35.614721176072294,
       33.98108049757147
      ],
      [
       35.61470651861482,
       33.98108704218827
      ]
     ]
    ]
   },
   "properties": {
    "kind": "remove",
    "note": "",
    "source": "hand-drawn",
    "applied": "2026-09-09T09:39:02"
   }
  },
  {
   "type": "Feature",
   "geometry": {
    "type": "Polygon",
    "coordinates": [
     [
      [
       35.61455656154988,
       33.98076355052657
      ],
      [
       35.61453626660877,
       33.980753266089394
      ],
      [
       35.61453513911205,
       33.98074391659997
      ],
      [
       35.61453062912513,
       33.980747656395856
      ],
      [
       35.61452611913822,
       33.98074391659996
      ],
      [
       35.61451597166766,
       33.98074391659997
      ],
      [
       35.61452386414476,
       33.9807355020586
      ],
      [
       35.61453401161531,
       33.980740176803906
      ],
      [
       35.61453852160223,
       33.980734567109515
      ],
      [
       35.61453626660877,
       33.98073082731304
      ],
      [
       35.61454303158914,
       33.980730827313046
      ],
      [
       35.61453626660877,
       33.980728022465584
      ],
      [
       35.61453626660877,
       33.980715868125515
      ],
      [
       35.614529501628404,
       33.98071119337889
      ],
      [
       35.61452611913822,
       33.98069249438973
      ],
      [
       35.61453175662186,
       33.9806868846922
      ],
      [
       35.61452499164148,
       33.9806737953965
      ],
      [
       35.61453626660877,
       33.980659771148844
      ],
      [
       35.61455543405316,
       33.980662575998544
      ],
      [
       35.61456445402699,
       33.98065509639912
      ],
      [
       35.61457460149755,
       33.980653226499165
      ],
      [
       35.61456332653026,
       33.980649486699114
      ],
      [
       35.614558816543344,
       33.98064387699871
      ],
      [
       35.61455430655643,
       33.98064481194882
      ],
      [
       35.61455656154988,
       33.98065229154916
      ],
      [
       35.61454754157605,
       33.98065229154916
      ],
      [
       35.61454641407933,
       33.980641072148394
      ],
      [
       35.61453401161531,
       33.980643876998734
      ],
      [
       35.614528374131666,
       33.9806251779948
      ],
      [
       35.61453626660877,
       33.98061302364002
      ],
      [
       35.61458587646484,
       33.98061115373913
      ],
      [
       35.61458587646484,
       33.980750461242685
      ],
      [
       35.61458023898119,
       33.980749526293735
      ],
      [
       35.61458249397465,
       33.98076074568019
      ],
      [
       35.61457234650409,
       33.98075794083372
      ],
      [
       35.614568964013905,
       33.98076261557779
      ],
      [
       35.61455656154988,
       33.98076355052657
      ]
     ]
    ]
   },
   "properties": {
    "kind": "remove",
    "note": "",
    "source": "hand-drawn",
    "applied": "2026-09-09T09:39:02"
   }
  },
  {
   "type": "Feature",
   "geometry": {
    "type": "Polygon",
    "coordinates": [
     [
      [
       35.61477980590219,
       33.98135911081191
      ],
      [
       35.614776423412,
       33.98135256621606
      ],
      [
       35.61478318839237,
       33.98134321679257
      ],
      [
       35.61478882587602,
       33.98134228185016
      ],
      [
       35.61478657088256,
       33.981333867368015
      ],
      [
       35.61478995337274,
       33.981329192655366
      ],
      [
       35.61478544338583,
       33.98132638782763
      ],
      [
       35.61478093339892,
       33.98132919265537
      ],
      [
       35.614778678405465,
       33.9813123636877
      ],
      [
       35.61476627594145,
       33.98131142874493
      ],
      [
       35.61476289345126,
       33.98130488414541
      ],
      [
       35.61476289345126,
       33.98130020943117
      ],
      [
       35.61477416841854,
       33.981300209431176
      ],
      [
       35.61477078592836,
       33.981297404602486
      ],
      [
       35.614773040921825,
       33.981277770799196
      ],
      [
       35.6147685309349,
       33.98127029125389
      ],
      [
       35.61477529591527,
       33.98126655148099
      ],
      [
       35.61477529591527,
       33.981261876764634
      ],
      [
       35.614747108497056,
       33.98125813699136
      ],
      [
       35.61474147101341,
       33.98124691767056
      ],
      [
       35.61473470603303,
       33.9812497225009
      ],
      [
       35.614736961026495,
       33.9812413080096
      ],
      [
       35.61472681355593,
       33.98123756823544
      ],
      [
       35.61472343106575,
       33.98121980430583
      ],
      [
       35.61471215609846,
       33.981202040372544
      ],
      [
       35.6147132835952,
       33.98118801621206
      ],
      [
       35.61470539111809,
       33.9811833414914
      ],
      [
       35.61470877360828,
       33.98118053665887
      ],
      [
       35.61470426362136,
       33.98117960171466
      ],
      [
       35.61469862613772,
       33.98116651249482
      ],
      [
       35.61469637114426,
       33.98113191954698
      ],
      [
       35.614689606163886,
       33.98113004965751
      ],
      [
       35.61468509617698,
       33.981121635154366
      ],
      [
       35.614689606163886,
       33.981115090540236
      ],
      [
       35.61468847866716,
       33.98110761098061
      ],
      [
       35.61469298865407,
       33.98111135076049
      ],
      [
       35.61469524364753,
       33.981107610980615
      ],
      [
       35.61470200862791,
       33.981108545925615
      ],
      [
       35.61470764611156,
       33.98111602548513
      ],
      [
       35.61471102860174,
       33.98110574109061
      ],
      [
       35.61472343106575,
       33.98110948087058
      ],
      [
       35.61471666608538,
       33.98109732658506
      ],
      [
       35.61470539111809,
       33.98109919647526
      ],
      [
       35.61470539111809,
       33.981096391639944
      ],
      [
       35.614714411091924,
       33.9810945217497
      ],
      [
       35.614714411091924,
       33.98108984702385
      ],
      [
       35.614742598510134,
       33.981089847023874
      ],
      [
       35.614738088523225,
       33.981091716914236
      ],
      [
       35.61473921601995,
       33.9810954566948
      ],
      [
       35.614769658431634,
       33.98109358680456
      ],
      [
       35.614776423412,
       33.981089847023874
      ],
      [
       35.614778678405465,
       33.9810945217497
      ],
      [
       35.61478657088256,
       33.98109358680454
      ],
      [
       35.61479559085639,
       33.981101066365405
      ],
      [
       35.61480348333349,
       33.98110200131046
      ],
      [
       35.61481475830078,
       33.98111602548513
      ],
      [
       35.61482039578442,
       33.98111509054024
      ],
      [
       35.61482039578442,
       33.9811094808706
      ],
      [
       35.61481137581059,
       33.98110387120057
      ],
      [
       35.61481137581059,
       33.98110013142034
      ],
      [
       35.61482039578442,
       33.98110667603563
      ],
      [
       35.6148350532419,
       33.98110200131047
      ],
      [
       35.614842945719,
       33.98110387120055
      ],
      [
       35.61484971069937,
       33.9811178953749
      ],
      [
       35.61483730823536,
       33.981114155595314
      ],
      [
       35.61484069072554,
       33.98112537493365
      ],
      [
       35.614836180738635,
       33.9811300496575
      ],
      [
       35.614842945719,
       33.981130984602245
      ],
      [
       35.61485196569282,
       33.98114220393835
      ],
      [
       35.61485985816992,
       33.98114313888296
      ],
      [
       35.61486211316338,
       33.98115622810638
      ],
      [
       35.61487677062086,
       33.981157163050845
      ],
      [
       35.61487564312413,
       33.981171187216425
      ],
      [
       35.61488466309796,
       33.981174926993525
      ],
      [
       35.614880153111045,
       33.981177731826236
      ],
      [
       35.61488466309796,
       33.98118240654723
      ],
      [
       35.61488353560124,
       33.98120391026043
      ],
      [
       35.61489142807833,
       33.98120858497998
      ],
      [
       35.61489030058161,
       33.98122073924959
      ],
      [
       35.61489481056852,
       33.98122634891191
      ],
      [
       35.61489481056852,
       33.98123102363022
      ],
      [
       35.61489030058161,
       33.98122915374293
      ],
      [
       35.61488466309796,
       33.981236633291864
      ],
      [
       35.61489142807833,
       33.981239438122536
      ],
      [
       35.61489368307179,
       33.98123382846108
      ],
      [
       35.61490834052926,
       33.981234763404686
      ],
      [
       35.61490834052926,
       33.981239438122536
      ],
      [
       35.61489932055544,
       33.98124037306608
      ],
      [
       35.61490383054235,
       33.98124411284013
      ],
      [
       35.61490044805217,
       33.98125065744431
      ],
      [
       35.61490946802599,
       33.9812506574443
      ],
      [
       35.61492074299328,
       33.981263746651194
      ],
      [
       35.61491397801291,
       33.98126748642423
      ],
      [
       35.61492074299328,
       33.981280575628524
      ],
      [
       35.614911723019446,
       33.98128618528687
      ],
      [
       35.614911723019446,
       33.98128899011592
      ],
      [
       35.614919615496554,
       33.981289925058924
      ],
      [
       35.61492074299328,
       33.981295534716665
      ],
      [
       35.614911723019446,
       33.98129553471667
      ],
      [
       35.61490834052926,
       33.98129927448828
      ],
      [
       35.61490834052926,
       33.98131984322928
      ],
      [
       35.61489819305871,
       33.98132451794245
      ],
      [
       35.61489030058161,
       33.98133386736803
      ],
      [
       35.61489368307179,
       33.98134321679257
      ],
      [
       35.61487789811759,
       33.98134415173497
      ],
      [
       35.614872260633945,
       33.981348826446784
      ],
      [
       35.61484858320264,
       33.98134789150445
      ],
      [
       35.61484858320264,
       33.98135163127376
      ],
      [
       35.61483392574517,
       33.98135537104292
      ],
      [
       35.61477980590219,
       33.98135911081191
      ]
     ]
    ]
   },
   "properties": {
    "kind": "remove",
    "note": "",
    "source": "hand-drawn",
    "applied": "2026-09-09T09:39:02"
   }
  },
  {
   "type": "Feature",
   "geometry": {
    "type": "Polygon",
    "coordinates": [
     [
      [
       35.61476022005082,
       33.981341175258166
      ],
      [
       35.614862143993385,
       33.98133895111775
      ],
      [
       35.61491042375565,
       33.981316709710484
      ],
      [
       35.61491310596467,
       33.98128112344674
      ],
      [
       35.61477094888688,
       33.98085408711981
      ],
      [
       35.6146663427353,
       33.98062722319856
      ],
      [
       35.61465293169022,
       33.98060720576467
      ],
      [
       35.61462342739106,
       33.98060498160507
      ],
      [
       35.61453491449357,
       33.98062277488033
      ],
      [
       35.61452150344849,
       33.98063611983434
      ],
      [
       35.61452150344849,
       33.98066280973604
      ],
      [
       35.61454564332963,
       33.98075622432606
      ],
      [
       35.614604651927955,
       33.98087410449556
      ],
      [
       35.61466097831727,
       33.98105870896084
      ],
      [
       35.614703893661506,
       33.98113432995133
      ],
      [
       35.61476558446885,
       33.98133450283677
      ],
      [
       35.61476022005082,
       33.981341175258166
      ]
     ]
    ]
   },
   "properties": {
    "kind": "add",
    "note": "",
    "source": "hand-drawn",
    "applied": "2026-09-09T09:39:02"
   }
  },
  {
   "type": "Feature",
   "geometry": {
    "type": "Polygon",
    "coordinates": [
     [
      [
       35.61869672953788,
       33.981657356859344
      ],
      [
       35.61869447454442,
       33.981653617103476
      ],
      [
       35.618697857034604,
       33.98165174722548
      ],
      [
       35.618689964557504,
       33.98164894240842
      ],
      [
       35.618689964557504,
       33.98164520265215
      ],
      [
       35.618666287126196,
       33.98163211350402
      ],
      [
       35.61861103978649,
       33.981612479778015
      ],
      [
       35.618596382329024,
       33.981604065322635
      ],
      [
       35.61857608738791,
       33.98160032556443
      ],
      [
       35.6185208400482,
       33.98157321231243
      ],
      [
       35.61851745755801,
       33.98156573279313
      ],
      [
       35.61852986002203,
       33.98154048941059
      ],
      [
       35.61855353745332,
       33.98150870143673
      ],
      [
       35.61856932240753,
       33.981476913450976
      ],
      [
       35.61857946987809,
       33.981467564041154
      ],
      [
       35.61859299983884,
       33.981467564041154
      ],
      [
       35.61859525483229,
       33.98147223874619
      ],
      [
       35.61860201981266,
       33.98147130380521
      ],
      [
       35.618636972211256,
       33.98148532791896
      ],
      [
       35.61864824717854,
       33.98149374238611
      ],
      [
       35.61865501215892,
       33.981493742386085
      ],
      [
       35.61867305210657,
       33.98150309179304
      ],
      [
       35.61867868959021,
       33.98151150625843
      ],
      [
       35.618689964557504,
       33.98151337613952
      ],
      [
       35.61868883706077,
       33.98151992072297
      ],
      [
       35.61870574951171,
       33.98152366048473
      ],
      [
       35.61870574951171,
       33.981656421920384
      ],
      [
       35.61869672953788,
       33.981657356859344
      ]
     ]
    ]
   },
   "properties": {
    "kind": "remove",
    "note": "",
    "source": "hand-drawn",
    "applied": "2026-09-09T09:39:02"
   }
  },
  {
   "type": "Feature",
   "geometry": {
    "type": "Polygon",
    "coordinates": [
     [
      [
       35.61877227181871,
       33.98154329392204
      ],
      [
       35.61884781409954,
       33.98156573253143
      ],
      [
       35.618853451583185,
       33.98157882172024
      ],
      [
       35.61882864665515,
       33.98162837364932
      ],
      [
       35.61877227181871,
       33.98154329392204
      ],
      [
       35.61877227181871,
       33.98154329392204
      ]
     ]
    ]
   },
   "properties": {
    "kind": "remove",
    "note": "",
    "source": "hand-drawn",
    "applied": "2026-09-09T09:39:02"
   }
  },
  {
   "type": "Feature",
   "geometry": {
    "type": "Polygon",
    "coordinates": [
     [
      [
       35.61925596791534,
       33.98116183777298
      ],
      [
       35.61925484041861,
       33.98115529316192
      ],
      [
       35.619248075438236,
       33.98115342327297
      ],
      [
       35.619248075438236,
       33.981149683494934
      ],
      [
       35.6192424379546,
       33.98115155338396
      ],
      [
       35.61923567297422,
       33.98114126899374
      ],
      [
       35.6192424379546,
       33.981141268993746
      ],
      [
       35.61924582044478,
       33.981132854491705
      ],
      [
       35.61925596791534,
       33.98112911471276
      ],
      [
       35.61926047790226,
       33.981121635154366
      ],
      [
       35.619263860392444,
       33.981121635154366
      ],
      [
       35.619263860392444,
       33.98112911471276
      ],
      [
       35.61927062537282,
       33.981130984602245
      ],
      [
       35.619271752869544,
       33.981120700209516
      ],
      [
       35.619278517849914,
       33.98111696043003
      ],
      [
       35.6192819003401,
       33.98112443998885
      ],
      [
       35.61928302783683,
       33.981119765264665
      ],
      [
       35.61930557777141,
       33.981123505044025
      ],
      [
       35.61931121525505,
       33.981121635154366
      ],
      [
       35.61931121525505,
       33.981116960430036
      ],
      [
       35.61931798023542,
       33.98111883031981
      ],
      [
       35.61931798023542,
       33.98112350504401
      ],
      [
       35.61931121525505,
       33.98112350504402
      ],
      [
       35.61931347024851,
       33.98113378943641
      ],
      [
       35.61929881279103,
       33.98115529316193
      ],
      [
       35.6192819003401,
       33.98115342327297
      ],
      [
       35.619279645346644,
       33.98116090282857
      ],
      [
       35.61925935040553,
       33.98115903293973
      ],
      [
       35.61925596791534,
       33.98116183777298
      ]
     ]
    ]
   },
   "properties": {
    "kind": "remove",
    "note": "",
    "source": "hand-drawn",
    "applied": "2026-09-09T09:39:02"
   }
  },
  {
   "type": "Feature",
   "geometry": {
    "type": "Polygon",
    "coordinates": [
     [
      [
       35.619078576564796,
       33.98152800284462
      ],
      [
       35.61915367841721,
       33.981552468331486
      ],
      [
       35.61917781829835,
       33.981507985622855
      ],
      [
       35.619078576564796,
       33.98152800284462
      ]
     ]
    ]
   },
   "properties": {
    "kind": "add",
    "note": "",
    "source": "hand-drawn",
    "applied": "2026-09-09T09:39:02"
   }
  },
  {
   "type": "Feature",
   "geometry": {
    "type": "Polygon",
    "coordinates": [
     [
      [
       35.61908662319184,
       33.98151243389475
      ],
      [
       35.61914294958115,
       33.981507985622855
      ],
      [
       35.61915904283524,
       33.981494640805714
      ],
      [
       35.619116127491004,
       33.981485744259814
      ],
      [
       35.619078576564796,
       33.981507985622855
      ],
      [
       35.61908662319184,
       33.98151243389475
      ]
     ]
    ]
   },
   "properties": {
    "kind": "add",
    "note": "",
    "source": "hand-drawn",
    "applied": "2026-09-09T09:39:02"
   }
  },
  {
   "type": "Feature",
   "geometry": {
    "type": "Polygon",
    "coordinates": [
     [
      [
       35.618804969223845,
       33.98169007961846
      ],
      [
       35.61896845624952,
       33.9817433709588
      ],
      [
       35.6190383610467,
       33.98177889851904
      ],
      [
       35.61909699087659,
       33.98171064820596
      ],
      [
       35.61909473588314,
       33.98169288442585
      ],
      [
       35.61902708607941,
       33.98167512064573
      ],
      [
       35.618995516171005,
       33.98173682640824
      ],
      [
       35.61879482175329,
       33.98167512064573
      ],
      [
       35.618804969223845,
       33.98169007961846
      ],
      [
       35.618804969223845,
       33.98169007961846
      ]
     ]
    ]
   },
   "properties": {
    "kind": "remove",
    "note": "",
    "source": "hand-drawn",
    "applied": "2026-09-09T09:39:02"
   }
  },
  {
   "type": "Feature",
   "geometry": {
    "type": "Polygon",
    "coordinates": [
     [
      [
       35.61851531267167,
       33.98156581313955
      ],
      [
       35.618842542171485,
       33.98171260588981
      ],
      [
       35.61893105506898,
       33.98173262306339
      ],
      [
       35.619011521339424,
       33.981777105654466
      ],
      [
       35.6190437078476,
       33.98177932978341
      ],
      [
       35.619067847728736,
       33.981759312620824
      ],
      [
       35.619089305400855,
       33.981703709366705
      ],
      [
       35.619073212146766,
       33.98167257152852
      ],
      [
       35.61902225017548,
       33.981665899133134
      ],
      [
       35.61901688575745,
       33.981708157628375
      ],
      [
       35.61897665262223,
       33.98173039893323
      ],
      [
       35.61880767345429,
       33.98166812326497
      ],
      [
       35.61879962682725,
       33.98165477847299
      ],
      [
       35.61883985996247,
       33.98161251995121
      ],
      [
       35.618853271007545,
       33.98157693381131
      ],
      [
       35.6187191605568,
       33.9815368993861
      ],
      [
       35.61861991882325,
       33.98148352012319
      ],
      [
       35.618568956851966,
       33.98147684771297
      ],
      [
       35.61855018138886,
       33.98152800284462
      ],
      [
       35.61852335929871,
       33.98155914073578
      ],
      [
       35.61851531267167,
       33.98156581313955
      ]
     ]
    ]
   },
   "properties": {
    "kind": "add",
    "note": "",
    "source": "hand-drawn",
    "applied": "2026-09-09T09:39:02"
   }
  },
  {
   "type": "Feature",
   "geometry": {
    "type": "Polygon",
    "coordinates": [
     [
      [
       35.61859299983884,
       33.98234827393346
      ],
      [
       35.61858623485846,
       33.982343599276604
      ],
      [
       35.618572704897716,
       33.98234172941376
      ],
      [
       35.618554664950054,
       33.98232957530446
      ],
      [
       35.61854226248604,
       33.9823286403729
      ],
      [
       35.61854338998277,
       33.98232209585169
      ],
      [
       35.61853775249912,
       33.98231929105674
      ],
      [
       35.61851971255147,
       33.9823164862617
      ],
      [
       35.61852647753184,
       33.982316486261695
      ],
      [
       35.61852760502857,
       33.98231274653481
      ],
      [
       35.61854564497622,
       33.98231274653481
      ],
      [
       35.61855240995659,
       33.98230713694419
      ],
      [
       35.61856706741407,
       33.98230713694418
      ],
      [
       35.61857044990426,
       33.982297787625676
      ],
      [
       35.618573832394446,
       33.98230152735321
      ],
      [
       35.61858510736173,
       33.98230059242134
      ],
      [
       35.61858510736173,
       33.98230433214875
      ],
      [
       35.61858736235519,
       33.982299657489456
      ],
      [
       35.61859187234211,
       33.982299657489456
      ],
      [
       35.61859525483229,
       33.98231274653482
      ],
      [
       35.61860991228976,
       33.98231835612506
      ],
      [
       35.6185997648192,
       33.98232209585169
      ],
      [
       35.61860540230285,
       33.98233985955091
      ],
      [
       35.61859299983884,
       33.98234827393346
      ]
     ]
    ]
   },
   "properties": {
    "kind": "remove",
    "note": "",
    "source": "hand-drawn",
    "applied": "2026-09-09T09:39:02"
   }
  },
  {
   "type": "Feature",
   "geometry": {
    "type": "Polygon",
    "coordinates": [
     [
      [
       35.61950176220222,
       33.98195186211759
      ],
      [
       35.61949499722184,
       33.981947187438905
      ],
      [
       35.61949612471857,
       33.981938773016665
      ],
      [
       35.61950176220222,
       33.98193316340136
      ],
      [
       35.61949499722184,
       33.98192474897772
      ],
      [
       35.61949837971203,
       33.98191913936149
      ],
      [
       35.61949274222839,
       33.98192007429755
      ],
      [
       35.61949048723493,
       33.981931293529485
      ],
      [
       35.61948597724802,
       33.98193129352949
      ],
      [
       35.61948372225456,
       33.98192661884971
      ],
      [
       35.61947582977746,
       33.98192848872166
      ],
      [
       35.619466809803626,
       33.98192474897772
      ],
      [
       35.6194622998167,
       33.98192755378569
      ],
      [
       35.619464554810165,
       33.981917269489344
      ],
      [
       35.61945891732652,
       33.98191726948933
      ],
      [
       35.61946004482325,
       33.98190511531931
      ],
      [
       35.61947582977746,
       33.98188922140206
      ],
      [
       35.619481467261096,
       33.981872392545235
      ],
      [
       35.61949161473166,
       33.98186678292556
      ],
      [
       35.61949499722184,
       33.981869587735446
      ],
      [
       35.61949950720876,
       33.98185088900113
      ],
      [
       35.61950288969895,
       33.98184808419063
      ],
      [
       35.61950176220222,
       33.981854628748316
      ],
      [
       35.619505144692404,
       33.9818546287483
      ],
      [
       35.619513037169504,
       33.98183593001072
      ],
      [
       35.619526567130244,
       33.98182471076617
      ],
      [
       35.619526567130244,
       33.98181723126899
      ],
      [
       35.6195209296466,
       33.98182190595478
      ],
      [
       35.61951867465314,
       33.981820036080514
      ],
      [
       35.619528822123705,
       33.98180414214734
      ],
      [
       35.61953220461389,
       33.9818013373353
      ],
      [
       35.61952994962043,
       33.98180694695929
      ],
      [
       35.61953107711716,
       33.98181162164567
      ],
      [
       35.61954122458772,
       33.981797597585754
      ],
      [
       35.61954686207136,
       33.98179666264836
      ],
      [
       35.61954911706482,
       33.98180788189658
      ],
      [
       35.619561519528844,
       33.981806012021984
      ],
      [
       35.61955926453538,
       33.98181536139459
      ],
      [
       35.61954460707791,
       33.98181349152015
      ],
      [
       35.619543479581175,
       33.981819101143344
      ],
      [
       35.619535587104075,
       33.981820971017655
      ],
      [
       35.619535587104075,
       33.98182845051452
      ],
      [
       35.619527694626974,
       33.981829385451576
      ],
      [
       35.619526567130244,
       33.98184060469549
      ],
      [
       35.61952994962043,
       33.981840604695485
      ],
      [
       35.61952994962043,
       33.98183499507371
      ],
      [
       35.61954009709099,
       33.98183593001071
      ],
      [
       35.61954009709099,
       33.981839669758564
      ],
      [
       35.61953107711716,
       33.98184153963242
      ],
      [
       35.61953220461389,
       33.98184621431691
      ],
      [
       35.61954009709099,
       33.98184621431689
      ],
      [
       35.6195479895681,
       33.98185275887476
      ],
      [
       35.61956039203211,
       33.98184527938003
      ],
      [
       35.6195558820452,
       33.981854628748316
      ],
      [
       35.61955137205828,
       33.981855563685095
      ],
      [
       35.61955362705174,
       33.98185930343207
      ],
      [
       35.619545734574636,
       33.98185930343209
      ],
      [
       35.61955475454847,
       33.981872392545235
      ],
      [
       35.619545734574636,
       33.98187800216455
      ],
      [
       35.619543479581175,
       33.98188548165636
      ],
      [
       35.619527694626974,
       33.98188267684702
      ],
      [
       35.61953220461389,
       33.98189109127483
      ],
      [
       35.61951754715641,
       33.98189483102024
      ],
      [
       35.61951867465314,
       33.981902310510606
      ],
      [
       35.61953333211061,
       33.98190792012794
      ],
      [
       35.61953333211061,
       33.98191446468102
      ],
      [
       35.61953107711716,
       33.98191820442541
      ],
      [
       35.61951867465314,
       33.981917269489344
      ],
      [
       35.619513037169504,
       33.981926618849705
      ],
      [
       35.61951754715641,
       33.981935033273174
      ],
      [
       35.61950739968586,
       33.981936903144934
      ],
      [
       35.619513037169504,
       33.981944382631575
      ],
      [
       35.61950176220222,
       33.98195186211759
      ]
     ]
    ]
   },
   "properties": {
    "kind": "remove",
    "note": "",
    "source": "hand-drawn",
    "applied": "2026-09-09T09:39:02"
   }
  },
  {
   "type": "Feature",
   "geometry": {
    "type": "Polygon",
    "coordinates": [
     [
      [
       35.6200779130306,
       33.98278488575162
      ],
      [
       35.62003394065818,
       33.982783950825066
      ],
      [
       35.62003168566472,
       33.982780211118765
      ],
      [
       35.62000124325305,
       33.98277834126555
      ],
      [
       35.61998996828576,
       33.982746553754616
      ],
      [
       35.62000124325305,
       33.98273813941148
      ],
      [
       35.61999898825959,
       33.98272598535884
      ],
      [
       35.62000237074978,
       33.98272131072275
      ],
      [
       35.620051980605844,
       33.98271850594095
      ],
      [
       35.62005761808948,
       33.982726920286034
      ],
      [
       35.6200655105666,
       33.982726920286034
      ],
      [
       35.620075658037145,
       33.98273346477605
      ],
      [
       35.620071148050236,
       33.98274374897365
      ],
      [
       35.62007227554696,
       33.98274842360853
      ],
      [
       35.62007904052733,
       33.98275122838932
      ],
      [
       35.62007340304369,
       33.9827549680969
      ],
      [
       35.62007340304369,
       33.982765252291905
      ],
      [
       35.62007904052733,
       33.98276712214539
      ],
      [
       35.6200779130306,
       33.98278488575162
      ]
     ]
    ]
   },
   "properties": {
    "kind": "remove",
    "note": "",
    "source": "hand-drawn",
    "applied": "2026-09-09T09:39:02"
   }
  },
  {
   "type": "Feature",
   "geometry": {
    "type": "Polygon",
    "coordinates": [
     [
      [
       35.620044088128736,
       33.982597900236826
      ],
      [
       35.620029430671266,
       33.98258948587899
      ],
      [
       35.620027175677805,
       33.982562372942525
      ],
      [
       35.620051980605844,
       33.98252497577456
      ],
      [
       35.6200542355993,
       33.98252965042146
      ],
      [
       35.620062128076405,
       33.9825287154921
      ],
      [
       35.6200655105666,
       33.982532455209466
      ],
      [
       35.62006889305678,
       33.98252965042147
      ],
      [
       35.62007904052733,
       33.98253152028015
      ],
      [
       35.62007904052733,
       33.98259603037958
      ],
      [
       35.620044088128736,
       33.982597900236826
      ]
     ]
    ]
   },
   "properties": {
    "kind": "remove",
    "note": "",
    "source": "hand-drawn",
    "applied": "2026-09-09T09:39:02"
   }
  },
  {
   "type": "Feature",
   "geometry": {
    "type": "Polygon",
    "coordinates": [
     [
      [
       35.620070020553506,
       33.98262968780337
      ],
      [
       35.620061000579675,
       33.982622208377016
      ],
      [
       35.62006889305678,
       33.98261566387841
      ],
      [
       35.62006438306986,
       33.98261192416471
      ],
      [
       35.62007904052733,
       33.98261098923626
      ],
      [
       35.62007340304369,
       33.982615663878434
      ],
      [
       35.62007904052733,
       33.98262314330534
      ],
      [
       35.620070020553506,
       33.98262968780337
      ]
     ]
    ]
   },
   "properties": {
    "kind": "remove",
    "note": "",
    "source": "hand-drawn",
    "applied": "2026-09-09T09:39:02"
   }
  },
  {
   "type": "Feature",
   "geometry": {
    "type": "Polygon",
    "coordinates": [
     [
      [
       35.62041277955905,
       33.98267269449211
      ],
      [
       35.62040826957213,
       33.9826689547809
      ],
      [
       35.6203992495983,
       33.98266988970873
      ],
      [
       35.620395867108115,
       33.98266147535801
      ],
      [
       35.620387974631015,
       33.98266521506955
      ],
      [
       35.620380082153915,
       33.98265773564631
      ],
      [
       35.620373317173545,
       33.98265773564631
      ],
      [
       35.62037218967682,
       33.98264838636637
      ],
      [
       35.62035076723897,
       33.982647451438304
      ],
      [
       35.62036993468335,
       33.982645581582176
      ],
      [
       35.6203676796899,
       33.9826399720135
      ],
      [
       35.62033385478803,
       33.98263997201352
      ],
      [
       35.620323707317475,
       33.98264371172599
      ],
      [
       35.62030341237636,
       33.98263716722906
      ],
      [
       35.62029890238944,
       33.98262875287511
      ],
      [
       35.62029439240253,
       33.98262781794684
      ],
      [
       35.62030566736982,
       33.98261940359196
      ],
      [
       35.620302284879635,
       33.98261098923626
      ],
      [
       35.62029890238944,
       33.98261940359196
      ],
      [
       35.62029213740907,
       33.9826091193793
      ],
      [
       35.62028424493197,
       33.98260724952234
      ],
      [
       35.62028988241562,
       33.9826044447368
      ],
      [
       35.62026620498431,
       33.98260163995114
      ],
      [
       35.620267332481035,
       33.98259229066503
      ],
      [
       35.620259440003935,
       33.98259135573635
      ],
      [
       35.620252675023565,
       33.982582941377885
      ],
      [
       35.62023238008245,
       33.98258574616415
      ],
      [
       35.62023012508899,
       33.98257826673392
      ],
      [
       35.62023463507591,
       33.982569852374134
      ],
      [
       35.62022336010862,
       33.98256891744522
      ],
      [
       35.620235762572634,
       33.98256424280048
      ],
      [
       35.62020870265114,
       33.98255676336837
      ],
      [
       35.62020870265114,
       33.982548349006464
      ],
      [
       35.62021434013479,
       33.982541804502176
      ],
      [
       35.62017826023947,
       33.982539934643725
      ],
      [
       35.62017826023947,
       33.9825343250681
      ],
      [
       35.62019404519367,
       33.982532455209466
      ],
      [
       35.620197427683856,
       33.98253619492668
      ],
      [
       35.62021772262497,
       33.98253619492665
      ],
      [
       35.62022448760535,
       33.982533390138784
      ],
      [
       35.6202267425988,
       33.982524040845156
      ],
      [
       35.62022336010862,
       33.98251936619794
      ],
      [
       35.620228997592264,
       33.982516561409504
      ],
      [
       35.62023012508899,
       33.98251095183234
      ],
      [
       35.620238017566095,
       33.98251095183233
      ],
      [
       35.620235762572634,
       33.982506277184406
      ],
      [
       35.62023012508899,
       33.98250534225481
      ],
      [
       35.620231252585725,
       33.98250066760657
      ],
      [
       35.620236890069364,
       33.98249879774721
      ],
      [
       35.62029100991234,
       33.98249786281751
      ],
      [
       35.62032821730439,
       33.982493188168874
      ],
      [
       35.62034287476187,
       33.982496927887816
      ],
      [
       35.62034512975532,
       33.98249225323911
      ],
      [
       35.6203518947357,
       33.98249131830934
      ],
      [
       35.62036880718664,
       33.982494123098625
      ],
      [
       35.62036204220625,
       33.98249786281752
      ],
      [
       35.620385719637554,
       33.98249879774721
      ],
      [
       35.620378954657184,
       33.982510016902786
      ],
      [
       35.620386847134284,
       33.982514691550506
      ],
      [
       35.62038120965064,
       33.982530585350815
      ],
      [
       35.620387974631015,
       33.9825343250681
      ],
      [
       35.62038459214082,
       33.98253619492667
      ],
      [
       35.620385719637554,
       33.98254180450217
      ],
      [
       35.620378954657184,
       33.9825436743606
      ],
      [
       35.62038910212774,
       33.982544609289796
      ],
      [
       35.620395867108115,
       33.98255489351025
      ],
      [
       35.620402632088485,
       33.98255582843932
      ],
      [
       35.6204150345525,
       33.9825661126584
      ],
      [
       35.62042405452634,
       33.98256517772946
      ],
      [
       35.62042856451325,
       33.98256891744521
      ],
      [
       35.62042630951979,
       33.982573592089686
      ],
      [
       35.62044322197072,
       33.98257920166272
      ],
      [
       35.620431947003446,
       33.98259696530821
      ],
      [
       35.62042856451325,
       33.98259790023684
      ],
      [
       35.62042630951979,
       33.98259509545098
      ],
      [
       35.62041841704269,
       33.982595095450975
      ],
      [
       35.62042518202306,
       33.9825960303796
      ],
      [
       35.620427437016524,
       33.98260631459383
      ],
      [
       35.62043871198381,
       33.98260818445083
      ],
      [
       35.62043871198381,
       33.98261098923625
      ],
      [
       35.620436456990355,
       33.98260911937932
      ],
      [
       35.620436456990355,
       33.98261566387842
      ],
      [
       35.62042630951979,
       33.98261472895002
      ],
      [
       35.62043081950671,
       33.982618468663595
      ],
      [
       35.62042630951979,
       33.98262594809026
      ],
      [
       35.62042969200999,
       33.98263529737268
      ],
      [
       35.62040826957213,
       33.982639972013516
      ],
      [
       35.62040826957213,
       33.982642776797896
      ],
      [
       35.6204150345525,
       33.98264184186977
      ],
      [
       35.62043081950671,
       33.982656800718374
      ],
      [
       35.62041390705578,
       33.982664280141684
      ],
      [
       35.62041728954596,
       33.98267082463653
      ],
      [
       35.62041277955905,
       33.98267269449211
      ]
     ]
    ]
   },
   "properties": {
    "kind": "remove",
    "note": "",
    "source": "hand-drawn",
    "applied": "2026-09-09T09:39:02"
   }
  },
  {
   "type": "Feature",
   "geometry": {
    "type": "Polygon",
    "coordinates": [
     [
      [
       35.62021208514133,
       33.98262033852032
      ],
      [
       35.62020983014787,
       33.98261659880683
      ],
      [
       35.62020081017404,
       33.98261753373521
      ],
      [
       35.62019291769694,
       33.98261285909315
      ],
      [
       35.620221105115164,
       33.98261192416471
      ],
      [
       35.62022448760535,
       33.9826025748797
      ],
      [
       35.6202109576446,
       33.98260070502259
      ],
      [
       35.62021772262497,
       33.98259790023684
      ],
      [
       35.62023012508899,
       33.98260537966532
      ],
      [
       35.62023463507591,
       33.98261940359196
      ],
      [
       35.62021772262497,
       33.98261659880682
      ],
      [
       35.62021208514133,
       33.98262033852032
      ]
     ]
    ]
   },
   "properties": {
    "kind": "remove",
    "note": "",
    "source": "hand-drawn",
    "applied": "2026-09-09T09:39:02"
   }
  },
  {
   "type": "Feature",
   "geometry": {
    "type": "Polygon",
    "coordinates": [
     [
      [
       35.62000662088395,
       33.982771285490955
      ],
      [
       35.62004148960114,
       33.98276238907866
      ],
      [
       35.6200334429741,
       33.98272902752424
      ],
      [
       35.62001466751099,
       33.98273569983615
      ],
      [
       35.620003938674934,
       33.98276906138797
      ],
      [
       35.62000662088395,
       33.982771285490955
      ]
     ]
    ]
   },
   "properties": {
    "kind": "add",
    "note": "",
    "source": "hand-drawn",
    "applied": "2026-09-09T09:39:02"
   }
  },
  {
   "type": "Feature",
   "geometry": {
    "type": "Polygon",
    "coordinates": [
     [
      [
       35.620207786560066,
       33.98276906138797
      ],
      [
       35.62027484178544,
       33.98276906138797
      ],
      [
       35.62029361724854,
       33.98275126856195
      ],
      [
       35.62028825283051,
       33.9825221855946
      ],
      [
       35.62004148960114,
       33.982526633813414
      ],
      [
       35.62004148960114,
       33.98258001242131
      ],
      [
       35.62005758285523,
       33.982586684744916
      ],
      [
       35.62022119760514,
       33.98258001242131
      ],
      [
       35.62023729085923,
       33.98259113296038
      ],
      [
       35.620239973068244,
       33.98272235521178
      ],
      [
       35.62019437551499,
       33.982731251628266
      ],
      [
       35.62019973993302,
       33.982755716768814
      ],
      [
       35.62022119760514,
       33.982771285490955
      ],
      [
       35.620207786560066,
       33.98276906138797
      ]
     ]
    ]
   },
   "properties": {
    "kind": "add",
    "note": "",
    "source": "hand-drawn",
    "applied": "2026-09-09T09:39:02"
   }
  },
  {
   "type": "Feature",
   "geometry": {
    "type": "Polygon",
    "coordinates": [
     [
      [
       35.62039285898209,
       33.98274682035489
      ],
      [
       35.6204840540886,
       33.982744596251244
      ],
      [
       35.620449185371406,
       33.98259113296038
      ],
      [
       35.62045723199845,
       33.982499944496915
      ],
      [
       35.62042772769929,
       33.98249327216649
      ],
      [
       35.62030702829362,
       33.982504392716905
      ],
      [
       35.62029361724854,
       33.98253330614125
      ],
      [
       35.6203043460846,
       33.982664528481905
      ],
      [
       35.620382130146034,
       33.982671200798876
      ],
      [
       35.62039822340012,
       33.98276238907866
      ],
      [
       35.62039285898209,
       33.98274682035489
      ]
     ]
    ]
   },
   "properties": {
    "kind": "add",
    "note": "",
    "source": "hand-drawn",
    "applied": "2026-09-09T09:39:02"
   }
  },
  {
   "type": "Feature",
   "geometry": {
    "type": "Polygon",
    "coordinates": [
     [
      [
       35.620872798224376,
       33.98312145864166
      ],
      [
       35.62080965840757,
       33.983115849104436
      ],
      [
       35.620779215995896,
       33.98311678402732
      ],
      [
       35.620771323518795,
       33.9831139792586
      ],
      [
       35.620770196022065,
       33.98310836972086
      ],
      [
       35.620778088499165,
       33.98310930464385
      ],
      [
       35.62078147098936,
       33.98310556495185
      ],
      [
       35.62077696100244,
       33.98309715064427
      ],
      [
       35.62078823596973,
       33.98309528079803
      ],
      [
       35.62079274595664,
       33.98309808556737
      ],
      [
       35.62079951093702,
       33.983094345874875
      ],
      [
       35.62080402092393,
       33.98310463002884
      ],
      [
       35.620817550884674,
       33.983109304643826
      ],
      [
       35.6208186783814,
       33.983086866489415
      ],
      [
       35.62079387345337,
       33.98308686648942
      ],
      [
       35.6208107859043,
       33.98307564741
      ],
      [
       35.620832208342144,
       33.98307845218
      ],
      [
       35.620834463335605,
       33.98310369510579
      ],
      [
       35.62083671832906,
       33.98310836972086
      ],
      [
       35.620842355812705,
       33.98310930464384
      ],
      [
       35.62083784582579,
       33.98309621572115
      ],
      [
       35.620841228315975,
       33.983089671259044
      ],
      [
       35.62083897332252,
       33.98308032202661
      ],
      [
       35.620851375786536,
       33.98307377756329
      ],
      [
       35.62087167072765,
       33.98307564741
      ],
      [
       35.62087618071457,
       33.98306442832909
      ],
      [
       35.620881818198214,
       33.983066298176006
      ],
      [
       35.62088407319167,
       33.983071907716514
      ],
      [
       35.620905495629515,
       33.98306349340562
      ],
      [
       35.62091226060989,
       33.98306723309945
      ],
      [
       35.6209483405052,
       33.983066298176006
      ],
      [
       35.620962997962685,
       33.98307190771652
      ],
      [
       35.620962997962685,
       33.983078452179996
      ],
      [
       35.620917898093545,
       33.98307751725666
      ],
      [
       35.620922408080446,
       33.983093410951746
      ],
      [
       35.62092691806736,
       33.98309715064427
      ],
      [
       35.62093481054446,
       33.98309528079803
      ],
      [
       35.62093368304773,
       33.98310369510579
      ],
      [
       35.620952850492124,
       33.98310369510579
      ],
      [
       35.62096187046595,
       33.98310930464385
      ],
      [
       35.620960742969224,
       33.98311210941273
      ],
      [
       35.62092804556409,
       33.9831139792586
      ],
      [
       35.620906623126245,
       33.983111174489785
      ],
      [
       35.620872798224376,
       33.98312145864166
      ]
     ]
    ]
   },
   "properties": {
    "kind": "remove",
    "note": "",
    "source": "hand-drawn",
    "applied": "2026-09-09T09:39:02"
   }
  },
  {
   "type": "Feature",
   "geometry": {
    "type": "Polygon",
    "coordinates": [
     [
      [
       35.62114903492292,
       33.983096215721154
      ],
      [
       35.621105062550505,
       33.98309621572115
      ],
      [
       35.62109942506686,
       33.983085931566194
      ],
      [
       35.62110844504069,
       33.9830691029463
      ],
      [
       35.62112197500143,
       33.98307471248664
      ],
      [
       35.621119720007975,
       33.98308406171971
      ],
      [
       35.62113212247199,
       33.98309341095173
      ],
      [
       35.62114903492292,
       33.983096215721154
      ]
     ]
    ]
   },
   "properties": {
    "kind": "remove",
    "note": "",
    "source": "hand-drawn",
    "applied": "2026-09-09T09:39:02"
   }
  },
  {
   "type": "Feature",
   "geometry": {
    "type": "Polygon",
    "coordinates": [
     [
      [
       35.621159182393484,
       33.98308873633585
      ],
      [
       35.621152417413114,
       33.9830812569499
      ],
      [
       35.62113775995563,
       33.9830803220266
      ],
      [
       35.621134377465445,
       33.98307377756328
      ],
      [
       35.62114790742619,
       33.98305040447586
      ],
      [
       35.621165947373854,
       33.9830485346286
      ],
      [
       35.62116932986405,
       33.98305694894099
      ],
      [
       35.62117834983787,
       33.9830597537116
      ],
      [
       35.621176094844415,
       33.98306723309945
      ],
      [
       35.62118398732151,
       33.98306536325254
      ],
      [
       35.62118511481824,
       33.98306910294631
      ],
      [
       35.6211794773346,
       33.98307658233333
      ],
      [
       35.62117271235423,
       33.983072842639906
      ],
      [
       35.62116932986405,
       33.983076582333325
      ],
      [
       35.6211715848575,
       33.98308406171971
      ],
      [
       35.621159182393484,
       33.98308873633585
      ]
     ]
    ]
   },
   "properties": {
    "kind": "remove",
    "note": "",
    "source": "hand-drawn",
    "applied": "2026-09-09T09:39:02"
   }
  },
  {
   "type": "Feature",
   "geometry": {
    "type": "Polygon",
    "coordinates": [
     [
      [
       35.620365424696445,
       33.983037315544095
      ],
      [
       35.620347384748776,
       33.98303357584893
      ],
      [
       35.62034174726514,
       33.983013007522636
      ],
      [
       35.62034851224551,
       33.98301487737067
      ],
      [
       35.62035527722588,
       33.98300833290232
      ],
      [
       35.62036880718664,
       33.98300646305413
      ],
      [
       35.620373317173545,
       33.983011137674545
      ],
      [
       35.62038233714737,
       33.9830120725986
      ],
      [
       35.620380082153915,
       33.98301581229469
      ],
      [
       35.620386847134284,
       33.98301768214268
      ],
      [
       35.620386847134284,
       33.98302796630591
      ],
      [
       35.6203913571212,
       33.98302142183853
      ],
      [
       35.620394739611385,
       33.983023291686415
      ],
      [
       35.62038459214082,
       33.98303544569655
      ],
      [
       35.620365424696445,
       33.983037315544095
      ]
     ]
    ]
   },
   "properties": {
    "kind": "remove",
    "note": "",
    "source": "hand-drawn",
    "applied": "2026-09-09T09:39:02"
   }
  },
  {
   "type": "Feature",
   "geometry": {
    "type": "Polygon",
    "coordinates": [
     [
      [
       35.61992079019547,
       33.983378463429965
      ],
      [
       35.62003880739213,
       33.98338735977779
      ],
      [
       35.62002807855607,
       33.98333175758865
      ],
      [
       35.62004953622819,
       33.98329839625771
      ],
      [
       35.62004953622819,
       33.98326281082361
      ],
      [
       35.61994761228562,
       33.9832516903724
      ],
      [
       35.61991542577744,
       33.983371791168494
      ],
      [
       35.61992079019547,
       33.983378463429965
      ]
     ]
    ]
   },
   "properties": {
    "kind": "add",
    "note": "",
    "source": "hand-drawn",
    "applied": "2026-09-09T09:39:02"
   }
  },
  {
   "type": "Feature",
   "geometry": {
    "type": "Polygon",
    "coordinates": [
     [
      [
       35.620202422142036,
       33.983398480211264
      ],
      [
       35.62030166387559,
       33.983407376557
      ],
      [
       35.62031239271165,
       33.98338068751703
      ],
      [
       35.62019973993302,
       33.983378463429965
      ],
      [
       35.620197057724006,
       33.983391807951364
      ],
      [
       35.620202422142036,
       33.983398480211264
      ]
     ]
    ]
   },
   "properties": {
    "kind": "add",
    "note": "",
    "source": "hand-drawn",
    "applied": "2026-09-09T09:39:02"
   }
  },
  {
   "type": "Feature",
   "geometry": {
    "type": "Polygon",
    "coordinates": [
     [
      [
       35.620059873082944,
       33.983366408073735
      ],
      [
       35.620061000579675,
       33.98335986363246
      ],
      [
       35.620053108102574,
       33.98335892871222
      ],
      [
       35.6200542355993,
       33.983349579509394
      ],
      [
       35.6200655105666,
       33.98334396998721
      ],
      [
       35.6200779130306,
       33.98334396998721
      ],
      [
       35.6200779130306,
       33.983350514429716
      ],
      [
       35.620062128076405,
       33.98335051442971
      ],
      [
       35.62005761808948,
       33.98335705887172
      ],
      [
       35.62007904052733,
       33.98335331919065
      ],
      [
       35.62007904052733,
       33.98335892871223
      ],
      [
       35.620067765560044,
       33.983360798552674
      ],
      [
       35.620071148050236,
       33.983366408073735
      ],
      [
       35.620059873082944,
       33.983366408073735
      ]
     ]
    ]
   },
   "properties": {
    "kind": "remove",
    "note": "",
    "source": "hand-drawn",
    "applied": "2026-09-09T09:39:02"
   }
  },
  {
   "type": "Feature",
   "geometry": {
    "type": "Polygon",
    "coordinates": [
     [
      [
       35.6187993317402,
       33.983074712486626
      ],
      [
       35.61878016429581,
       33.98307471248665
      ],
      [
       35.6187756543089,
       33.983068168022896
      ],
      [
       35.61875310437432,
       33.9830737775633
      ],
      [
       35.618741829407035,
       33.98307284263989
      ],
      [
       35.618740701910305,
       33.98306910294631
      ],
      [
       35.61873731942012,
       33.9830728426399
      ],
      [
       35.618733936929935,
       33.9830691029463
      ],
      [
       35.618723789459374,
       33.98307003786972
      ],
      [
       35.618724916956104,
       33.983052274323086
      ],
      [
       35.618711386995365,
       33.98305788386454
      ],
      [
       35.618705749511726,
       33.98305133939947
      ],
      [
       35.61870913200191,
       33.9830158122947
      ],
      [
       35.61871589698227,
       33.98301955199063
      ],
      [
       35.6187440844005,
       33.983022356762476
      ],
      [
       35.61873731942012,
       33.98304012031535
      ],
      [
       35.61874295690376,
       33.98304666478128
      ],
      [
       35.6187598693547,
       33.983047599704946
      ],
      [
       35.61876099685143,
       33.98305040447586
      ],
      [
       35.61876663433507,
       33.983044794933924
      ],
      [
       35.61877227181871,
       33.98304479493393
      ],
      [
       35.61876663433507,
       33.98304386001025
      ],
      [
       35.618765506838336,
       33.98304012031536
      ],
      [
       35.618774526812174,
       33.983034510772754
      ],
      [
       35.61878918426964,
       33.98303825046787
      ],
      [
       35.61880045923693,
       33.983035445696544
      ],
      [
       35.61880158673365,
       33.983029836153634
      ],
      [
       35.618806096720576,
       33.983029836153634
      ],
      [
       35.61881060670749,
       33.983040120315344
      ],
      [
       35.618806096720576,
       33.983062558482125
      ],
      [
       35.6187993317402,
       33.983068168022875
      ],
      [
       35.6187993317402,
       33.983074712486626
      ]
     ]
    ]
   },
   "properties": {
    "kind": "remove",
    "note": "",
    "source": "hand-drawn",
    "applied": "2026-09-09T09:39:02"
   }
  },
  {
   "type": "Feature",
   "geometry": {
    "type": "Polygon",
    "coordinates": [
     [
      [
       35.618806096720576,
       33.98307564741
      ],
      [
       35.61880835171403,
       33.983061623558626
      ],
      [
       35.618811734204215,
       33.98305975371159
      ],
      [
       35.618811734204215,
       33.98306255848213
      ],
      [
       35.61881962668132,
       33.983063493405616
      ],
      [
       35.61882300917151,
       33.9830597537116
      ],
      [
       35.61882413666823,
       33.98304292508653
      ],
      [
       35.61883541163552,
       33.98304479493393
      ],
      [
       35.61883541163552,
       33.983047599704946
      ],
      [
       35.61882639166169,
       33.983046664781284
      ],
      [
       35.61882751915842,
       33.98305040447587
      ],
      [
       35.61883879412571,
       33.983049469552235
      ],
      [
       35.61883879412571,
       33.983053209246684
      ],
      [
       35.6188466866028,
       33.983055079093866
      ],
      [
       35.61885006909299,
       33.98305507909386
      ],
      [
       35.61884781409953,
       33.98305133939948
      ],
      [
       35.61885796157009,
       33.98305320924669
      ],
      [
       35.61885683407336,
       33.983061623558626
      ],
      [
       35.618852324086454,
       33.98306349340562
      ],
      [
       35.61884555910608,
       33.9830597537116
      ],
      [
       35.618843304112616,
       33.983068168022896
      ],
      [
       35.61883315664207,
       33.98306910294631
      ],
      [
       35.61883766662898,
       33.98306255848211
      ],
      [
       35.61883766662898,
       33.98305788386454
      ],
      [
       35.6188342841388,
       33.98305788386454
      ],
      [
       35.61882751915842,
       33.98306068863512
      ],
      [
       35.618832029145345,
       33.983066298176006
      ],
      [
       35.61882864665516,
       33.983071907716514
      ],
      [
       35.618806096720576,
       33.98307564741
      ]
     ]
    ]
   },
   "properties": {
    "kind": "remove",
    "note": "",
    "source": "hand-drawn",
    "applied": "2026-09-09T09:39:02"
   }
  },
  {
   "type": "Feature",
   "geometry": {
    "type": "Polygon",
    "coordinates": [
     [
      [
       35.618859089066824,
       33.98317474922705
      ],
      [
       35.61884443160935,
       33.98317194446023
      ],
      [
       35.61884104911916,
       33.98316166031444
      ],
      [
       35.6188466866028,
       33.98316072539204
      ],
      [
       35.61885119658972,
       33.98316540000397
      ],
      [
       35.61886585404719,
       33.98316446508161
      ],
      [
       35.618859089066824,
       33.98317474922705
      ]
     ]
    ]
   },
   "properties": {
    "kind": "remove",
    "note": "",
    "source": "hand-drawn",
    "applied": "2026-09-09T09:39:02"
   }
  },
  {
   "type": "Feature",
   "geometry": {
    "type": "Polygon",
    "coordinates": [
     [
      [
       35.62006831169129,
       33.98333398167693
      ],
      [
       35.620113909244544,
       33.98333620576513
      ],
      [
       35.62011122703553,
       33.98329839625771
      ],
      [
       35.62007367610932,
       33.98329839625771
      ],
      [
       35.62007367610932,
       33.98333175758865
      ],
      [
       35.62006831169129,
       33.98333398167693
      ]
     ]
    ]
   },
   "properties": {
    "kind": "add",
    "note": "",
    "source": "hand-drawn",
    "applied": "2026-09-09T09:39:02"
   }
  },
  {
   "type": "Feature",
   "geometry": {
    "type": "Polygon",
    "coordinates": [
     [
      [
       35.62032580375672,
       33.98305819428838
      ],
      [
       35.62039285898209,
       33.983064866574466
      ],
      [
       35.6204116344452,
       33.98300036778698
      ],
      [
       35.620339214801795,
       33.98300036778698
      ],
      [
       35.620323121547706,
       33.98307153886004
      ],
      [
       35.62032580375672,
       33.98305819428838
      ]
     ]
    ]
   },
   "properties": {
    "kind": "add",
    "note": "",
    "source": "hand-drawn",
    "applied": "2026-09-09T09:39:02"
   }
  },
  {
   "type": "Feature",
   "geometry": {
    "type": "Polygon",
    "coordinates": [
     [
      [
       35.620301157382904,
       33.98226039034132
      ],
      [
       35.62029777489271,
       33.982255715679614
      ],
      [
       35.62031243235019,
       33.982229537569346
      ],
      [
       35.620324834814205,
       33.982230472501996
      ],
      [
       35.62031243235019,
       33.982236082097664
      ],
      [
       35.62031243235019,
       33.98224636635544
      ],
      [
       35.620301157382904,
       33.98226039034132
      ]
     ]
    ]
   },
   "properties": {
    "kind": "remove",
    "note": "",
    "source": "hand-drawn",
    "applied": "2026-09-09T09:39:02"
   }
  },
  {
   "type": "Feature",
   "geometry": {
    "type": "Polygon",
    "coordinates": [
     [
      [
       35.62081304089776,
       33.98213604425252
      ],
      [
       35.62081191340103,
       33.98213136958399
      ],
      [
       35.62080627591739,
       33.9821294997165
      ],
      [
       35.62080514842066,
       33.98212015037846
      ],
      [
       35.62079500095011,
       33.98212202024614
      ],
      [
       35.62079274595664,
       33.98210706130345
      ],
      [
       35.62078147098936,
       33.982106126369445
      ],
      [
       35.620780343492626,
       33.982112670907256
      ],
      [
       35.62077583350571,
       33.982107061303445
      ],
      [
       35.620769068525334,
       33.982107996237445
      ],
      [
       35.620769068525334,
       33.98208929755557
      ],
      [
       35.62077583350571,
       33.98209677702878
      ],
      [
       35.62078936346646,
       33.982073403672736
      ],
      [
       35.62079612844683,
       33.98207714341014
      ],
      [
       35.62079161845991,
       33.98208181808166
      ],
      [
       35.62079725594356,
       33.982088362621376
      ],
      [
       35.62080740341411,
       33.982072468738345
      ],
      [
       35.62082318836832,
       33.98206872900075
      ],
      [
       35.620835590832336,
       33.982080883147376
      ],
      [
       35.62082882585196,
       33.98209116742393
      ],
      [
       35.620841228315975,
       33.98209210235811
      ],
      [
       35.620850248289806,
       33.982107061303445
      ],
      [
       35.62086377825056,
       33.982105191435416
      ],
      [
       35.62086716074074,
       33.982110801039354
      ],
      [
       35.62085363078,
       33.982122020246116
      ],
      [
       35.62083784582579,
       33.98211828051071
      ],
      [
       35.62083108084541,
       33.98212762984898
      ],
      [
       35.620817550884674,
       33.982124825047606
      ],
      [
       35.62081304089776,
       33.98213604425252
      ]
     ]
    ]
   },
   "properties": {
    "kind": "remove",
    "note": "",
    "source": "hand-drawn",
    "applied": "2026-09-09T09:39:02"
   }
  },
  {
   "type": "Feature",
   "geometry": {
    "type": "Polygon",
    "coordinates": [
     [
      [
       35.62131477694205,
       33.98205563991783
      ],
      [
       35.62131252194859,
       33.982028526811064
      ],
      [
       35.621318159432235,
       33.98201543772195
      ],
      [
       35.621324924412605,
       33.98201169798185
      ],
      [
       35.6213283069028,
       33.982013567851915
      ],
      [
       35.6213283069028,
       33.982022917201704
      ],
      [
       35.62132041442569,
       33.98202572200643
      ],
      [
       35.62132154192242,
       33.982035071354865
      ],
      [
       35.621317031935504,
       33.982039746028704
      ],
      [
       35.621324924412605,
       33.982048160440954
      ],
      [
       35.62131477694205,
       33.98205563991783
      ]
     ]
    ]
   },
   "properties": {
    "kind": "remove",
    "note": "",
    "source": "hand-drawn",
    "applied": "2026-09-09T09:39:02"
   }
  },
  {
   "type": "Feature",
   "geometry": {
    "type": "Polygon",
    "coordinates": [
     [
      [
       35.62146135151679,
       33.98195092718187
      ],
      [
       35.62146135151679,
       33.981947187438905
      ],
      [
       35.62145458653642,
       33.981945317567366
      ],
      [
       35.62145458653642,
       33.981935033273174
      ],
      [
       35.62145796902661,
       33.98193316340135
      ],
      [
       35.62145909652333,
       33.98192007429755
      ],
      [
       35.621463606510254,
       33.98191726948934
      ],
      [
       35.621471498987354,
       33.981923814041714
      ],
      [
       35.621471498987354,
       33.98193222846544
      ],
      [
       35.62146022402007,
       33.98193316340136
      ],
      [
       35.62146586150371,
       33.981935968209044
      ],
      [
       35.62146022402007,
       33.98193783808078
      ],
      [
       35.62145909652333,
       33.98194438263156
      ],
      [
       35.62146473400698,
       33.98193970795251
      ],
      [
       35.62147826396773,
       33.98194064288834
      ],
      [
       35.62148277395464,
       33.981944382631575
      ],
      [
       35.62146135151679,
       33.98195092718187
      ]
     ]
    ]
   },
   "properties": {
    "kind": "remove",
    "note": "",
    "source": "hand-drawn",
    "applied": "2026-09-09T09:39:02"
   }
  },
  {
   "type": "Feature",
   "geometry": {
    "type": "Polygon",
    "coordinates": [
     [
      [
       35.61554074287415,
       33.97277113043003
      ],
      [
       35.615618526935584,
       33.97274666241605
      ],
      [
       35.61565339565278,
       33.97271552129713
      ],
      [
       35.61562657356263,
       33.97270662383251
      ],
      [
       35.61559975147248,
       33.972713296931055
      ],
      [
       35.61554074287415,
       33.972755559876504
      ],
      [
       35.61554074287415,
       33.97277113043003
      ]
     ]
    ]
   },
   "properties": {
    "kind": "add",
    "note": "",
    "source": "hand-drawn",
    "applied": "2026-09-09T09:39:02"
   }
  },
  {
   "type": "Feature",
   "geometry": {
    "type": "Polygon",
    "coordinates": [
     [
      [
       35.6175015830054,
       33.97299190106826
      ],
      [
       35.617508347985776,
       33.97298442079396
      ],
      [
       35.617508347985776,
       33.97296852520887
      ],
      [
       35.617515112966146,
       33.97296291500168
      ],
      [
       35.617508347985776,
       33.972945149343076
      ],
      [
       35.617515112966146,
       33.97294140920395
      ],
      [
       35.61752187794652,
       33.9729479544473
      ],
      [
       35.61751849545634,
       33.97295262962083
      ],
      [
       35.61752977042362,
       33.97295169458615
      ],
      [
       35.61753202541708,
       33.97295543472483
      ],
      [
       35.61752075044979,
       33.97296478507079
      ],
      [
       35.61752187794652,
       33.97297133031234
      ],
      [
       35.617513985469415,
       33.97298909596548
      ],
      [
       35.6175015830054,
       33.97299190106826
      ]
     ]
    ]
   },
   "properties": {
    "kind": "remove",
    "note": "",
    "source": "hand-drawn",
    "applied": "2026-09-09T09:39:02"
   }
  },
  {
   "type": "Feature",
   "geometry": {
    "type": "Polygon",
    "coordinates": [
     [
      [
       35.61800444654642,
       33.973005926580825
      ],
      [
       35.618005574043146,
       33.97299751127357
      ],
      [
       35.61799429907586,
       33.97299470617096
      ],
      [
       35.61798753409549,
       33.9729881609312
      ],
      [
       35.61798527910203,
       33.972976940519
      ],
      [
       35.61799429907586,
       33.97297507045016
      ],
      [
       35.617996554069315,
       33.9729881609312
      ],
      [
       35.61800895653333,
       33.972996576239375
      ],
      [
       35.61801008403007,
       33.973003121478484
      ],
      [
       35.61800444654642,
       33.973005926580825
      ]
     ]
    ]
   },
   "properties": {
    "kind": "remove",
    "note": "",
    "source": "hand-drawn",
    "applied": "2026-09-09T09:39:02"
   }
  },
  {
   "type": "Feature",
   "geometry": {
    "type": "Polygon",
    "coordinates": [
     [
      [
       35.61568826436997,
       33.97211049158075
      ],
      [
       35.615744590759284,
       33.97210381843488
      ],
      [
       35.615707039833076,
       33.972068228314704
      ],
      [
       35.61568289995194,
       33.97207935022887
      ],
      [
       35.61568558216096,
       33.97210381843488
      ],
      [
       35.61568826436997,
       33.97211049158075
      ]
     ]
    ]
   },
   "properties": {
    "kind": "add",
    "note": "",
    "source": "hand-drawn",
    "applied": "2026-09-09T09:39:02"
   }
  },
  {
   "type": "Feature",
   "geometry": {
    "type": "Polygon",
    "coordinates": [
     [
      [
       35.61458587646484,
       33.97184647640116
      ],
      [
       35.61456332653026,
       33.971847411447996
      ],
      [
       35.61456445402699,
       33.971837125932225
      ],
      [
       35.61457009151063,
       33.971832450697356
      ],
      [
       35.61457911148447,
       33.971831515650365
      ],
      [
       35.61458136647792,
       33.971838060979145
      ],
      [
       35.61458587646484,
       33.9718389960261
      ],
      [
       35.61458587646484,
       33.97184647640116
      ]
     ]
    ]
   },
   "properties": {
    "kind": "remove",
    "note": "",
    "source": "hand-drawn",
    "applied": "2026-09-09T09:39:02"
   }
  },
  {
   "type": "Feature",
   "geometry": {
    "type": "Polygon",
    "coordinates": [
     [
      [
       35.614022128100466,
       33.97140420116369
      ],
      [
       35.6139883031986,
       33.97140700478422
      ],
      [
       35.61398943069533,
       33.971402332083294
      ],
      [
       35.61398379321169,
       33.97139952846262
      ],
      [
       35.61398604820514,
       33.97138270673661
      ],
      [
       35.61399394068224,
       33.971385510357855
      ],
      [
       35.614014235623365,
       33.97138083765576
      ],
      [
       35.61401874561028,
       33.971389248519344
      ],
      [
       35.61400634314626,
       33.97139111760004
      ],
      [
       35.61400634314626,
       33.97139579030157
      ],
      [
       35.614013108126635,
       33.97139672484185
      ],
      [
       35.614030020577566,
       33.97139672484187
      ],
      [
       35.61403340306775,
       33.97139111760005
      ],
      [
       35.61402551059065,
       33.971387379438625
      ],
      [
       35.61403453056448,
       33.971387379438625
      ],
      [
       35.61403565806122,
       33.97139205214037
      ],
      [
       35.61404016804813,
       33.9713817721962
      ],
      [
       35.6140469330285,
       33.97138364127705
      ],
      [
       35.61404806052522,
       33.97139952846263
      ],
      [
       35.61404129554486,
       33.97140607024406
      ],
      [
       35.614022128100466,
       33.97140420116369
      ]
     ]
    ]
   },
   "properties": {
    "kind": "remove",
    "note": "",
    "source": "hand-drawn",
    "applied": "2026-09-09T09:39:02"
   }
  },
  {
   "type": "Feature",
   "geometry": {
    "type": "Polygon",
    "coordinates": [
     [
      [
       35.61399310827256,
       33.971400910803396
      ],
      [
       35.61404407024384,
       33.97139423760183
      ],
      [
       35.61403065919877,
       33.97135419838148
      ],
      [
       35.6139823794365,
       33.97136532038903
      ],
      [
       35.613974332809455,
       33.97138756439975
      ],
      [
       35.61398774385453,
       33.97139646200241
      ],
      [
       35.61399310827256,
       33.971400910803396
      ]
     ]
    ]
   },
   "properties": {
    "kind": "add",
    "note": "",
    "source": "hand-drawn",
    "applied": "2026-09-09T09:39:02"
   }
  },
  {
   "type": "Feature",
   "geometry": {
    "type": "Polygon",
    "coordinates": [
     [
      [
       35.61483167075171,
       33.97126962726996
      ],
      [
       35.614832798248436,
       33.9712649545615
      ],
      [
       35.61484407321573,
       33.97125934731099
      ],
      [
       35.61485985816992,
       33.971253740060135
      ],
      [
       35.61486775064703,
       33.9712565436856
      ],
      [
       35.61486549565357,
       33.97126121639454
      ],
      [
       35.61483167075171,
       33.97126962726996
      ]
     ]
    ]
   },
   "properties": {
    "kind": "remove",
    "note": "",
    "source": "hand-drawn",
    "applied": "2026-09-09T09:39:02"
   }
  },
  {
   "type": "Feature",
   "geometry": {
    "type": "Polygon",
    "coordinates": [
     [
      [
       35.61244815587998,
       33.972341826980646
      ],
      [
       35.61244815587998,
       33.97229733945261
      ],
      [
       35.61252593994141,
       33.97231068571347
      ],
      [
       35.612504482269294,
       33.97235072448344
      ],
      [
       35.612450838088996,
       33.97234405135642
      ],
      [
       35.61244815587998,
       33.972341826980646
      ]
     ]
    ]
   },
   "properties": {
    "kind": "add",
    "note": "",
    "source": "hand-drawn",
    "applied": "2026-09-09T09:39:02"
   }
  },
  {
   "type": "Feature",
   "geometry": {
    "type": "Polygon",
    "coordinates": [
     [
      [
       35.610766410827644,
       33.97179685315858
      ],
      [
       35.61079591512681,
       33.9717634873009
      ],
      [
       35.610755681991584,
       33.9717412433885
      ],
      [
       35.610739588737495,
       33.97176126290991
      ],
      [
       35.610744953155525,
       33.97177460925491
      ],
      [
       35.61079859733582,
       33.971805750718396
      ],
      [
       35.610766410827644,
       33.97179685315858
      ]
     ]
    ]
   },
   "properties": {
    "kind": "add",
    "note": "",
    "source": "hand-drawn",
    "applied": "2026-09-09T09:39:02"
   }
  },
  {
   "type": "Feature",
   "geometry": {
    "type": "Polygon",
    "coordinates": [
     [
      [
       35.610087811946876,
       33.9715299259306
      ],
      [
       35.6101280450821,
       33.971527701533525
      ],
      [
       35.610130727291114,
       33.97146096959387
      ],
      [
       35.61009049415589,
       33.971465418391475
      ],
      [
       35.61009049415589,
       33.971527701533525
      ],
      [
       35.610087811946876,
       33.9715299259306
      ]
     ]
    ]
   },
   "properties": {
    "kind": "add",
    "note": "",
    "source": "hand-drawn",
    "applied": "2026-09-09T09:39:02"
   }
  },
  {
   "type": "Feature",
   "geometry": {
    "type": "Polygon",
    "coordinates": [
     [
      [
       35.611156031415966,
       33.97904977214136
      ],
      [
       35.61115264892578,
       33.97903668259357
      ],
      [
       35.611156031415966,
       33.979022658075856
      ],
      [
       35.61119436630475,
       33.979022658075856
      ],
      [
       35.61119436630475,
       33.97902826788321
      ],
      [
       35.61117858135054,
       33.97903107278677
      ],
      [
       35.61118309133746,
       33.97903761756133
      ],
      [
       35.611179708847274,
       33.97904603227078
      ],
      [
       35.61117068887344,
       33.97904229240002
      ],
      [
       35.611156031415966,
       33.97904977214136
      ]
     ]
    ]
   },
   "properties": {
    "kind": "remove",
    "note": "",
    "source": "hand-drawn",
    "applied": "2026-09-09T09:39:02"
   }
  },
  {
   "type": "Feature",
   "geometry": {
    "type": "Polygon",
    "coordinates": [
     [
      [
       35.61120113128512,
       33.97901704826812
      ],
      [
       35.61120113128512,
       33.97900676361963
      ],
      [
       35.6112078962655,
       33.97900489368343
      ],
      [
       35.611205641272036,
       33.97899741393812
      ],
      [
       35.611219171232776,
       33.97899180412873
      ],
      [
       35.61122480871642,
       33.978976844635184
      ],
      [
       35.61123721118044,
       33.97897590966676
      ],
      [
       35.61123157369679,
       33.97898338941392
      ],
      [
       35.611251868637915,
       33.978975909666744
      ],
      [
       35.611258633618284,
       33.97897590966676
      ],
      [
       35.61126201610847,
       33.97898245444556
      ],
      [
       35.61127441857249,
       33.978978714572015
      ],
      [
       35.61127216357904,
       33.978984324382296
      ],
      [
       35.6112665260954,
       33.97898432438229
      ],
      [
       35.611252996134645,
       33.97899367406524
      ],
      [
       35.6112552511281,
       33.97899834890632
      ],
      [
       35.61126427110193,
       33.978994609033506
      ],
      [
       35.61126427110193,
       33.97900208877901
      ],
      [
       35.611252996134645,
       33.97900115381086
      ],
      [
       35.61124848614772,
       33.97900676361964
      ],
      [
       35.611234956186976,
       33.97900302374716
      ],
      [
       35.61120113128512,
       33.97901704826812
      ]
     ]
    ]
   },
   "properties": {
    "kind": "remove",
    "note": "",
    "source": "hand-drawn",
    "applied": "2026-09-09T09:39:02"
   }
  },
  {
   "type": "Feature",
   "geometry": {
    "type": "Polygon",
    "coordinates": [
     [
      [
       35.61125750612156,
       33.97940786398825
      ],
      [
       35.611250741141184,
       33.97940318916968
      ],
      [
       35.61124848614772,
       33.979381685000945
      ],
      [
       35.61128794853323,
       33.97938168500094
      ],
      [
       35.611291331023416,
       33.9793863598207
      ],
      [
       35.61130598848089,
       33.97938168500093
      ],
      [
       35.61130486098416,
       33.97938916471243
      ],
      [
       35.61129696850706,
       33.979392904567916
      ],
      [
       35.611290203526686,
       33.97940318916967
      ],
      [
       35.61127780106267,
       33.97940786398825
      ],
      [
       35.61125750612156,
       33.97940786398825
      ]
     ]
    ]
   },
   "properties": {
    "kind": "remove",
    "note": "",
    "source": "hand-drawn",
    "applied": "2026-09-09T09:39:02"
   }
  },
  {
   "type": "Feature",
   "geometry": {
    "type": "Polygon",
    "coordinates": [
     [
      [
       35.61133643089257,
       33.97944058771105
      ],
      [
       35.611324028428555,
       33.97942469333299
      ],
      [
       35.611324028428555,
       33.979415343697426
      ],
      [
       35.611315008454724,
       33.979410668879275
      ],
      [
       35.611316135951455,
       33.97940412413342
      ],
      [
       35.611324028428555,
       33.97940412413342
      ],
      [
       35.611330793408925,
       33.979398514350834
      ],
      [
       35.61133417589912,
       33.97940318916967
      ],
      [
       35.61132741091874,
       33.97940692902457
      ],
      [
       35.61132741091874,
       33.97941160384293
      ],
      [
       35.611329665912194,
       33.979414408733824
      ],
      [
       35.611339813382756,
       33.9794134737702
      ],
      [
       35.61134206837621,
       33.97942375836947
      ],
      [
       35.61134883335658,
       33.979427498223444
      ],
      [
       35.61134206837621,
       33.9794340429675
      ],
      [
       35.61134206837621,
       33.979439652747715
      ],
      [
       35.61133643089257,
       33.97944058771105
      ]
     ]
    ]
   },
   "properties": {
    "kind": "remove",
    "note": "",
    "source": "hand-drawn",
    "applied": "2026-09-09T09:39:02"
   }
  },
  {
   "type": "Feature",
   "geometry": {
    "type": "Polygon",
    "coordinates": [
     [
      [
       35.61162958004204,
       33.979312497638546
      ],
      [
       35.6116318350355,
       33.97930688784993
      ],
      [
       35.61162845254531,
       33.97930408295548
      ],
      [
       35.61161943257148,
       33.97930595288513
      ],
      [
       35.61161492258457,
       33.97929940813121
      ],
      [
       35.611609285100926,
       33.97929847316632
      ],
      [
       35.61161041259765,
       33.97929379834173
      ],
      [
       35.61159801013363,
       33.97927977386643
      ],
      [
       35.611599137630364,
       33.979271359180146
      ],
      [
       35.6115889901598,
       33.979253594839676
      ],
      [
       35.611578842689255,
       33.97924331021982
      ],
      [
       35.61157320520561,
       33.979244245185285
      ],
      [
       35.61156982271542,
       33.979234895529906
      ],
      [
       35.61157320520561,
       33.97923396056432
      ],
      [
       35.611560802741586,
       33.979227415804864
      ],
      [
       35.61155629275468,
       33.97921526125024
      ],
      [
       35.61155065527103,
       33.97921152138693
      ],
      [
       35.611552910264486,
       33.97920684655755
      ],
      [
       35.611543890290655,
       33.97920310669389
      ],
      [
       35.61154276279393,
       33.97919188710185
      ],
      [
       35.61153261532337,
       33.97918908220362
      ],
      [
       35.61152697783972,
       33.97918253744071
      ],
      [
       35.61153036032991,
       33.97917786260975
      ],
      [
       35.611521340356084,
       33.97917505771103
      ],
      [
       35.61151457537572,
       33.979167577980725
      ],
      [
       35.61151570287244,
       33.979161033216144
      ],
      [
       35.61150893789207,
       33.97915916328332
      ],
      [
       35.61150781039534,
       33.9791516835516
      ],
      [
       35.61149991791824,
       33.97914887865204
      ],
      [
       35.61149540793132,
       33.979140463952795
      ],
      [
       35.61149428043459,
       33.97913578911952
      ],
      [
       35.61150555540188,
       33.97911334991621
      ],
      [
       35.61151683036917,
       33.979112414949284
      ],
      [
       35.6115100653888,
       33.979102130312334
      ],
      [
       35.61151908536262,
       33.97910493521345
      ],
      [
       35.6115337428201,
       33.97908717083822
      ],
      [
       35.61154727278084,
       33.979092780641324
      ],
      [
       35.611545017787385,
       33.97909932541114
      ],
      [
       35.611551782767755,
       33.97910026037822
      ],
      [
       35.61156644022523,
       33.97913017931926
      ],
      [
       35.611648747486434,
       33.979238635392186
      ],
      [
       35.61166002245372,
       33.97925826966646
      ],
      [
       35.61166002245372,
       33.97926294449301
      ],
      [
       35.61164987498316,
       33.979264814423566
      ],
      [
       35.61165212997661,
       33.97927042421494
      ],
      [
       35.611662277447174,
       33.9792732291105
      ],
      [
       35.61165889495698,
       33.97928351372673
      ],
      [
       35.61167693490465,
       33.97928818855189
      ],
      [
       35.61167467991119,
       33.97929192841184
      ],
      [
       35.61166114995044,
       33.97929286337679
      ],
      [
       35.61165889495698,
       33.979299408131205
      ],
      [
       35.61165100247989,
       33.97929473330667
      ],
      [
       35.61165212997661,
       33.979303147990656
      ],
      [
       35.611643110002795,
       33.979303147990656
      ],
      [
       35.61164085500934,
       33.97930969274427
      ],
      [
       35.61163409002896,
       33.979308757779506
      ],
      [
       35.61162958004204,
       33.979312497638546
      ]
     ]
    ]
   },
   "properties": {
    "kind": "remove",
    "note": "",
    "source": "hand-drawn",
    "applied": "2026-09-09T09:39:02"
   }
  },
  {
   "type": "Feature",
   "geometry": {
    "type": "Polygon",
    "coordinates": [
     [
      [
       35.61457460149755,
       33.98393577253768
      ],
      [
       35.614550924066236,
       33.983933902709886
      ],
      [
       35.614502441706904,
       33.983933902709886
      ],
      [
       35.614511461680735,
       33.98390866003062
      ],
      [
       35.61452611913822,
       33.98390305054534
      ],
      [
       35.61453513911205,
       33.983891831573644
      ],
      [
       35.61454303158914,
       33.98388902683049
      ],
      [
       35.6145452865826,
       33.98388248242943
      ],
      [
       35.614558816543344,
       33.98388809191608
      ],
      [
       35.61456445402699,
       33.98388622208724
      ],
      [
       35.614567836517175,
       33.98390585528805
      ],
      [
       35.61458136647792,
       33.983920813914175
      ],
      [
       35.614575728994275,
       33.98391987900011
      ],
      [
       35.614558816543344,
       33.98392922814021
      ],
      [
       35.614576856491006,
       33.983930163054175
      ],
      [
       35.61457460149755,
       33.98393577253768
      ]
     ]
    ]
   },
   "properties": {
    "kind": "remove",
    "note": "",
    "source": "hand-drawn",
    "applied": "2026-09-09T09:39:02"
   }
  },
  {
   "type": "Feature",
   "geometry": {
    "type": "Polygon",
    "coordinates": [
     [
      [
       35.61589941015384,
       33.984021784571716
      ],
      [
       35.615890390180006,
       33.984001216484536
      ],
      [
       35.615898282657106,
       33.98398719278588
      ],
      [
       35.61590843012767,
       33.983987192785875
      ],
      [
       35.61590843012767,
       33.98399186735234
      ],
      [
       35.61592421508187,
       33.98399467209212
      ],
      [
       35.61591632260477,
       33.983997476831796
      ],
      [
       35.61591632260477,
       33.98400495613713
      ],
      [
       35.61592421508187,
       33.98400589105024
      ],
      [
       35.61592759757205,
       33.984013370354845
      ],
      [
       35.61591745010149,
       33.98401337035485
      ],
      [
       35.61591406761131,
       33.984020849658776
      ],
      [
       35.61589941015384,
       33.984021784571716
      ]
     ]
    ]
   },
   "properties": {
    "kind": "remove",
    "note": "",
    "source": "hand-drawn",
    "applied": "2026-09-09T09:39:02"
   }
  },
  {
   "type": "Feature",
   "geometry": {
    "type": "Polygon",
    "coordinates": [
     [
      [
       35.61635717382572,
       33.98396288503606
      ],
      [
       35.616352663838796,
       33.98395073115852
      ],
      [
       35.61634815385188,
       33.983950731158544
      ],
      [
       35.61634928134861,
       33.983944186762216
      ],
      [
       35.61635604632898,
       33.98394512167603
      ],
      [
       35.616352663838796,
       33.983938577279275
      ],
      [
       35.61637972376029,
       33.983936707451555
      ],
      [
       35.61637295877992,
       33.98394699150357
      ],
      [
       35.61635830132244,
       33.98395540572702
      ],
      [
       35.61635717382572,
       33.98396288503606
      ]
     ]
    ]
   },
   "properties": {
    "kind": "remove",
    "note": "",
    "source": "hand-drawn",
    "applied": "2026-09-09T09:39:02"
   }
  },
  {
   "type": "Feature",
   "geometry": {
    "type": "Polygon",
    "coordinates": [
     [
      [
       35.61622525670845,
       33.98399560700535
      ],
      [
       35.61621736423135,
       33.98399093243907
      ],
      [
       35.616209471754246,
       33.98399186735236
      ],
      [
       35.616208344257515,
       33.98398438804586
      ],
      [
       35.61619594179351,
       33.983983453132524
      ],
      [
       35.61619143180659,
       33.98397971347897
      ],
      [
       35.61618466682622,
       33.98396942943091
      ],
      [
       35.616183539329484,
       33.98394886133107
      ],
      [
       35.616201579277146,
       33.98394886133107
      ],
      [
       35.616208344257515,
       33.9839563406407
      ],
      [
       35.61621961922481,
       33.983956340640695
      ],
      [
       35.61622638420518,
       33.983970364344444
      ],
      [
       35.616241041662654,
       33.983974103998364
      ],
      [
       35.61624442415284,
       33.98396849451739
      ],
      [
       35.61623653167574,
       33.983964754863216
      ],
      [
       35.616248934139755,
       33.98396475486322
      ],
      [
       35.616257954113586,
       33.983960080295255
      ],
      [
       35.616257954113586,
       33.98395727555434
      ],
      [
       35.61623991416593,
       33.98395447081333
      ],
      [
       35.616247806643024,
       33.98394605658981
      ],
      [
       35.616234276682285,
       33.98393951219314
      ],
      [
       35.61621059925098,
       33.98394886133107
      ],
      [
       35.616206089264054,
       33.98394044710697
      ],
      [
       35.61621059925098,
       33.98393951219314
      ],
      [
       35.616200451780415,
       33.983937642365426
      ],
      [
       35.616194814296776,
       33.983943251848416
      ],
      [
       35.616176774349114,
       33.98394138202083
      ],
      [
       35.61617564685239,
       33.98394699150357
      ],
      [
       35.616171136865475,
       33.98394792641733
      ],
      [
       35.61616775437528,
       33.983936707451534
      ],
      [
       35.616271484074325,
       33.983936707451555
      ],
      [
       35.61626697408741,
       33.98396475486323
      ],
      [
       35.616280504048156,
       33.983967559603876
      ],
      [
       35.61627712155797,
       33.98397410399837
      ],
      [
       35.616265846590686,
       33.98397503891186
      ],
      [
       35.616257954113586,
       33.983985322959235
      ],
      [
       35.61622525670845,
       33.98399560700535
      ]
     ]
    ]
   },
   "properties": {
    "kind": "remove",
    "note": "",
    "source": "hand-drawn",
    "applied": "2026-09-09T09:39:02"
   }
  },
  {
   "type": "Feature",
   "geometry": {
    "type": "Polygon",
    "coordinates": [
     [
      [
       35.61618241183276,
       33.98393670745154
      ],
      [
       35.616131674479966,
       33.983933902709886
      ],
      [
       35.616144076943975,
       33.98393203288204
      ],
      [
       35.61615084192435,
       33.98392174882823
      ],
      [
       35.61614971442762,
       33.98391800917199
      ],
      [
       35.61614069445379,
       33.98391707425789
      ],
      [
       35.61614069445379,
       33.98390305054535
      ],
      [
       35.61614971442762,
       33.98389837597398
      ],
      [
       35.61615084192435,
       33.983884352258364
      ],
      [
       35.61616324438837,
       33.98388341734392
      ],
      [
       35.61616775437528,
       33.983887157001675
      ],
      [
       35.616176774349114,
       33.98391894408605
      ],
      [
       35.61618917681313,
       33.983927358312286
      ],
      [
       35.61618241183276,
       33.98393670745154
      ]
     ]
    ]
   },
   "properties": {
    "kind": "remove",
    "note": "",
    "source": "hand-drawn",
    "applied": "2026-09-09T09:39:02"
   }
  },
  {
   "type": "Feature",
   "geometry": {
    "type": "Polygon",
    "coordinates": [
     [
      [
       35.615849800297774,
       33.983300963638094
      ],
      [
       35.615849800297774,
       33.98327104616502
      ],
      [
       35.61586107526506,
       33.98327104616502
      ],
      [
       35.615857692774874,
       33.9832934842708
      ],
      [
       35.615849800297774,
       33.983300963638094
      ]
     ]
    ]
   },
   "properties": {
    "kind": "remove",
    "note": "",
    "source": "hand-drawn",
    "applied": "2026-09-09T09:39:02"
   }
  },
  {
   "type": "Feature",
   "geometry": {
    "type": "Polygon",
    "coordinates": [
     [
      [
       35.61583288784684,
       33.98330376840066
      ],
      [
       35.6158272503632,
       33.98329909379634
      ],
      [
       35.61582837785993,
       33.9832869398239
      ],
      [
       35.61583965282721,
       33.98327852553428
      ],
      [
       35.6158430353174,
       33.983286939823905
      ],
      [
       35.61583627033702,
       33.983294419191765
      ],
      [
       35.61583739783375,
       33.98330189855896
      ],
      [
       35.61583288784684,
       33.98330376840066
      ]
     ]
    ]
   },
   "properties": {
    "kind": "remove",
    "note": "",
    "source": "hand-drawn",
    "applied": "2026-09-09T09:39:02"
   }
  },
  {
   "type": "Feature",
   "geometry": {
    "type": "Polygon",
    "coordinates": [
     [
      [
       35.61802248649409,
       33.98454252948435
      ],
      [
       35.618019104003906,
       33.984539724762655
      ],
      [
       35.618019104003906,
       33.984506068095214
      ],
      [
       35.618078861330524,
       33.98450606809523
      ],
      [
       35.61807547884034,
       33.9845098077256
      ],
      [
       35.618079988827255,
       33.98451074263316
      ],
      [
       35.618081116323985,
       33.98450606809523
      ],
      [
       35.61808449881417,
       33.98450887281804
      ],
      [
       35.618074351343616,
       33.984517286985835
      ],
      [
       35.618064203873054,
       33.98451915680082
      ],
      [
       35.618065331369785,
       33.9845228964306
      ],
      [
       35.61805518389922,
       33.984527570967636
      ],
      [
       35.618047291422116,
       33.98453785494814
      ],
      [
       35.61802248649409,
       33.98454252948435
      ]
     ]
    ]
   },
   "properties": {
    "kind": "remove",
    "note": "",
    "source": "hand-drawn",
    "applied": "2026-09-09T09:39:02"
   }
  },
  {
   "type": "Feature",
   "geometry": {
    "type": "Polygon",
    "coordinates": [
     [
      [
       35.618090136297816,
       33.98444249435374
      ],
      [
       35.61808337131744,
       33.98443968962876
      ],
      [
       35.61807660633707,
       33.984427535819414
      ],
      [
       35.618078861330524,
       33.98440883764782
      ],
      [
       35.61807547884034,
       33.98440416310426
      ],
      [
       35.61806307637632,
       33.984408837647806
      ],
      [
       35.61806307637632,
       33.98441725182553
      ],
      [
       35.61805518389922,
       33.98441631691695
      ],
      [
       35.61805856638941,
       33.98440509801299
      ],
      [
       35.61805292890576,
       33.98440229328677
      ],
      [
       35.61805180140904,
       33.98439387910755
      ],
      [
       35.61806082138287,
       33.984394814016404
      ],
      [
       35.61806871385997,
       33.98439107438097
      ],
      [
       35.61807096885343,
       33.98438172529167
      ],
      [
       35.618065331369785,
       33.98437050638316
      ],
      [
       35.618078861330524,
       33.9843611572916
      ],
      [
       35.6180856263109,
       33.98434806856169
      ],
      [
       35.61810817624547,
       33.98434900347103
      ],
      [
       35.61811945121276,
       33.98433965437711
      ],
      [
       35.61813072618005,
       33.984312541998904
      ],
      [
       35.61814087365061,
       33.98431160708916
      ],
      [
       35.618144256140795,
       33.98430506272064
      ],
      [
       35.61816455108191,
       33.98430506272063
      ],
      [
       35.618174698552465,
       33.98430132308123
      ],
      [
       35.61818710101648,
       33.98431721654748
      ],
      [
       35.61819386599686,
       33.984339654377116
      ],
      [
       35.61818710101648,
       33.98434432892421
      ],
      [
       35.618191611003404,
       33.984353678017605
      ],
      [
       35.618183718526296,
       33.984355547836174
      ],
      [
       35.61818146353284,
       33.9843611572916
      ],
      [
       35.61818146353284,
       33.98436676674666
      ],
      [
       35.61818710101648,
       33.98436676674666
      ],
      [
       35.61818822851322,
       33.98437705074662
      ],
      [
       35.61818259102957,
       33.98437985547369
      ],
      [
       35.61817920853938,
       33.9843742460195
      ],
      [
       35.61817808104266,
       33.98437892056468
      ],
      [
       35.61818484602303,
       33.98438639983643
      ],
      [
       35.61817244355901,
       33.98439668383406
      ],
      [
       35.618166806075365,
       33.98442473109393
      ],
      [
       35.618153276114626,
       33.98444155944542
      ],
      [
       35.618146511134256,
       33.98443688490367
      ],
      [
       35.61812734368986,
       33.98444249435375
      ],
      [
       35.6181093037422,
       33.984439689628765
      ],
      [
       35.618090136297816,
       33.98444249435374
      ]
     ]
    ]
   },
   "properties": {
    "kind": "remove",
    "note": "",
    "source": "hand-drawn",
    "applied": "2026-09-09T09:39:02"
   }
  },
  {
   "type": "Feature",
   "geometry": {
    "type": "Polygon",
    "coordinates": [
     [
      [
       35.6180427814352,
       33.98340567471095
      ],
      [
       35.61803150646793,
       33.983398195352876
      ],
      [
       35.61802248649409,
       33.98339913027265
      ],
      [
       35.618019104003906,
       33.98336734299389
      ],
      [
       35.6181014112651,
       33.98336827791402
      ],
      [
       35.618104793755286,
       33.98337669219475
      ],
      [
       35.61809690127819,
       33.98338604139461
      ],
      [
       35.61809802877492,
       33.98339165091402
      ],
      [
       35.618091263794554,
       33.98339445567359
      ],
      [
       35.61809239129127,
       33.983401935031985
      ],
      [
       35.61807547884034,
       33.983393520753744
      ],
      [
       35.618079988827255,
       33.98339913027265
      ],
      [
       35.6180777338338,
       33.98340193503198
      ],
      [
       35.61805969388614,
       33.983399130272645
      ],
      [
       35.6180427814352,
       33.98340567471095
      ]
     ]
    ]
   },
   "properties": {
    "kind": "remove",
    "note": "",
    "source": "hand-drawn",
    "applied": "2026-09-09T09:39:02"
   }
  },
  {
   "type": "Feature",
   "geometry": {
    "type": "Polygon",
    "coordinates": [
     [
      [
       35.617768799730115,
       33.985453124231356
      ],
      [
       35.61776541723993,
       33.98542320751583
      ],
      [
       35.617762034749745,
       33.985422272618294
      ],
      [
       35.61775865225955,
       33.985432556490565
      ],
      [
       35.61774624979554,
       33.98542414241335
      ],
      [
       35.61774173980862,
       33.985403574665526
      ],
      [
       35.61773497482825,
       33.985399835074475
      ],
      [
       35.61773610232498,
       33.98539142099403
      ],
      [
       35.61772369986097,
       33.98535776466386
      ],
      [
       35.61772257236424,
       33.98530541034602
      ],
      [
       35.617730464841344,
       33.98529325666048
      ],
      [
       35.61774737729227,
       33.98529325666048
      ],
      [
       35.6177642897432,
       33.98528858216557
      ],
      [
       35.61776654473666,
       33.98529232176151
      ],
      [
       35.617767672233384,
       33.98528577746849
      ],
      [
       35.61780600712216,
       33.9852857774685
      ],
      [
       35.61782179207636,
       33.98528951706458
      ],
      [
       35.61782630206328,
       33.98529699625621
      ],
      [
       35.617838704527294,
       33.985298866054016
      ],
      [
       35.61784546950767,
       33.985291386862535
      ],
      [
       35.6178544894815,
       33.98528858216557
      ],
      [
       35.61785899946842,
       33.98529232176151
      ],
      [
       35.617863509455326,
       33.985312889536246
      ],
      [
       35.617871401932426,
       33.98531943382717
      ],
      [
       35.61787252942916,
       33.98528764726655
      ],
      [
       35.61788831438336,
       33.98528577746849
      ],
      [
       35.61790071684738,
       33.985290451963564
      ],
      [
       35.61790071684738,
       33.98529325666048
      ],
      [
       35.61788944188009,
       33.985294191559426
      ],
      [
       35.61788944188009,
       33.985305410346015
      ],
      [
       35.617893951867,
       33.98530634524484
      ],
      [
       35.617905226834296,
       33.98529325666048
      ],
      [
       35.61790973682121,
       33.9852979311551
      ],
      [
       35.61790973682121,
       33.985285777468484
      ],
      [
       35.61792213928523,
       33.985285777468505
      ],
      [
       35.61792213928523,
       33.9852969962562
      ],
      [
       35.61794807170998,
       33.98531195463751
      ],
      [
       35.61796272916746,
       33.98532597811759
      ],
      [
       35.617959346677274,
       33.98533719689998
      ],
      [
       35.61796498416092,
       33.98534561098581
      ],
      [
       35.617966111657644,
       33.985363374053165
      ],
      [
       35.61796160167073,
       33.985365243849486
      ],
      [
       35.617960474174,
       33.985357764663846
      ],
      [
       35.6179525816969,
       33.98534935057925
      ],
      [
       35.61795370919363,
       33.9853671136458
      ],
      [
       35.61794919920671,
       33.98537926732078
      ],
      [
       35.61794356172307,
       33.98537739752474
      ],
      [
       35.61794130672961,
       33.98538113711678
      ],
      [
       35.61794243422634,
       33.98538768140245
      ],
      [
       35.61794581671653,
       33.98538768140245
      ],
      [
       35.617950326703436,
       33.985380202218785
      ],
      [
       35.61795596418708,
       33.98540076997226
      ],
      [
       35.61793003176232,
       33.985405444460994
      ],
      [
       35.61790973682121,
       33.98540450956325
      ],
      [
       35.61790973682121,
       33.98537833242277
      ],
      [
       35.617906354331026,
       33.985403574665526
      ],
      [
       35.617887186886634,
       33.98539329078976
      ],
      [
       35.61787591191934,
       33.98536804854395
      ],
      [
       35.61787929440953,
       33.985365243849486
      ],
      [
       35.6178781669128,
       33.98535309017252
      ],
      [
       35.61787365692589,
       33.9853512203759
      ],
      [
       35.61787252942916,
       33.98534374118904
      ],
      [
       35.61787591191934,
       33.98533532710303
      ],
      [
       35.61786801944224,
       33.98532691301617
      ],
      [
       35.61786576444878,
       33.98533345730601
      ],
      [
       35.61787252942916,
       33.985361504256765
      ],
      [
       35.61786801944224,
       33.985387681402436
      ],
      [
       35.617862381958595,
       33.98538861630036
      ],
      [
       35.61785674447496,
       33.98538394181069
      ],
      [
       35.617838704527294,
       33.98538768140244
      ],
      [
       35.617840959520755,
       33.9853942256876
      ],
      [
       35.6178465970044,
       33.98539142099402
      ],
      [
       35.617848851997856,
       33.98539516058543
      ],
      [
       35.6178465970044,
       33.98539890017669
      ],
      [
       35.617839832024025,
       33.985397030381094
      ],
      [
       35.617840959520755,
       33.98541105384713
      ],
      [
       35.61783644953384,
       33.98541853302808
      ],
      [
       35.61781389959926,
       33.98542133772075
      ],
      [
       35.61780826211562,
       33.98542694710584
      ],
      [
       35.61778345718759,
       33.98542694710584
      ],
      [
       35.61777330971703,
       33.98543068669569
      ],
      [
       35.6177721822203,
       33.98545031953974
      ],
      [
       35.617768799730115,
       33.985453124231356
      ]
     ]
    ]
   },
   "properties": {
    "kind": "remove",
    "note": "",
    "source": "hand-drawn",
    "applied": "2026-09-09T09:39:02"
   }
  },
  {
   "type": "Feature",
   "geometry": {
    "type": "Polygon",
    "coordinates": [
     [
      [
       35.61802248649409,
       33.98542694710584
      ],
      [
       35.618019104003906,
       33.98540824915411
      ],
      [
       35.61802135899736,
       33.98531849892851
      ],
      [
       35.61802812397774,
       33.985322238523125
      ],
      [
       35.61805405640249,
       33.98531382443498
      ],
      [
       35.61806194887959,
       33.985315694232426
      ],
      [
       35.61806871385997,
       33.98531008483998
      ],
      [
       35.61808337131744,
       33.98530821504244
      ],
      [
       35.61808788130436,
       33.985304475447194
      ],
      [
       35.61809239129127,
       33.98530728014364
      ],
      [
       35.61809690127819,
       33.98530541034602
      ],
      [
       35.61809239129127,
       33.9853184989285
      ],
      [
       35.61810028376837,
       33.985325043218985
      ],
      [
       35.61810028376837,
       33.98531475933372
      ],
      [
       35.61810592125201,
       33.98531382443499
      ],
      [
       35.61810817624547,
       33.98532784791477
      ],
      [
       35.618104793755286,
       33.98533158750897
      ],
      [
       35.618095773781455,
       33.98532878281333
      ],
      [
       35.61809464628473,
       33.985332522407504
      ],
      [
       35.61809802877492,
       33.985342806290625
      ],
      [
       35.618104793755286,
       33.985343741189034
      ],
      [
       35.61810817624547,
       33.985340001595354
      ],
      [
       35.61810817624547,
       33.98534748078255
      ],
      [
       35.61809802877492,
       33.985352155274214
      ],
      [
       35.61809915627165,
       33.9853745928306
      ],
      [
       35.618093518788,
       33.98537739752475
      ],
      [
       35.61808788130436,
       33.98535028547758
      ],
      [
       35.618082243820716,
       33.98534935057924
      ],
      [
       35.61808675380763,
       33.9853745928306
      ],
      [
       35.618079988827255,
       33.98537552772864
      ],
      [
       35.6180777338338,
       33.98538581160659
      ],
      [
       35.618072096350154,
       33.98538768140246
      ],
      [
       35.618073223846885,
       33.98539329078976
      ],
      [
       35.61805405640249,
       33.985393290789766
      ],
      [
       35.618040526441746,
       33.985402639767784
      ],
      [
       35.61804616392539,
       33.9854091840518
      ],
      [
       35.61805405640249,
       33.985410118949474
      ],
      [
       35.618079988827255,
       33.98540170487002
      ],
      [
       35.61808337131744,
       33.98540450956326
      ],
      [
       35.618082243820716,
       33.98541292364241
      ],
      [
       35.61802248649409,
       33.98542694710584
      ]
     ]
    ]
   },
   "properties": {
    "kind": "remove",
    "note": "",
    "source": "hand-drawn",
    "applied": "2026-09-09T09:39:02"
   }
  },
  {
   "type": "Feature",
   "geometry": {
    "type": "Polygon",
    "coordinates": [
     [
      [
       35.618388922930926,
       33.984935189606574
      ],
      [
       35.618382157950556,
       33.984924905674134
      ],
      [
       35.61838441294402,
       33.98491649154665
      ],
      [
       35.61837652046691,
       33.984891249159226
      ],
      [
       35.618382157950556,
       33.98488750954564
      ],
      [
       35.61839343291785,
       33.98488937935245
      ],
      [
       35.61840019789823,
       33.98487816051095
      ],
      [
       35.618435150296804,
       33.98488190012495
      ],
      [
       35.61843402280008,
       33.98489031425585
      ],
      [
       35.61842387532952,
       33.984888444449055
      ],
      [
       35.618419365342604,
       33.98488283502843
      ],
      [
       35.618404707885134,
       33.984884704835345
      ],
      [
       35.618397942904764,
       33.98488937935246
      ],
      [
       35.61840245289169,
       33.98489592367599
      ],
      [
       35.61840132539495,
       33.984914621740444
      ],
      [
       35.618408090375326,
       33.98492023115895
      ],
      [
       35.6183956879113,
       33.98492864528608
      ],
      [
       35.6183956879113,
       33.98493425470368
      ],
      [
       35.618388922930926,
       33.984935189606574
      ]
     ]
    ]
   },
   "properties": {
    "kind": "remove",
    "note": "",
    "source": "hand-drawn",
    "applied": "2026-09-09T09:39:02"
   }
  },
  {
   "type": "Feature",
   "geometry": {
    "type": "Polygon",
    "coordinates": [
     [
      [
       35.61838388442994,
       33.98492641393562
      ],
      [
       35.618464350700386,
       33.98490862156124
      ],
      [
       35.618442893028266,
       33.98486858870524
      ],
      [
       35.61837315559388,
       33.98488638108801
      ],
      [
       35.61838924884797,
       33.98492196584237
      ],
      [
       35.61838388442994,
       33.98492641393562
      ]
     ]
    ]
   },
   "properties": {
    "kind": "add",
    "note": "",
    "source": "hand-drawn",
    "applied": "2026-09-09T09:39:02"
   }
  },
  {
   "type": "Feature",
   "geometry": {
    "type": "Polygon",
    "coordinates": [
     [
      [
       35.62357991787012,
       33.98623843424798
      ],
      [
       35.62356187792248,
       33.986234694693664
      ],
      [
       35.62356075042573,
       33.98622908536188
      ],
      [
       35.623572025393024,
       33.986230020250545
      ],
      [
       35.623578790373394,
       33.98621506203082
      ],
      [
       35.623587810347225,
       33.986214127142
      ],
      [
       35.623587810347225,
       33.986234694693664
      ],
      [
       35.62358217286358,
       33.986233759805046
      ],
      [
       35.62357991787012,
       33.98623843424798
      ]
     ]
    ]
   },
   "properties": {
    "kind": "remove",
    "note": "",
    "source": "hand-drawn",
    "applied": "2026-09-09T09:39:02"
   }
  },
  {
   "type": "Feature",
   "geometry": {
    "type": "Polygon",
    "coordinates": [
     [
      [
       35.62351790555004,
       33.98624404357912
      ],
      [
       35.623515650556584,
       33.98623656447083
      ],
      [
       35.6235201605435,
       33.986214127142006
      ],
      [
       35.62353707299443,
       33.986214127142006
      ],
      [
       35.62353481800097,
       33.986221606252286
      ],
      [
       35.62353820049116,
       33.98622815047322
      ],
      [
       35.62354834796172,
       33.98622908536188
      ],
      [
       35.62355398544536,
       33.986235629582254
      ],
      [
       35.6235359454977,
       33.986240304025074
      ],
      [
       35.623531435510785,
       33.98623843424798
      ],
      [
       35.623532563007515,
       33.98623469469367
      ],
      [
       35.62352128804022,
       33.98623282491644
      ],
      [
       35.62351790555004,
       33.98624404357912
      ]
     ]
    ]
   },
   "properties": {
    "kind": "remove",
    "note": "",
    "source": "hand-drawn",
    "applied": "2026-09-09T09:39:02"
   }
  },
  {
   "type": "Feature",
   "geometry": {
    "type": "Polygon",
    "coordinates": [
     [
      [
       35.62248173605631,
       33.98538207201475
      ],
      [
       35.62247384357921,
       33.98537739752474
      ],
      [
       35.622461441115206,
       33.985358699562084
      ],
      [
       35.622416341246044,
       33.98524464190092
      ],
      [
       35.62240055629185,
       33.98522874860812
      ],
      [
       35.62241521374931,
       33.98522313920995
      ],
      [
       35.622432126200245,
       33.98523529290552
      ],
      [
       35.62244001867735,
       33.985216594911634
      ],
      [
       35.62244001867735,
       33.98520350631343
      ],
      [
       35.62244565616099,
       33.98520350631344
      ],
      [
       35.62244678365772,
       33.98521659491162
      ],
      [
       35.62245016614791,
       33.98522313920995
      ],
      [
       35.62245467613482,
       33.98522313920996
      ],
      [
       35.622461441115206,
       33.98526333988866
      ],
      [
       35.62247497107594,
       33.985285777468505
      ],
      [
       35.622504285990885,
       33.985285777468484
      ],
      [
       35.62250766848108,
       33.98529886605402
      ],
      [
       35.622513305964716,
       33.98529512645835
      ],
      [
       35.62251894344836,
       33.985298866054016
      ],
      [
       35.6225087959778,
       33.98530167075066
      ],
      [
       35.62251105097126,
       33.98532504321898
      ],
      [
       35.6225009035007,
       33.985320368725844
      ],
      [
       35.62249526601706,
       33.985333457306034
      ],
      [
       35.622504285990885,
       33.98535682976561
      ],
      [
       35.62251217846799,
       33.98535402507082
      ],
      [
       35.622513305964716,
       33.985359634460345
      ],
      [
       35.622505413487616,
       33.98536337405315
      ],
      [
       35.622497521010516,
       33.985376462626725
      ],
      [
       35.62248173605631,
       33.98538207201475
      ]
     ]
    ]
   },
   "properties": {
    "kind": "remove",
    "note": "",
    "source": "hand-drawn",
    "applied": "2026-09-09T09:39:02"
   }
  },
  {
   "type": "Feature",
   "geometry": {
    "type": "Polygon",
    "coordinates": [
     [
      [
       35.62251443346145,
       33.985205376113306
      ],
      [
       35.62251105097126,
       33.98520070161356
      ],
      [
       35.62250766848108,
       33.98520350631344
      ],
      [
       35.622498648507246,
       33.98520257141349
      ],
      [
       35.62249526601706,
       33.98519789691359
      ],
      [
       35.622497521010516,
       33.985190417713234
      ],
      [
       35.62251105097126,
       33.985185743212675
      ],
      [
       35.62251781595164,
       33.98518854791305
      ],
      [
       35.62252119844183,
       33.9851941573135
      ],
      [
       35.62251443346145,
       33.985205376113306
      ]
     ]
    ]
   },
   "properties": {
    "kind": "remove",
    "note": "",
    "source": "hand-drawn",
    "applied": "2026-09-09T09:39:02"
   }
  },
  {
   "type": "Feature",
   "geometry": {
    "type": "Polygon",
    "coordinates": [
     [
      [
       35.62246820609557,
       33.985234358005904
      ],
      [
       35.62246707859884,
       33.98522687880879
      ],
      [
       35.62246256861193,
       33.985227813708455
      ],
      [
       35.62245805862501,
       33.98522126941047
      ],
      [
       35.62245693112828,
       33.985206311013215
      ],
      [
       35.62245016614791,
       33.98519696201361
      ],
      [
       35.62245242114137,
       33.98519228751339
      ],
      [
       35.62247046108902,
       33.98520631101321
      ],
      [
       35.62247158858575,
       33.98523435800592
      ],
      [
       35.62246820609557,
       33.985234358005904
      ]
     ]
    ]
   },
   "properties": {
    "kind": "remove",
    "note": "",
    "source": "hand-drawn",
    "applied": "2026-09-09T09:39:02"
   }
  },
  {
   "type": "Feature",
   "geometry": {
    "type": "Polygon",
    "coordinates": [
     [
      [
       35.62296092216604,
       33.985701806521696
      ],
      [
       35.622958667172576,
       33.985698066943776
      ],
      [
       35.622965432152945,
       33.98569619715476
      ],
      [
       35.622966559649676,
       33.985691522682025
      ],
      [
       35.62294964719875,
       33.985687783103636
      ],
      [
       35.62294964719875,
       33.98568123884109
      ],
      [
       35.62295641217912,
       33.9856728247885
      ],
      [
       35.622947392205305,
       33.985672824788494
      ],
      [
       35.622944009715106,
       33.98566815031447
      ],
      [
       35.622944009715106,
       33.98566441073507
      ],
      [
       35.62295077469548,
       33.98566534562993
      ],
      [
       35.6229552846824,
       33.98565786647071
      ],
      [
       35.622951902192206,
       33.98565506178581
      ],
      [
       35.62294626470857,
       33.98566160605041
      ],
      [
       35.62294175472165,
       33.985660671155486
      ],
      [
       35.62293837223146,
       33.98565225710085
      ],
      [
       35.62295077469548,
       33.98565225710086
      ],
      [
       35.62294964719875,
       33.98564477794048
      ],
      [
       35.62304210193051,
       33.98564477794048
      ],
      [
       35.623037591943586,
       33.98565412689084
      ],
      [
       35.6230499944076,
       33.98566254094528
      ],
      [
       35.62304322942723,
       33.98566254094529
      ],
      [
       35.62304322942723,
       33.985677499262266
      ],
      [
       35.6230342094534,
       33.98568123884109
      ],
      [
       35.623030826963216,
       33.98568684820902
      ],
      [
       35.62301842449921,
       33.98569152268202
      ],
      [
       35.62300940452538,
       33.98569152268203
      ],
      [
       35.62300376704173,
       33.985697132049275
      ],
      [
       35.62298910958425,
       33.98569526226024
      ],
      [
       35.62297783461697,
       33.98569993673278
      ],
      [
       35.622966559649676,
       33.98569619715479
      ],
      [
       35.62296092216604,
       33.985701806521696
      ]
     ]
    ]
   },
   "properties": {
    "kind": "remove",
    "note": "",
    "source": "hand-drawn",
    "applied": "2026-09-09T09:39:02"
   }
  },
  {
   "type": "Feature",
   "geometry": {
    "type": "Polygon",
    "coordinates": [
     [
      [
       35.623029699466485,
       33.98570741588829
      ],
      [
       35.623021806989385,
       33.98569900183827
      ],
      [
       35.62304097443378,
       33.985688717998265
      ],
      [
       35.62304773941415,
       33.985688717998265
      ],
      [
       35.6230499944076,
       33.985693392471156
      ],
      [
       35.623038719440316,
       33.98570648099389
      ],
      [
       35.623029699466485,
       33.98570741588829
      ]
     ]
    ]
   },
   "properties": {
    "kind": "remove",
    "note": "",
    "source": "hand-drawn",
    "applied": "2026-09-09T09:39:02"
   }
  },
  {
   "type": "Feature",
   "geometry": {
    "type": "Polygon",
    "coordinates": [
     [
      [
       35.62232501401102,
       33.98572330909159
      ],
      [
       35.622312611547,
       33.98570928567707
      ],
      [
       35.6223205040241,
       33.98569526226024
      ],
      [
       35.62231486654046,
       33.98568965289285
      ],
      [
       35.62233290648812,
       33.98569245757659
      ],
      [
       35.622331778991395,
       33.985686848209
      ],
      [
       35.62231599403719,
       33.98568497841976
      ],
      [
       35.62232163152083,
       33.98567562947278
      ],
      [
       35.62232501401102,
       33.9856793690517
      ],
      [
       35.62234192646195,
       33.985681238841096
      ],
      [
       35.622346436448865,
       33.985685913314406
      ],
      [
       35.62235771141615,
       33.985678434156995
      ],
      [
       35.62236447639652,
       33.9856793690517
      ],
      [
       35.622370113880166,
       33.98569058778744
      ],
      [
       35.62234981893905,
       33.98571022057145
      ],
      [
       35.622339671468495,
       33.98571022057145
      ],
      [
       35.62233628897831,
       33.985719569514615
      ],
      [
       35.62232501401102,
       33.98572330909159
      ]
     ]
    ]
   },
   "properties": {
    "kind": "remove",
    "note": "",
    "source": "hand-drawn",
    "applied": "2026-09-09T09:39:02"
   }
  },
  {
   "type": "Feature",
   "geometry": {
    "type": "Polygon",
    "coordinates": [
     [
      [
       35.62484835168999,
       33.98443408017851
      ],
      [
       35.62485173418018,
       33.98442286127691
      ],
      [
       35.62484158670962,
       33.984411642373814
      ],
      [
       35.62484835168999,
       33.984394814016404
      ],
      [
       35.62484271420635,
       33.9843892045632
      ],
      [
       35.6248562441671,
       33.98437237620134
      ],
      [
       35.62485398917364,
       33.98436396201918
      ],
      [
       35.62486751913438,
       33.984344328924216
      ],
      [
       35.624869774127845,
       33.98432189109581
      ],
      [
       35.62487428411476,
       33.984317216547474
      ],
      [
       35.62488555908205,
       33.984315346728074
      ],
      [
       35.62488555908205,
       33.9844331452701
      ],
      [
       35.62487315661803,
       33.98443408017851
      ],
      [
       35.62486751913438,
       33.98442473109393
      ],
      [
       35.624869774127845,
       33.98442099145983
      ],
      [
       35.62486526414093,
       33.984420056551265
      ],
      [
       35.6248641366442,
       33.98443221036168
      ],
      [
       35.624860754154014,
       33.9844331452701
      ],
      [
       35.62485962665728,
       33.984426600910936
      ],
      [
       35.62485511667037,
       33.98442566600244
      ],
      [
       35.624852861676914,
       33.98443314527011
      ],
      [
       35.62484835168999,
       33.98443408017851
      ]
     ]
    ]
   },
   "properties": {
    "kind": "remove",
    "note": "",
    "source": "hand-drawn",
    "applied": "2026-09-09T09:39:02"
   }
  },
  {
   "type": "Feature",
   "geometry": {
    "type": "Polygon",
    "coordinates": [
     [
      [
       35.626450524541546,
       33.98500343749039
      ],
      [
       35.62642008212987,
       33.98499595827291
      ],
      [
       35.626399787188745,
       33.98498193473841
      ],
      [
       35.62638851222147,
       33.984965106493895
      ],
      [
       35.62639189471165,
       33.98495295275969
      ],
      [
       35.626406552169115,
       33.9849529527597
      ],
      [
       35.62641331714949,
       33.9849436037322
      ],
      [
       35.62642346462005,
       33.98494827824608
      ],
      [
       35.62641895463313,
       33.98494079902375
      ],
      [
       35.626433612090615,
       33.98494921314882
      ],
      [
       35.62642797460697,
       33.98495482256508
      ],
      [
       35.62642120962659,
       33.984951082954275
      ],
      [
       35.62641444464622,
       33.9849585621757
      ],
      [
       35.62641444464622,
       33.9849651064939
      ],
      [
       35.626406552169115,
       33.984967911201544
      ],
      [
       35.626406552169115,
       33.98497258571408
      ],
      [
       35.62641331714949,
       33.984981934738386
      ],
      [
       35.62642233712332,
       33.984985674347826
      ],
      [
       35.626440377070985,
       33.98498380454313
      ],
      [
       35.6264448870579,
       33.984974455519044
      ],
      [
       35.626450524541546,
       33.984975390421475
      ],
      [
       35.626450524541546,
       33.98500343749039
      ]
     ]
    ]
   },
   "properties": {
    "kind": "remove",
    "note": "",
    "source": "hand-drawn",
    "applied": "2026-09-09T09:39:02"
   }
  },
  {
   "type": "Feature",
   "geometry": {
    "type": "Polygon",
    "coordinates": [
     [
      [
       35.62693985812184,
       33.98471361733204
      ],
      [
       35.62690039573633,
       33.98471455223738
      ],
      [
       35.626907160716705,
       33.984712682426704
      ],
      [
       35.626908288213436,
       33.98470333337278
      ],
      [
       35.62692181817419,
       33.98469865884543
      ],
      [
       35.62692520066437,
       33.984703333372785
      ],
      [
       35.62693309314146,
       33.98470239846732
      ],
      [
       35.62693534813492,
       33.984706138089074
      ],
      [
       35.62692971065128,
       33.98470987771063
      ],
      [
       35.62693985812184,
       33.98471361733204
      ]
     ]
    ]
   },
   "properties": {
    "kind": "remove",
    "note": "",
    "source": "hand-drawn",
    "applied": "2026-09-09T09:39:02"
   }
  },
  {
   "type": "Feature",
   "geometry": {
    "type": "Polygon",
    "coordinates": [
     [
      [
       35.62719579987925,
       33.98224543142297
      ],
      [
       35.62714731751991,
       33.9822398218279
      ],
      [
       35.6271270225788,
       33.982234212232484
      ],
      [
       35.627124767585336,
       33.982228602636674
      ],
      [
       35.62721045733672,
       33.982228602636674
      ],
      [
       35.627219477310554,
       33.98224356155799
      ],
      [
       35.62719579987925,
       33.98224543142297
      ]
     ]
    ]
   },
   "properties": {
    "kind": "remove",
    "note": "",
    "source": "hand-drawn",
    "applied": "2026-09-09T09:39:02"
   }
  },
  {
   "type": "Feature",
   "geometry": {
    "type": "Polygon",
    "coordinates": [
     [
      [
       35.62723413476803,
       33.98224356155799
      ],
      [
       35.62722849728439,
       33.98223982182791
      ],
      [
       35.627240899748415,
       33.98223234236725
      ],
      [
       35.627240899748415,
       33.982228602636674
      ],
      [
       35.62726344968298,
       33.98222860263666
      ],
      [
       35.627260067192786,
       33.98223795196281
      ],
      [
       35.62724540973532,
       33.98224356155799
      ],
      [
       35.62723413476803,
       33.98224356155799
      ]
     ]
    ]
   },
   "properties": {
    "kind": "remove",
    "note": "",
    "source": "hand-drawn",
    "applied": "2026-09-09T09:39:02"
   }
  },
  {
   "type": "Feature",
   "geometry": {
    "type": "Polygon",
    "coordinates": [
     [
      [
       35.62762763112638,
       33.98243802729548
      ],
      [
       35.62759380622452,
       33.98243802729548
      ],
      [
       35.62758816874088,
       33.98243054785225
      ],
      [
       35.62759493372125,
       33.98242213347785
      ],
      [
       35.62758704124414,
       33.98241652389447
      ],
      [
       35.627596061217986,
       33.98241091431069
      ],
      [
       35.627624248636195,
       33.98241652389447
      ],
      [
       35.62761861115255,
       33.98242213347786
      ],
      [
       35.62762763112638,
       33.982422133477854
      ],
      [
       35.627632141113295,
       33.98242587319993
      ],
      [
       35.62762763112638,
       33.98243802729548
      ]
     ]
    ]
   },
   "properties": {
    "kind": "remove",
    "note": "",
    "source": "hand-drawn",
    "applied": "2026-09-09T09:39:02"
   }
  },
  {
   "type": "Feature",
   "geometry": {
    "type": "Polygon",
    "coordinates": [
     [
      [
       35.62792754525621,
       33.98257359208968
      ],
      [
       35.62792980024967,
       33.98256424280049
      ],
      [
       35.62791176030201,
       33.982553023652066
      ],
      [
       35.62790161283146,
       33.98255489351025
      ],
      [
       35.627897102844535,
       33.98256050308451
      ],
      [
       35.627889210367435,
       33.98256050308451
      ],
      [
       35.627879062896874,
       33.982551153793864
      ],
      [
       35.627881317890335,
       33.982541804502176
      ],
      [
       35.627889210367435,
       33.98253619492666
      ],
      [
       35.62789484785108,
       33.982539934643725
      ],
      [
       35.627897102844535,
       33.98253525999739
      ],
      [
       35.62790950530856,
       33.98253619492666
      ],
      [
       35.62791627028893,
       33.982532455209466
      ],
      [
       35.62792641775949,
       33.982534325068094
      ],
      [
       35.627928672752944,
       33.98253806478524
      ],
      [
       35.6279388202235,
       33.9825343250681
      ],
      [
       35.627947840197336,
       33.98253619492667
      ],
      [
       35.627947840197336,
       33.982539934643725
      ],
      [
       35.62791627028893,
       33.98254367436059
      ],
      [
       35.62791627028893,
       33.98254647914814
      ],
      [
       35.62793318273985,
       33.982544609289796
      ],
      [
       35.62794220271369,
       33.982551153793864
      ],
      [
       35.62795009519079,
       33.98255115379386
      ],
      [
       35.627945585203875,
       33.98255395858115
      ],
      [
       35.627947840197336,
       33.982556763368365
      ],
      [
       35.627937692726775,
       33.98255676336835
      ],
      [
       35.62793318273985,
       33.98256050308449
      ],
      [
       35.62793318273985,
       33.98257078730305
      ],
      [
       35.62792754525621,
       33.98257359208968
      ]
     ]
    ]
   },
   "properties": {
    "kind": "remove",
    "note": "",
    "source": "hand-drawn",
    "applied": "2026-09-09T09:39:02"
   }
  },
  {
   "type": "Feature",
   "geometry": {
    "type": "Polygon",
    "coordinates": [
     [
      [
       35.62790274032818,
       33.982596965308225
      ],
      [
       35.62788357288379,
       33.982591355736375
      ],
      [
       35.62788357288379,
       33.98256798251628
      ],
      [
       35.627889210367435,
       33.98257265716083
      ],
      [
       35.627888082870705,
       33.98258948587899
      ],
      [
       35.62789259285762,
       33.98259042080767
      ],
      [
       35.627897102844535,
       33.982584811235384
      ],
      [
       35.62790499532164,
       33.98258948587898
      ],
      [
       35.62791063280528,
       33.9825820064491
      ],
      [
       35.62791627028893,
       33.98258294137787
      ],
      [
       35.62791965277911,
       33.982591355736346
      ],
      [
       35.62790274032818,
       33.982596965308225
      ]
     ]
    ]
   },
   "properties": {
    "kind": "remove",
    "note": "",
    "source": "hand-drawn",
    "applied": "2026-09-09T09:39:02"
   }
  },
  {
   "type": "Feature",
   "geometry": {
    "type": "Polygon",
    "coordinates": [
     [
      [
       35.62836949621821,
       33.98226973966397
      ],
      [
       35.6283661155784,
       33.98226319513822
      ],
      [
       35.62836836933828,
       33.98224356155799
      ],
      [
       35.62834695861949,
       33.98223888689537
      ],
      [
       35.628335689820126,
       33.982230472501996
      ],
      [
       35.62833118230038,
       33.98224075676044
      ],
      [
       35.628324421020764,
       33.98224075676044
      ],
      [
       35.62832329414083,
       33.982228602636674
      ],
      [
       35.62838865317713,
       33.98222860263668
      ],
      [
       35.62838639941726,
       33.98223140743461
      ],
      [
       35.62839316069688,
       33.98223514716507
      ],
      [
       35.62838978005707,
       33.982240756760426
      ],
      [
       35.62839541445675,
       33.98224356155799
      ],
      [
       35.62839316069688,
       33.98225478074725
      ],
      [
       35.62838414565739,
       33.98224636635545
      ],
      [
       35.62837287685802,
       33.98224823622036
      ],
      [
       35.6283751306179,
       33.98226506500278
      ],
      [
       35.62838865317713,
       33.98226599993501
      ],
      [
       35.62836949621821,
       33.98226973966397
      ]
     ]
    ]
   },
   "properties": {
    "kind": "remove",
    "note": "",
    "source": "hand-drawn",
    "applied": "2026-09-09T09:39:02"
   }
  },
  {
   "type": "Feature",
   "geometry": {
    "type": "Polygon",
    "coordinates": [
     [
      [
       35.62790837781183,
       33.982064989262966
      ],
      [
       35.62790161283146,
       33.982062184459544
      ],
      [
       35.62790161283146,
       33.98205844472148
      ],
      [
       35.62791176030201,
       33.98202665694133
      ],
      [
       35.627915142792205,
       33.98202946174593
      ],
      [
       35.62791627028893,
       33.98202572200643
      ],
      [
       35.627928672752944,
       33.982027591876204
      ],
      [
       35.62794107521696,
       33.982023852136614
      ],
      [
       35.62793994772023,
       33.98203881109396
      ],
      [
       35.62791739778566,
       33.98204909537561
      ],
      [
       35.627918525282396,
       33.982056574852386
      ],
      [
       35.627914015295474,
       33.982059379656015
      ],
      [
       35.62791965277911,
       33.98205844472148
      ],
      [
       35.62792078027585,
       33.98206124952503
      ],
      [
       35.62790837781183,
       33.982064989262966
      ]
     ]
    ]
   },
   "properties": {
    "kind": "remove",
    "note": "",
    "source": "hand-drawn",
    "applied": "2026-09-09T09:39:02"
   }
  },
  {
   "type": "Feature",
   "geometry": {
    "type": "Polygon",
    "coordinates": [
     [
      [
       35.62737619935586,
       33.981659226737214
      ],
      [
       35.62736830687876,
       33.98165268216447
      ],
      [
       35.62737732685259,
       33.98164520265216
      ],
      [
       35.627389729316604,
       33.98164800746935
      ],
      [
       35.627399876787166,
       33.9816470725303
      ],
      [
       35.62740100428389,
       33.98164333277398
      ],
      [
       35.62741227925118,
       33.98164707253029
      ],
      [
       35.62741791673483,
       33.98164520265217
      ],
      [
       35.62741791673483,
       33.981651747225484
      ],
      [
       35.62742242672174,
       33.981653617103476
      ],
      [
       35.62742129922502,
       33.98165829179829
      ],
      [
       35.62737619935586,
       33.981659226737214
      ]
     ]
    ]
   },
   "properties": {
    "kind": "remove",
    "note": "",
    "source": "hand-drawn",
    "applied": "2026-09-09T09:39:02"
   }
  },
  {
   "type": "Feature",
   "geometry": {
    "type": "Polygon",
    "coordinates": [
     [
      [
       35.627285999617555,
       33.98163117856479
      ],
      [
       35.62728487212083,
       33.98161341471746
      ],
      [
       35.62728825461102,
       33.98160967495967
      ],
      [
       35.62729727458485,
       33.98160967495966
      ],
      [
       35.62729614708812,
       33.98159845568526
      ],
      [
       35.62730629455868,
       33.98159658580604
      ],
      [
       35.62731305953904,
       33.98160500026218
      ],
      [
       35.62731869702269,
       33.98159752074566
      ],
      [
       35.62731080454559,
       33.98158723640937
      ],
      [
       35.62731193204232,
       33.98158349665041
      ],
      [
       35.62731982451942,
       33.98158536652992
      ],
      [
       35.62732207951287,
       33.981595650866424
      ],
      [
       35.62732771699652,
       33.98160032556442
      ],
      [
       35.627333354480164,
       33.98159845568526
      ],
      [
       35.627332226983434,
       33.98158910628879
      ],
      [
       35.62734575694418,
       33.98158443159017
      ],
      [
       35.62734801193764,
       33.981596585806045
      ],
      [
       35.62736266939511,
       33.98160406532264
      ],
      [
       35.62732095201615,
       33.98160967495967
      ],
      [
       35.627317569525964,
       33.98162182917192
      ],
      [
       35.62730967704886,
       33.9816171544751
      ],
      [
       35.6273074220554,
       33.981624633989895
      ],
      [
       35.627285999617555,
       33.98163117856479
      ]
     ]
    ]
   },
   "properties": {
    "kind": "remove",
    "note": "",
    "source": "hand-drawn",
    "applied": "2026-09-09T09:39:02"
   }
  },
  {
   "type": "Feature",
   "geometry": {
    "type": "Polygon",
    "coordinates": [
     [
      [
       35.62737845434931,
       33.98159004122848
      ],
      [
       35.62736717938203,
       33.981587236409375
      ],
      [
       35.62735477691801,
       33.981588171349074
      ],
      [
       35.62735252192456,
       33.98158536652992
      ],
      [
       35.6273581594082,
       33.98157975689128
      ],
      [
       35.62737168936894,
       33.98157975689129
      ],
      [
       35.62738296433623,
       33.98158536652992
      ],
      [
       35.62737845434931,
       33.98158630146965
      ],
      [
       35.62737845434931,
       33.98159004122848
      ]
     ]
    ]
   },
   "properties": {
    "kind": "remove",
    "note": "",
    "source": "hand-drawn",
    "applied": "2026-09-09T09:39:02"
   }
  },
  {
   "type": "Feature",
   "geometry": {
    "type": "Polygon",
    "coordinates": [
     [
      [
       35.628828136352276,
       33.98325515250316
      ],
      [
       35.62881461379304,
       33.98324393344596
      ],
      [
       35.6288134869131,
       33.983252347739004
      ],
      [
       35.62880897939336,
       33.983252347739
      ],
      [
       35.628799964353874,
       33.9832411286814
      ],
      [
       35.62880447187362,
       33.98323925883833
      ],
      [
       35.62880559875355,
       33.98322336517054
      ],
      [
       35.62881799443285,
       33.98321495087462
      ],
      [
       35.62883377075196,
       33.983210276265396
      ],
      [
       35.62883377075196,
       33.98323458423047
      ],
      [
       35.62882700947234,
       33.9832373889952
      ],
      [
       35.62882700947234,
       33.98324393344595
      ],
      [
       35.62883377075196,
       33.983243933445955
      ],
      [
       35.62883377075196,
       33.98325515250316
      ],
      [
       35.628828136352276,
       33.98325515250316
      ]
     ]
    ]
   },
   "properties": {
    "kind": "remove",
    "note": "",
    "source": "hand-drawn",
    "applied": "2026-09-09T09:39:02"
   }
  },
  {
   "type": "Feature",
   "geometry": {
    "type": "Polygon",
    "coordinates": [
     [
      [
       35.62828045173233,
       33.98296065176044
      ],
      [
       35.6282714317585,
       33.982953172363246
      ],
      [
       35.62826466677813,
       33.982954107287924
      ],
      [
       35.62826579427485,
       33.98293914849165
      ],
      [
       35.628261284287944,
       33.98293821356681
      ],
      [
       35.62827030426177,
       33.98290923089123
      ],
      [
       35.628299619176715,
       33.98288866253483
      ],
      [
       35.628299619176715,
       33.98288492283312
      ],
      [
       35.62831878662111,
       33.98288398790769
      ],
      [
       35.62831878662111,
       33.982929799242655
      ],
      [
       35.62830751165382,
       33.982921384917674
      ],
      [
       35.6282951091898,
       33.98292605954277
      ],
      [
       35.62828834420943,
       33.98294382311577
      ],
      [
       35.628298491679985,
       33.9829503675891
      ],
      [
       35.628290599202884,
       33.98295317236323
      ],
      [
       35.628290599202884,
       33.982960651760465
      ],
      [
       35.62828045173233,
       33.98296065176044
      ]
     ]
    ]
   },
   "properties": {
    "kind": "remove",
    "note": "",
    "source": "hand-drawn",
    "applied": "2026-09-09T09:39:02"
   }
  },
  {
   "type": "Feature",
   "geometry": {
    "type": "Polygon",
    "coordinates": [
     [
      [
       35.62825902929448,
       33.98288866253485
      ],
      [
       35.62824098934682,
       33.98287931328028
      ],
      [
       35.62823873435336,
       33.98286715924781
      ],
      [
       35.628233096869714,
       33.98286902909908
      ],
      [
       35.62823196937299,
       33.98287370372704
      ],
      [
       35.628211674431874,
       33.98286902909908
      ],
      [
       35.628210546935144,
       33.98286435447084
      ],
      [
       35.62821731191551,
       33.98286061476808
      ],
      [
       35.628221821902436,
       33.9828475258071
      ],
      [
       35.628210546935144,
       33.982835371770086
      ],
      [
       35.628210546935144,
       33.982828827287896
      ],
      [
       35.62820603694823,
       33.98283537177008
      ],
      [
       35.62819927196786,
       33.98283069714002
      ],
      [
       35.628164319569265,
       33.98282415265746
      ],
      [
       35.628164319569265,
       33.982816673248216
      ],
      [
       35.628168829556174,
       33.982812933543364
      ],
      [
       35.62816544706599,
       33.982797974722246
      ],
      [
       35.62820941943842,
       33.982797974722246
      ],
      [
       35.62820941943842,
       33.982826022509656
      ],
      [
       35.628219566908975,
       33.98282508758357
      ],
      [
       35.628215056922066,
       33.9828185431006
      ],
      [
       35.62822294939916,
       33.98281293354336
      ],
      [
       35.628220694405705,
       33.98280358428047
      ],
      [
       35.628211674431874,
       33.98279797472225
      ],
      [
       35.62831878662111,
       33.98279797472226
      ],
      [
       35.62831878662111,
       33.98282321773134
      ],
      [
       35.62831202164073,
       33.982823217731344
      ],
      [
       35.62830976664728,
       33.98282976221397
      ],
      [
       35.628298491679985,
       33.98283069714
      ],
      [
       35.628289471706154,
       33.98286528939652
      ],
      [
       35.628282706725784,
       33.98287650850371
      ],
      [
       35.628282706725784,
       33.98288772760942
      ],
      [
       35.62825902929448,
       33.98288866253485
      ]
     ]
    ]
   },
   "properties": {
    "kind": "remove",
    "note": "",
    "source": "hand-drawn",
    "applied": "2026-09-09T09:39:02"
   }
  },
  {
   "type": "Feature",
   "geometry": {
    "type": "Polygon",
    "coordinates": [
     [
      [
       35.62832104038096,
       33.982823217731344
      ],
      [
       35.62831878662108,
       33.98279797472226
      ],
      [
       35.62837851125771,
       33.982797974722246
      ],
      [
       35.628376257497834,
       33.98280358428047
      ],
      [
       35.62835935429879,
       33.98281106369087
      ],
      [
       35.62835822741885,
       33.982814803395826
      ],
      [
       35.62836836933828,
       33.982812933543364
      ],
      [
       35.6283627349386,
       33.98282041295293
      ],
      [
       35.628343577979685,
       33.982816673248216
      ],
      [
       35.62833118230038,
       33.982823217731344
      ],
      [
       35.62832104038096,
       33.982823217731344
      ]
     ]
    ]
   },
   "properties": {
    "kind": "remove",
    "note": "",
    "source": "hand-drawn",
    "applied": "2026-09-09T09:39:02"
   }
  },
  {
   "type": "Feature",
   "geometry": {
    "type": "Polygon",
    "coordinates": [
     [
      [
       35.62882024819273,
       33.98213604425254
      ],
      [
       35.628799964353874,
       33.98212762984898
      ],
      [
       35.62880447187362,
       33.982124825047606
      ],
      [
       35.62880447187362,
       33.98211828051071
      ],
      [
       35.62879883747394,
       33.98211828051071
      ],
      [
       35.628795456834126,
       33.982124825047606
      ],
      [
       35.628787568674575,
       33.982128564782755
      ],
      [
       35.62878418803476,
       33.98212575998139
      ],
      [
       35.62879320307425,
       33.98211641064294
      ],
      [
       35.628787568674575,
       33.982094907160565
      ],
      [
       35.62878982243444,
       33.98208836262136
      ],
      [
       35.628797710594,
       33.98208742768715
      ],
      [
       35.62879320307425,
       33.98208555781869
      ],
      [
       35.62879320307425,
       33.98207994821309
      ],
      [
       35.628801091233804,
       33.98207153380396
      ],
      [
       35.62880447187362,
       33.982059379656015
      ],
      [
       35.62880447187362,
       33.98205283511408
      ],
      [
       35.628797710594,
       33.98205003031025
      ],
      [
       35.628797710594,
       33.98204535563698
      ],
      [
       35.6288101062733,
       33.98203600628967
      ],
      [
       35.6288101062733,
       33.98202572200643
      ],
      [
       35.628828136352276,
       33.98202104733183
      ],
      [
       35.628828136352276,
       33.982012632916884
      ],
      [
       35.62883377075196,
       33.982009828111714
      ],
      [
       35.62883377075196,
       33.98213417438515
      ],
      [
       35.62882024819273,
       33.98213604425254
      ]
     ]
    ]
   },
   "properties": {
    "kind": "remove",
    "note": "",
    "source": "hand-drawn",
    "applied": "2026-09-09T09:39:02"
   }
  },
  {
   "type": "Feature",
   "geometry": {
    "type": "Polygon",
    "coordinates": [
     [
      [
       35.62719692737598,
       33.98198645473174
      ],
      [
       35.62715182750683,
       33.981955601860335
      ],
      [
       35.627155209997014,
       33.981949992246136
      ],
      [
       35.62718001492505,
       33.98194251276
      ],
      [
       35.62717663243487,
       33.981936903144934
      ],
      [
       35.627181142421776,
       33.98193409833727
      ],
      [
       35.62720143736289,
       33.98193222846544
      ],
      [
       35.62720481985308,
       33.98192568391374
      ],
      [
       35.62722398729747,
       33.98193316340136
      ],
      [
       35.62725330221242,
       33.98193316340136
      ],
      [
       35.62725330221242,
       33.981937838080796
      ],
      [
       35.627276979643725,
       33.98194625250316
      ],
      [
       35.62728148963064,
       33.98194438263158
      ],
      [
       35.62728938210774,
       33.98194999224614
      ],
      [
       35.62730178457176,
       33.98194438263158
      ],
      [
       35.62730291206849,
       33.98194999224614
      ],
      [
       35.62730967704886,
       33.98195186211758
      ],
      [
       35.62730854955213,
       33.98196121147414
      ],
      [
       35.62731305953904,
       33.9819668210876
      ],
      [
       35.62730967704886,
       33.981971495765166
      ],
      [
       35.62729050960447,
       33.98197430057161
      ],
      [
       35.62728938210774,
       33.98197804031337
      ],
      [
       35.62728036213391,
       33.98197430057162
      ],
      [
       35.62727923463718,
       33.981979910184194
      ],
      [
       35.627269087166624,
       33.98198084511958
      ],
      [
       35.62726570467643,
       33.981986454731725
      ],
      [
       35.627221732304015,
       33.981979910184194
      ],
      [
       35.62719692737598,
       33.98198645473174
      ]
     ]
    ]
   },
   "properties": {
    "kind": "remove",
    "note": "",
    "source": "hand-drawn",
    "applied": "2026-09-09T09:39:02"
   }
  },
  {
   "type": "Feature",
   "geometry": {
    "type": "Polygon",
    "coordinates": [
     [
      [
       35.62731193204232,
       33.981220739249586
      ],
      [
       35.62728825461102,
       33.981209519923866
      ],
      [
       35.62727472465027,
       33.981209519923866
      ],
      [
       35.627269087166624,
       33.9812029753165
      ],
      [
       35.62725442970915,
       33.98119830059665
      ],
      [
       35.62725555720588,
       33.98118240654723
      ],
      [
       35.627269087166624,
       33.98116183777297
      ],
      [
       35.627271342160086,
       33.98116651249482
      ],
      [
       35.62726344968298,
       33.981176796882
      ],
      [
       35.62726457717971,
       33.98118240654723
      ],
      [
       35.62732433450633,
       33.98118053665886
      ],
      [
       35.627332226983434,
       33.98118334149139
      ],
      [
       35.62732207951287,
       33.981187081267954
      ],
      [
       35.627317569525964,
       33.981198300596645
      ],
      [
       35.6273232070096,
       33.981212324755425
      ],
      [
       35.62731193204232,
       33.981220739249586
      ]
     ]
    ]
   },
   "properties": {
    "kind": "remove",
    "note": "",
    "source": "hand-drawn",
    "applied": "2026-09-09T09:39:02"
   }
  },
  {
   "type": "Feature",
   "geometry": {
    "type": "Polygon",
    "coordinates": [
     [
      [
       35.62730065707503,
       33.98117960171465
      ],
      [
       35.627287127114286,
       33.98117118721642
      ],
      [
       35.627275852146994,
       33.98117212216072
      ],
      [
       35.62727472465027,
       33.981162772717354
      ],
      [
       35.627278107140455,
       33.98115996788415
      ],
      [
       35.627287127114286,
       33.98116090282856
      ],
      [
       35.6272995295783,
       33.981176796882
      ],
      [
       35.62730967704886,
       33.981176796882
      ],
      [
       35.6273153145325,
       33.98117305710499
      ],
      [
       35.62731305953904,
       33.981177731826236
      ],
      [
       35.62730065707503,
       33.98117960171465
      ]
     ]
    ]
   },
   "properties": {
    "kind": "remove",
    "note": "",
    "source": "hand-drawn",
    "applied": "2026-09-09T09:39:02"
   }
  },
  {
   "type": "Feature",
   "geometry": {
    "type": "Polygon",
    "coordinates": [
     [
      [
       35.627423554218474,
       33.98116277271735
      ],
      [
       35.62741002425773,
       33.98115809799529
      ],
      [
       35.62742017172829,
       33.98115903293973
      ],
      [
       35.627423554218474,
       33.98115435821746
      ],
      [
       35.62740100428389,
       33.98115716305086
      ],
      [
       35.627390856813335,
       33.981155293161926
      ],
      [
       35.627389729316604,
       33.98115155338397
      ],
      [
       35.6273818368395,
       33.981152488328476
      ],
      [
       35.62737958184604,
       33.981145008772145
      ],
      [
       35.62736830687876,
       33.9811403340491
      ],
      [
       35.62736379689185,
       33.981132854491705
      ],
      [
       35.62735928690493,
       33.98113378943641
      ],
      [
       35.62735703191147,
       33.98112724482323
      ],
      [
       35.627351394427826,
       33.981130984602245
      ],
      [
       35.627342374453995,
       33.9811225700992
      ],
      [
       35.62735252192456,
       33.981120700209516
      ],
      [
       35.62735928690493,
       33.98112443998883
      ],
      [
       35.62736830687876,
       33.98110387120055
      ],
      [
       35.62737168936894,
       33.98110387120055
      ],
      [
       35.62737168936894,
       33.981117895374936
      ],
      [
       35.62737507185913,
       33.98110200131045
      ],
      [
       35.62737958184604,
       33.981099196475256
      ],
      [
       35.62737845434931,
       33.98109545669482
      ],
      [
       35.627372816865666,
       33.981096391639944
      ],
      [
       35.627372816865666,
       33.981089847023874
      ],
      [
       35.62747880155819,
       33.981089847023874
      ],
      [
       35.627479929054914,
       33.98109545669483
      ],
      [
       35.62747203657781,
       33.98110948087058
      ],
      [
       35.62747429157127,
       33.98113378943641
      ],
      [
       35.62746865408762,
       33.981139399104464
      ],
      [
       35.62746865408762,
       33.98115342327298
      ],
      [
       35.62745174163668,
       33.98116183777297
      ],
      [
       35.62742919170211,
       33.98115809799527
      ],
      [
       35.627423554218474,
       33.98116277271735
      ]
     ]
    ]
   },
   "properties": {
    "kind": "remove",
    "note": "",
    "source": "hand-drawn",
    "applied": "2026-09-09T09:39:02"
   }
  },
  {
   "type": "Feature",
   "geometry": {
    "type": "Polygon",
    "coordinates": [
     [
      [
       35.62678188085557,
       33.9810787262884
      ],
      [
       35.62677383422852,
       33.98105870896084
      ],
      [
       35.62680333852769,
       33.98101422599382
      ],
      [
       35.62675505876542,
       33.98099420865106
      ],
      [
       35.626736283302314,
       33.981047588221266
      ],
      [
       35.62671214342118,
       33.98105870896084
      ],
      [
       35.62670677900315,
       33.981083174582764
      ],
      [
       35.62676310539246,
       33.98108539872987
      ],
      [
       35.62678188085557,
       33.9810787262884
      ]
     ]
    ]
   },
   "properties": {
    "kind": "add",
    "note": "",
    "source": "hand-drawn",
    "applied": "2026-09-09T09:39:02"
   }
  },
  {
   "type": "Feature",
   "geometry": {
    "type": "Polygon",
    "coordinates": [
     [
      [
       35.62804142242583,
       33.98075794083372
      ],
      [
       35.62804142242583,
       33.98073737195676
      ],
      [
       35.62802338247816,
       33.98073550205859
      ],
      [
       35.6280132350076,
       33.9807298923639
      ],
      [
       35.6280132350076,
       33.98072241277038
      ],
      [
       35.62800759752396,
       33.980722412770376
      ],
      [
       35.62800759752396,
       33.98071960792263
      ],
      [
       35.62802338247816,
       33.98070184388483
      ],
      [
       35.62805156989638,
       33.98065696629904
      ],
      [
       35.6280639723604,
       33.980642007098524
      ],
      [
       35.628067354850586,
       33.98064387699874
      ],
      [
       35.62807750232115,
       33.980627047895375
      ],
      [
       35.62808426730152,
       33.980621438193495
      ],
      [
       35.62808652229498,
       33.980624243044495
      ],
      [
       35.6280876497917,
       33.980620503243166
      ],
      [
       35.62809328727536,
       33.9806214381935
      ],
      [
       35.62809441477208,
       33.980627047895375
      ],
      [
       35.62809666976554,
       33.9806214381935
      ],
      [
       35.628105689739364,
       33.98062143819351
      ],
      [
       35.628112454719734,
       33.980627047895375
      ],
      [
       35.628112454719734,
       33.980643876998734
      ],
      [
       35.62809666976554,
       33.98066070609877
      ],
      [
       35.628101179752456,
       33.98066912064755
      ],
      [
       35.62809215977862,
       33.98068220994395
      ],
      [
       35.62809215977862,
       33.98068875459142
      ],
      [
       35.62808426730152,
       33.98069436428884
      ],
      [
       35.62808426730152,
       33.98070184388482
      ],
      [
       35.62807750232115,
       33.98070558368257
      ],
      [
       35.628075247327686,
       33.98071212832821
      ],
      [
       35.628066227353855,
       33.98071680307481
      ],
      [
       35.628065099857125,
       33.980726152567236
      ],
      [
       35.628042549922554,
       33.980729892363904
      ],
      [
       35.62806171736694,
       33.980730827313025
      ],
      [
       35.628065099857125,
       33.980741111752934
      ],
      [
       35.628059462373486,
       33.98074298165099
      ],
      [
       35.62805495238656,
       33.98075420103829
      ],
      [
       35.628049314902924,
       33.980753266089394
      ],
      [
       35.62804142242583,
       33.98075794083372
      ]
     ]
    ]
   },
   "properties": {
    "kind": "remove",
    "note": "",
    "source": "hand-drawn",
    "applied": "2026-09-09T09:39:02"
   }
  },
  {
   "type": "Feature",
   "geometry": {
    "type": "Polygon",
    "coordinates": [
     [
      [
       35.62801549000106,
       33.98077476991117
      ],
      [
       35.628009852517415,
       33.98077009516778
      ],
      [
       35.62799857755013,
       33.980771965065145
      ],
      [
       35.62798843007957,
       33.980755135987145
      ],
      [
       35.628000832543584,
       33.98075513598717
      ],
      [
       35.62800759752396,
       33.98074765639586
      ],
      [
       35.62801436250433,
       33.98074952629373
      ],
      [
       35.62801774499452,
       33.980755135987145
      ],
      [
       35.628009852517415,
       33.98075607093601
      ],
      [
       35.628008725020685,
       33.980760745680186
      ],
      [
       35.62801999998798,
       33.980773834962505
      ],
      [
       35.62801549000106,
       33.98077476991117
      ]
     ]
    ]
   },
   "properties": {
    "kind": "remove",
    "note": "",
    "source": "hand-drawn",
    "applied": "2026-09-09T09:39:02"
   }
  },
  {
   "type": "Feature",
   "geometry": {
    "type": "Polygon",
    "coordinates": [
     [
      [
       35.628162064575804,
       33.98049989456228
      ],
      [
       35.62811921970011,
       33.98049989456228
      ],
      [
       35.62811809220338,
       33.98049147999676
      ],
      [
       35.62811019972628,
       33.980493349900286
      ],
      [
       35.62810907222955,
       33.980484935334104
      ],
      [
       35.62809441477208,
       33.980491479996765
      ],
      [
       35.62808877728843,
       33.98048587028595
      ],
      [
       35.62809666976554,
       33.98048119552668
      ],
      [
       35.62809666976554,
       33.98047745571903
      ],
      [
       35.628091032281894,
       33.98047839067095
      ],
      [
       35.62809554226881,
       33.98046249648693
      ],
      [
       35.62810456224263,
       33.98045969163061
      ],
      [
       35.628106817236095,
       33.9804662362952
      ],
      [
       35.628113582216464,
       33.98046717124727
      ],
      [
       35.62811809220338,
       33.980462496486936
      ],
      [
       35.62811809220338,
       33.980448472204436
      ],
      [
       35.628122602190295,
       33.98044473239538
      ],
      [
       35.62812936717067,
       33.980447537252196
      ],
      [
       35.62814176963469,
       33.98044192753847
      ],
      [
       35.62815191710525,
       33.98044566734766
      ],
      [
       35.628155299595434,
       33.980457821726354
      ],
      [
       35.62815980958235,
       33.98046062658273
      ],
      [
       35.62815980958235,
       33.980481195526664
      ],
      [
       35.62816770205944,
       33.98047839067097
      ],
      [
       35.628168829556174,
       33.98048400038227
      ],
      [
       35.628158682085626,
       33.98048680523777
      ],
      [
       35.62815755458889,
       33.98049428485202
      ],
      [
       35.628162064575804,
       33.98049989456228
      ]
     ]
    ]
   },
   "properties": {
    "kind": "remove",
    "note": "",
    "source": "hand-drawn",
    "applied": "2026-09-09T09:39:02"
   }
  },
  {
   "type": "Feature",
   "geometry": {
    "type": "Polygon",
    "coordinates": [
     [
      [
       35.62707290273581,
       33.98043912268149
      ],
      [
       35.62703456784703,
       33.980436317824406
      ],
      [
       35.6270255478732,
       33.98041481391701
      ],
      [
       35.62702329287974,
       33.98039050514558
      ],
      [
       35.6270334403503,
       33.980390505145586
      ],
      [
       35.62703907783395,
       33.98038676533397
      ],
      [
       35.627043587820864,
       33.98039517990985
      ],
      [
       35.62706726525217,
       33.980397049815494
      ],
      [
       35.62706388276199,
       33.9803979847683
      ],
      [
       35.62706613775545,
       33.98040078962664
      ],
      [
       35.627061627768526,
       33.98040265953215
      ],
      [
       35.62705824527834,
       33.98041574886962
      ],
      [
       35.62707403023254,
       33.98041668382221
      ],
      [
       35.627076285225996,
       33.98042977315751
      ],
      [
       35.62707290273581,
       33.98043912268149
      ]
     ]
    ]
   },
   "properties": {
    "kind": "remove",
    "note": "",
    "source": "hand-drawn",
    "applied": "2026-09-09T09:39:02"
   }
  },
  {
   "type": "Feature",
   "geometry": {
    "type": "Polygon",
    "coordinates": [
     [
      [
       35.626948878095654,
       33.98043725277677
      ],
      [
       35.626946623102185,
       33.98040639934307
      ],
      [
       35.62695000559238,
       33.980383025522194
      ],
      [
       35.626955643076016,
       33.980385830381046
      ],
      [
       35.626955643076016,
       33.98041107410647
      ],
      [
       35.626948878095654,
       33.98043725277677
      ]
     ]
    ]
   },
   "properties": {
    "kind": "remove",
    "note": "",
    "source": "hand-drawn",
    "applied": "2026-09-09T09:39:02"
   }
  },
  {
   "type": "Feature",
   "geometry": {
    "type": "Polygon",
    "coordinates": [
     [
      [
       35.626399787188745,
       33.980253066960955
      ],
      [
       35.6264020421822,
       33.98023343291644
      ],
      [
       35.626407679665846,
       33.98022969309792
      ],
      [
       35.62640993465931,
       33.98023997759847
      ],
      [
       35.62641782713641,
       33.98023530282563
      ],
      [
       35.62642233712332,
       33.980246522279955
      ],
      [
       35.62641331714949,
       33.98024371741651
      ],
      [
       35.626407679665846,
       33.980252132006555
      ],
      [
       35.626399787188745,
       33.980253066960955
      ]
     ]
    ]
   },
   "properties": {
    "kind": "remove",
    "note": "",
    "source": "hand-drawn",
    "applied": "2026-09-09T09:39:02"
   }
  },
  {
   "type": "Feature",
   "geometry": {
    "type": "Polygon",
    "coordinates": [
     [
      [
       35.62769415343335,
       33.97992863716761
      ],
      [
       35.62769077094317,
       33.979923027419666
      ],
      [
       35.62769640842681,
       33.979911807922655
      ],
      [
       35.62770881089082,
       33.97990900304817
      ],
      [
       35.627711065884284,
       33.97991648271326
      ],
      [
       35.62770091841372,
       33.979927702209636
      ],
      [
       35.62769415343335,
       33.97992863716761
      ]
     ]
    ]
   },
   "properties": {
    "kind": "remove",
    "note": "",
    "source": "hand-drawn",
    "applied": "2026-09-09T09:39:02"
   }
  },
  {
   "type": "Feature",
   "geometry": {
    "type": "Polygon",
    "coordinates": [
     [
      [
       35.62664240598679,
       33.980346978695245
      ],
      [
       35.62671214342118,
       33.98037144452202
      ],
      [
       35.62677383422852,
       33.98032696119537
      ],
      [
       35.62669068574906,
       33.980291374517265
      ],
      [
       35.62664508819581,
       33.98034475452882
      ],
      [
       35.62664240598679,
       33.980346978695245
      ]
     ]
    ]
   },
   "properties": {
    "kind": "add",
    "note": "",
    "source": "hand-drawn",
    "applied": "2026-09-09T09:39:02"
   }
  },
  {
   "type": "Feature",
   "geometry": {
    "type": "Polygon",
    "coordinates": [
     [
      [
       35.62793523073197,
       33.98000000803014
      ],
      [
       35.627986192703254,
       33.98000445638096
      ],
      [
       35.6279942393303,
       33.979942179448265
      ],
      [
       35.627954006195075,
       33.97994440362522
      ],
      [
       35.62792986631394,
       33.98000445638096
      ],
      [
       35.62793523073197,
       33.98000000803014
      ]
     ]
    ]
   },
   "properties": {
    "kind": "add",
    "note": "",
    "source": "hand-drawn",
    "applied": "2026-09-09T09:39:02"
   }
  },
  {
   "type": "Feature",
   "geometry": {
    "type": "Polygon",
    "coordinates": [
     [
      [
       35.62686544333774,
       33.979591116673696
      ],
      [
       35.626874463311566,
       33.979590181712005
      ],
      [
       35.62687220831811,
       33.97958270201822
      ],
      [
       35.62684853088681,
       33.97958363697998
      ],
      [
       35.62684740339008,
       33.97958083209466
      ],
      [
       35.62686431584102,
       33.97957428736192
      ],
      [
       35.626867698331196,
       33.97956026293288
      ],
      [
       35.62684965838354,
       33.97955745804679
      ],
      [
       35.62684965838354,
       33.97956119789488
      ],
      [
       35.62684514839662,
       33.979561197894874
      ],
      [
       35.62684514839662,
       33.97955839300884
      ],
      [
       35.626857550860635,
       33.97954717346369
      ],
      [
       35.62687220831811,
       33.97954623850153
      ],
      [
       35.626873335814835,
       33.97955278323645
      ],
      [
       35.6268834832854,
       33.979558393008844
      ],
      [
       35.62687671830503,
       33.97956119789489
      ],
      [
       35.62687671830503,
       33.97956680766671
      ],
      [
       35.62687784580175,
       33.97957522232376
      ],
      [
       35.62688461078213,
       33.97958270201823
      ],
      [
       35.62688010079521,
       33.97958363697996
      ],
      [
       35.626881228291936,
       33.97958924675031
      ],
      [
       35.62687784580175,
       33.97959111667369
      ],
      [
       35.62686544333774,
       33.979591116673696
      ]
     ]
    ]
   },
   "properties": {
    "kind": "remove",
    "note": "",
    "source": "hand-drawn",
    "applied": "2026-09-09T09:39:02"
   }
  },
  {
   "type": "Feature",
   "geometry": {
    "type": "Polygon",
    "coordinates": [
     [
      [
       35.626796666037286,
       33.97959111667369
      ],
      [
       35.626803431017656,
       33.97958924675033
      ],
      [
       35.626795538540556,
       33.9795892467503
      ],
      [
       35.62679215605037,
       33.97957802720925
      ],
      [
       35.626811323494756,
       33.97957148247627
      ],
      [
       35.626811323494756,
       33.97958083209465
      ],
      [
       35.626816960978395,
       33.979584571941714
      ],
      [
       35.626816960978395,
       33.97959018171201
      ],
      [
       35.62682147096531,
       33.97959111667369
      ],
      [
       35.626811323494756,
       33.97959111667369
      ],
      [
       35.62681357848821,
       33.97958924675033
      ],
      [
       35.6268090685013,
       33.979584571941714
      ],
      [
       35.626804558514394,
       33.9795864418652
      ],
      [
       35.62680794100457,
       33.979591116673696
      ],
      [
       35.626796666037286,
       33.97959111667369
      ]
     ]
    ]
   },
   "properties": {
    "kind": "remove",
    "note": "",
    "source": "hand-drawn",
    "applied": "2026-09-09T09:39:02"
   }
  },
  {
   "type": "Feature",
   "geometry": {
    "type": "Polygon",
    "coordinates": [
     [
      [
       35.62731080454559,
       33.97947237645828
      ],
      [
       35.62731982451942,
       33.97944900238061
      ],
      [
       35.627317569525964,
       33.97942095347888
      ],
      [
       35.627325462003064,
       33.979417213624615
      ],
      [
       35.62732771699652,
       33.97940318916968
      ],
      [
       35.627332226983434,
       33.97940131924218
      ],
      [
       35.627340119460534,
       33.979405059097125
      ],
      [
       35.627333354480164,
       33.979417213624615
      ],
      [
       35.62733786446708,
       33.979420953478886
      ],
      [
       35.62735703191147,
       33.97941721362463
      ],
      [
       35.62735928690493,
       33.97941066887926
      ],
      [
       35.627350266931096,
       33.97939757938706
      ],
      [
       35.6273739443624,
       33.97940038427841
      ],
      [
       35.62737168936894,
       33.97941347377019
      ],
      [
       35.62737845434931,
       33.979410668879275
      ],
      [
       35.62737845434931,
       33.979422823405955
      ],
      [
       35.62736943437549,
       33.97942375836947
      ],
      [
       35.62736830687876,
       33.97942936815036
      ],
      [
       35.627351394427826,
       33.979425628296475
      ],
      [
       35.62733560947362,
       33.97942936815036
      ],
      [
       35.6273232070096,
       33.979447132454084
      ],
      [
       35.6273232070096,
       33.97947237645828
      ],
      [
       35.62731080454559,
       33.97947237645828
      ]
     ]
    ]
   },
   "properties": {
    "kind": "remove",
    "note": "",
    "source": "hand-drawn",
    "applied": "2026-09-09T09:39:02"
   }
  },
  {
   "type": "Feature",
   "geometry": {
    "type": "Polygon",
    "coordinates": [
     [
      [
       35.62723413476803,
       33.97920778152346
      ],
      [
       35.62720594734981,
       33.979204976625745
      ],
      [
       35.6272172223171,
       33.97919936683004
      ],
      [
       35.62720932984,
       33.97919562696604
      ],
      [
       35.627222859800746,
       33.979190017169714
      ],
      [
       35.62723526226476,
       33.97920310669389
      ],
      [
       35.62723413476803,
       33.97920778152346
      ]
     ]
    ]
   },
   "properties": {
    "kind": "remove",
    "note": "",
    "source": "hand-drawn",
    "applied": "2026-09-09T09:39:02"
   }
  },
  {
   "type": "Feature",
   "geometry": {
    "type": "Polygon",
    "coordinates": [
     [
      [
       35.62718452491197,
       33.97921245635277
      ],
      [
       35.62717888742832,
       33.97919936683004
      ],
      [
       35.627174377441406,
       33.97919843186405
      ],
      [
       35.62718001492505,
       33.97919188710185
      ],
      [
       35.627181142421776,
       33.979180667508345
      ],
      [
       35.6271856524087,
       33.979186277305274
      ],
      [
       35.62718452491197,
       33.979199366830045
      ],
      [
       35.62718903489888,
       33.979204041659834
      ],
      [
       35.62718903489888,
       33.979211521386915
      ],
      [
       35.62718452491197,
       33.97921245635277
      ]
     ]
    ]
   },
   "properties": {
    "kind": "remove",
    "note": "",
    "source": "hand-drawn",
    "applied": "2026-09-09T09:39:02"
   }
  },
  {
   "type": "Feature",
   "geometry": {
    "type": "Polygon",
    "coordinates": [
     [
      [
       35.62690265072979,
       33.97922274097637
      ],
      [
       35.626881228291936,
       33.97921432628443
      ],
      [
       35.62688235578867,
       33.979180667508345
      ],
      [
       35.62688912076904,
       33.979202171727934
      ],
      [
       35.62689588574942,
       33.97918814723753
      ],
      [
       35.62690265072979,
       33.9791909521358
      ],
      [
       35.62691505319381,
       33.97918814723751
      ],
      [
       35.62692069067745,
       33.979191887101855
      ],
      [
       35.62692858315455,
       33.979189082203625
      ],
      [
       35.62692069067745,
       33.97917412274478
      ],
      [
       35.62694549560548,
       33.979170382879666
      ],
      [
       35.62694549560548,
       33.979220871044895
      ],
      [
       35.62690265072979,
       33.97922274097637
      ]
     ]
    ]
   },
   "properties": {
    "kind": "remove",
    "note": "",
    "source": "hand-drawn",
    "applied": "2026-09-09T09:39:02"
   }
  },
  {
   "type": "Feature",
   "geometry": {
    "type": "Polygon",
    "coordinates": [
     [
      [
       35.62717616558076,
       33.979214870463764
      ],
      [
       35.62723249197007,
       33.979212646267705
      ],
      [
       35.627235174179084,
       33.97917261072902
      ],
      [
       35.62717348337174,
       33.97917038653189
      ],
      [
       35.62716811895371,
       33.97921709465975
      ],
      [
       35.62717616558076,
       33.979214870463764
      ]
     ]
    ]
   },
   "properties": {
    "kind": "add",
    "note": "",
    "source": "hand-drawn",
    "applied": "2026-09-09T09:39:02"
   }
  },
  {
   "type": "Feature",
   "geometry": {
    "type": "Polygon",
    "coordinates": [
     [
      [
       35.627076923847206,
       33.979214870463764
      ],
      [
       35.62714397907258,
       33.97921042207162
      ],
      [
       35.62714666128159,
       33.979165938137434
      ],
      [
       35.62713325023652,
       33.979130350973286
      ],
      [
       35.62707424163819,
       33.979132575171484
      ],
      [
       35.62707960605622,
       33.979212646267705
      ],
      [
       35.627076923847206,
       33.979214870463764
      ]
     ]
    ]
   },
   "properties": {
    "kind": "add",
    "note": "",
    "source": "hand-drawn",
    "applied": "2026-09-09T09:39:02"
   }
  },
  {
   "type": "Feature",
   "geometry": {
    "type": "Polygon",
    "coordinates": [
     [
      [
       35.62688112258912,
       33.97922599144308
      ],
      [
       35.62694281339646,
       33.979221543051544
      ],
      [
       35.62695354223252,
       33.979212646267705
      ],
      [
       35.626945495605476,
       33.979132575171484
      ],
      [
       35.62692672014237,
       33.97911033318694
      ],
      [
       35.62692135572434,
       33.97914147196369
      ],
      [
       35.62690258026124,
       33.9791370235677
      ],
      [
       35.62688916921616,
       33.979117005782925
      ],
      [
       35.62688380479813,
       33.979123678378365
      ],
      [
       35.62689453363419,
       33.97922599144308
      ],
      [
       35.62688112258912,
       33.97922599144308
      ]
     ]
    ]
   },
   "properties": {
    "kind": "add",
    "note": "",
    "source": "hand-drawn",
    "applied": "2026-09-09T09:39:02"
   }
  },
  {
   "type": "Feature",
   "geometry": {
    "type": "Polygon",
    "coordinates": [
     [
      [
       35.627098835160574,
       33.97846915526231
      ],
      [
       35.627093197676935,
       33.97846635034024
      ],
      [
       35.627051480297965,
       33.978460740495805
      ],
      [
       35.62710221765076,
       33.978462610443984
      ],
      [
       35.6271191301017,
       33.97846635034025
      ],
      [
       35.627098835160574,
       33.97846915526231
      ]
     ]
    ]
   },
   "properties": {
    "kind": "remove",
    "note": "",
    "source": "hand-drawn",
    "applied": "2026-09-09T09:39:02"
   }
  },
  {
   "type": "Feature",
   "geometry": {
    "type": "Polygon",
    "coordinates": [
     [
      [
       35.62710560014095,
       33.97849626950436
      ],
      [
       35.627098835160574,
       33.978493464583174
      ],
      [
       35.6270920701802,
       33.97848317987136
      ],
      [
       35.62707966771618,
       33.97848785474053
      ],
      [
       35.62707741272273,
       33.97847757002802
      ],
      [
       35.62707177523909,
       33.97847383013226
      ],
      [
       35.62710447264422,
       33.9784728951583
      ],
      [
       35.62711123762459,
       33.97847850500194
      ],
      [
       35.627108982631135,
       33.978484114845216
      ],
      [
       35.62710221765076,
       33.97848691976671
      ],
      [
       35.62710560014095,
       33.97849626950436
      ]
     ]
    ]
   },
   "properties": {
    "kind": "remove",
    "note": "",
    "source": "hand-drawn",
    "applied": "2026-09-09T09:39:02"
   }
  },
  {
   "type": "Feature",
   "geometry": {
    "type": "Polygon",
    "coordinates": [
     [
      [
       35.62796813513845,
       33.979251724908885
      ],
      [
       35.62796024266135,
       33.97923957035775
      ],
      [
       35.627945585203875,
       33.97923302559872
      ],
      [
       35.62792078027585,
       33.9792358304955
      ],
      [
       35.627915142792205,
       33.97924331021982
      ],
      [
       35.627898230341266,
       33.97924611511626
      ],
      [
       35.62789372035435,
       33.979250789943485
      ],
      [
       35.627888082870705,
       33.97924985497806
      ],
      [
       35.62788582787725,
       33.979241440288796
      ],
      [
       35.627881317890335,
       33.97924144028878
      ],
      [
       35.627879062896874,
       33.97924892001263
      ],
      [
       35.62787568040669,
       33.97924892001262
      ],
      [
       35.62787455290996,
       33.97923957035774
      ],
      [
       35.627880190393604,
       33.97923396056432
      ],
      [
       35.627879062896874,
       33.97922928573617
      ],
      [
       35.627890337864166,
       33.97922180601064
      ],
      [
       35.6278914653609,
       33.979211521386915
      ],
      [
       35.62790950530856,
       33.979189082203625
      ],
      [
       35.62791739778566,
       33.97918253744071
      ],
      [
       35.62793318273985,
       33.97917786260976
      ],
      [
       35.62793543773331,
       33.97916851294705
      ],
      [
       35.627945585203875,
       33.97916103321616
      ],
      [
       35.627952350184245,
       33.97916103321615
      ],
      [
       35.62795573267444,
       33.97915448845107
      ],
      [
       35.62796137015808,
       33.9791535534846
      ],
      [
       35.62796700764172,
       33.979160098249736
      ],
      [
       35.62797602761555,
       33.97916196818256
      ],
      [
       35.62798279259593,
       33.97915916328331
      ],
      [
       35.6279816650992,
       33.97914981361859
      ],
      [
       35.62798730258284,
       33.97914887865203
      ],
      [
       35.62798843007957,
       33.97916290314894
      ],
      [
       35.62801774499452,
       33.979155423417545
      ],
      [
       35.628008725020685,
       33.979173187778514
      ],
      [
       35.628004215033776,
       33.979176927643536
      ],
      [
       35.62799181256975,
       33.97917786260975
      ],
      [
       35.627999705046854,
       33.97917973254216
      ],
      [
       35.6279974500534,
       33.97918534233915
      ],
      [
       35.62799068507303,
       33.979193757033975
      ],
      [
       35.62797828260902,
       33.97919843186405
      ],
      [
       35.62797941010574,
       33.97920684655755
      ],
      [
       35.62797264512537,
       33.97920684655756
      ],
      [
       35.62797264512537,
       33.97921339131859
      ],
      [
       35.62796700764172,
       33.979216196216015
      ],
      [
       35.6279737726221,
       33.97923209063311
      ],
      [
       35.627980537602475,
       33.97923302559872
      ],
      [
       35.627980537602475,
       33.97923770042664
      ],
      [
       35.62796700764172,
       33.97923770042663
      ],
      [
       35.62797490011883,
       33.97924518015079
      ],
      [
       35.62796813513845,
       33.979251724908885
      ]
     ]
    ]
   },
   "properties": {
    "kind": "remove",
    "note": "",
    "source": "hand-drawn",
    "applied": "2026-09-09T09:39:02"
   }
  },
  {
   "type": "Feature",
   "geometry": {
    "type": "Polygon",
    "coordinates": [
     [
      [
       35.62878644179464,
       33.97770340809744
      ],
      [
       35.62877855363508,
       33.977691253324906
      ],
      [
       35.62879320307425,
       33.97768844837717
      ],
      [
       35.62879320307425,
       33.97768564342933
      ],
      [
       35.628788695554505,
       33.977686578411955
      ],
      [
       35.628790949314386,
       33.977679098550674
      ],
      [
       35.62879658371406,
       33.97767722858526
      ],
      [
       35.62879658371406,
       33.97767348865428
      ],
      [
       35.62880559875355,
       33.97767348865428
      ],
      [
       35.62880897939336,
       33.97769031834236
      ],
      [
       35.62881912131278,
       33.97769499325511
      ],
      [
       35.628799964353874,
       33.97769873318512
      ],
      [
       35.62879658371406,
       33.97770340809743
      ],
      [
       35.62878644179464,
       33.97770340809744
      ]
     ]
    ]
   },
   "properties": {
    "kind": "remove",
    "note": "",
    "source": "hand-drawn",
    "applied": "2026-09-09T09:39:02"
   }
  },
  {
   "type": "Feature",
   "geometry": {
    "type": "Polygon",
    "coordinates": [
     [
      [
       35.62737845434931,
       33.97674504570088
      ],
      [
       35.62732207951287,
       33.976744110707905
      ],
      [
       35.62731982451942,
       33.9767413057289
      ],
      [
       35.62732771699652,
       33.97673756575677
      ],
      [
       35.627325462003064,
       33.97672915081884
      ],
      [
       35.62732997198998,
       33.976718865893574
      ],
      [
       35.62733673697035,
       33.976716060913745
      ],
      [
       35.62734462944746,
       33.976720735880086
      ],
      [
       35.62734688444091,
       33.976710450953824
      ],
      [
       35.62736266939511,
       33.97670577598692
      ],
      [
       35.62736492438857,
       33.97669455606529
      ],
      [
       35.6273739443624,
       33.976691751084665
      ],
      [
       35.62737056187221,
       33.97668707611673
      ],
      [
       35.62735590441474,
       33.97668801111035
      ],
      [
       35.62735928690493,
       33.97667772618012
      ],
      [
       35.6273660518853,
       33.97667305121141
      ],
      [
       35.62737845434931,
       33.976672116217635
      ],
      [
       35.62737845434931,
       33.97674504570088
      ]
     ]
    ]
   },
   "properties": {
    "kind": "remove",
    "note": "",
    "source": "hand-drawn",
    "applied": "2026-09-09T09:39:02"
   }
  },
  {
   "type": "Feature",
   "geometry": {
    "type": "Polygon",
    "coordinates": [
     [
      [
       35.627518263943685,
       33.97670484099351
      ],
      [
       35.627517136446954,
       33.9767001660263
      ],
      [
       35.62750811647312,
       33.97669923103282
      ],
      [
       35.62749796900256,
       33.97670297100667
      ],
      [
       35.62749458651238,
       33.976695491058834
      ],
      [
       35.62748782153201,
       33.976695491058834
      ],
      [
       35.627486694035284,
       33.97668801111036
      ],
      [
       35.62747880155819,
       33.97668894610395
      ],
      [
       35.62747880155819,
       33.976683336142216
      ],
      [
       35.627486694035284,
       33.9766814661549
      ],
      [
       35.62749233151892,
       33.9766852061295
      ],
      [
       35.62749796900256,
       33.97668240114856
      ],
      [
       35.627501351492754,
       33.976689881097535
      ],
      [
       35.627518263943685,
       33.97668520612949
      ],
      [
       35.627518263943685,
       33.97670484099351
      ]
     ]
    ]
   },
   "properties": {
    "kind": "remove",
    "note": "",
    "source": "hand-drawn",
    "applied": "2026-09-09T09:39:02"
   }
  },
  {
   "type": "Feature",
   "geometry": {
    "type": "Polygon",
    "coordinates": [
     [
      [
       35.627447231649775,
       33.97667305121141
      ],
      [
       35.62743595668248,
       33.97666557126097
      ],
      [
       35.62743031919884,
       33.97664874137004
      ],
      [
       35.62741791673483,
       33.976640326423315
      ],
      [
       35.62741791673483,
       33.976635651452575
      ],
      [
       35.62741340674791,
       33.976635651452575
      ],
      [
       35.62741904423155,
       33.976630041487304
      ],
      [
       35.6274246817152,
       33.97663004148732
      ],
      [
       35.62741566174137,
       33.97662723650456
      ],
      [
       35.627502478989484,
       33.97662723650456
      ],
      [
       35.62749120402219,
       33.976631911475785
      ],
      [
       35.62749233151892,
       33.97663471645839
      ],
      [
       35.6274990964993,
       33.9766337814642
      ],
      [
       35.6274990964993,
       33.97664126141743
      ],
      [
       35.627486694035284,
       33.97664313140566
      ],
      [
       35.6274833115451,
       33.976656221321974
      ],
      [
       35.62747880155819,
       33.976654351334055
      ],
      [
       35.62747429157127,
       33.9766590263038
      ],
      [
       35.62747203657781,
       33.976670246230086
      ],
      [
       35.627447231649775,
       33.97667305121141
      ]
     ]
    ]
   },
   "properties": {
    "kind": "remove",
    "note": "",
    "source": "hand-drawn",
    "applied": "2026-09-09T09:39:02"
   }
  },
  {
   "type": "Feature",
   "geometry": {
    "type": "Polygon",
    "coordinates": [
     [
      [
       35.62693647563165,
       33.97629624788892
      ],
      [
       35.626916180690536,
       33.97628783290732
      ],
      [
       35.62690490572325,
       33.97627661293055
      ],
      [
       35.62691505319381,
       33.97626913294522
      ],
      [
       35.62691167070362,
       33.97626539295231
      ],
      [
       35.626916180690536,
       33.97626352295579
      ],
      [
       35.62692520066437,
       33.976245757986796
      ],
      [
       35.62693760312838,
       33.97623734300023
      ],
      [
       35.62693647563165,
       33.976234538004505
      ],
      [
       35.6269421131153,
       33.9762345380045
      ],
      [
       35.62694549560548,
       33.97623640800166
      ],
      [
       35.62694549560548,
       33.9762925078972
      ],
      [
       35.62693647563165,
       33.97629624788892
      ]
     ]
    ]
   },
   "properties": {
    "kind": "remove",
    "note": "",
    "source": "hand-drawn",
    "applied": "2026-09-09T09:39:02"
   }
  },
  {
   "type": "Feature",
   "geometry": {
    "type": "Polygon",
    "coordinates": [
     [
      [
       35.62769415343335,
       33.976334582794564
      ],
      [
       35.62768626095626,
       33.97632803781189
      ],
      [
       35.62769415343335,
       33.976310272856395
      ],
      [
       35.62769302593662,
       33.97629624788892
      ],
      [
       35.62770091841372,
       33.97629063790128
      ],
      [
       35.627721213354846,
       33.976294377893076
      ],
      [
       35.62772685083849,
       33.976286897909304
      ],
      [
       35.62773361581887,
       33.976286897909304
      ],
      [
       35.62773248832213,
       33.97627661293055
      ],
      [
       35.62773925330251,
       33.97627474293428
      ],
      [
       35.62774376328943,
       33.976277547928674
      ],
      [
       35.627744890786154,
       33.97627287293798
      ],
      [
       35.62775391075998,
       33.97627474293429
      ],
      [
       35.62775391075998,
       33.976282222919124
      ],
      [
       35.62776405823054,
       33.976285027913256
      ],
      [
       35.62776405823054,
       33.97629063790128
      ],
      [
       35.62775278326325,
       33.9762990528826
      ],
      [
       35.627751655766524,
       33.97631962283344
      ],
      [
       35.62776180323708,
       33.97632242782636
      ],
      [
       35.62776180323708,
       33.976325232819164
      ],
      [
       35.62772234085157,
       33.97632990780699
      ],
      [
       35.62772346834831,
       33.976323362823976
      ],
      [
       35.62773812580578,
       33.97632149282874
      ],
      [
       35.627736998309054,
       33.976317752838106
      ],
      [
       35.62772346834831,
       33.976316817840434
      ],
      [
       35.6277155758712,
       33.976310272856395
      ],
      [
       35.62772234085157,
       33.976305597867494
      ],
      [
       35.627721213354846,
       33.97629998788048
      ],
      [
       35.62770655589737,
       33.9762990528826
      ],
      [
       35.627703173407184,
       33.976307467863094
      ],
      [
       35.62770655589737,
       33.976311207854145
      ],
      [
       35.627711065884284,
       33.976310272856395
      ],
      [
       35.627711065884284,
       33.97631494784504
      ],
      [
       35.62770542840064,
       33.97631588284272
      ],
      [
       35.627703173407184,
       33.97632055783109
      ],
      [
       35.62769866342027,
       33.97631962283344
      ],
      [
       35.62769753592354,
       33.976325232819164
      ],
      [
       35.627704300903915,
       33.97632429782157
      ],
      [
       35.62770881089082,
       33.97632990780699
      ],
      [
       35.62769415343335,
       33.976334582794564
      ]
     ]
    ]
   },
   "properties": {
    "kind": "remove",
    "note": "",
    "source": "hand-drawn",
    "applied": "2026-09-09T09:39:02"
   }
  },
  {
   "type": "Feature",
   "geometry": {
    "type": "Polygon",
    "coordinates": [
     [
      [
       35.628178977026735,
       33.97662536651601
      ],
      [
       35.628065099857125,
       33.97662536651601
      ],
      [
       35.628065099857125,
       33.97662256153308
      ],
      [
       35.62806960984405,
       33.97661508157818
      ],
      [
       35.628082012308056,
       33.976614146583785
      ],
      [
       35.628082012308056,
       33.97661134160052
      ],
      [
       35.628083139804794,
       33.976614146583785
      ],
      [
       35.62809328727536,
       33.97661134160051
      ],
      [
       35.62809554226881,
       33.97661508157818
      ],
      [
       35.628106817236095,
       33.976615081578196
      ],
      [
       35.628111327223,
       33.976611341600496
      ],
      [
       35.628111327223,
       33.97661508157818
      ],
      [
       35.628115837209926,
       33.9766160165726
      ],
      [
       35.628123729687026,
       33.97660105666099
      ],
      [
       35.62814176963469,
       33.97660479663914
      ],
      [
       35.62814853461506,
       33.97659918667186
      ],
      [
       35.62814966211179,
       33.97660292665009
      ],
      [
       35.628154172098704,
       33.97660292665009
      ],
      [
       35.62815755458889,
       33.976598251677274
      ],
      [
       35.62814515212487,
       33.97659638168808
      ],
      [
       35.62814966211179,
       33.97658890173089
      ],
      [
       35.62817446703982,
       33.976587031741474
      ],
      [
       35.628180104523466,
       33.976589836725566
      ],
      [
       35.628178977026735,
       33.97660666662815
      ],
      [
       35.62818348701365,
       33.976619756550086
      ],
      [
       35.628178977026735,
       33.97662536651601
      ]
     ]
    ]
   },
   "properties": {
    "kind": "remove",
    "note": "",
    "source": "hand-drawn",
    "applied": "2026-09-09T09:39:02"
   }
  },
  {
   "type": "Feature",
   "geometry": {
    "type": "Polygon",
    "coordinates": [
     [
      [
       35.62851486372999,
       33.97697131369943
      ],
      [
       35.62850697557044,
       33.97696663874688
      ],
      [
       35.62850922933031,
       33.97695915882226
      ],
      [
       35.62850134117076,
       33.97696289878466
      ],
      [
       35.62850246805069,
       33.97693952401699
      ],
      [
       35.62851148309018,
       33.97693484906269
      ],
      [
       35.62851148309018,
       33.97692923911719
      ],
      [
       35.62850359493063,
       33.97692643414429
      ],
      [
       35.628504721810565,
       33.976917084233996
      ],
      [
       35.62853402068891,
       33.97689370945373
      ],
      [
       35.62855317764784,
       33.97688809950552
      ],
      [
       35.62857909588636,
       33.97688996948829
      ],
      [
       35.62857909588636,
       33.97689464444507
      ],
      [
       35.62858473028604,
       33.97689838441028
      ],
      [
       35.628575715246555,
       33.97691053929616
      ],
      [
       35.62857909588636,
       33.97693671904445
      ],
      [
       35.628572334606744,
       33.97694139399865
      ],
      [
       35.62856106580738,
       33.97694139399864
      ],
      [
       35.62855092388795,
       33.97695074390627
      ],
      [
       35.62852387876949,
       33.97696009381287
      ],
      [
       35.628528386289226,
       33.976963833775244
      ],
      [
       35.62854754324815,
       33.97695822383163
      ],
      [
       35.62854979700802,
       33.97696289878468
      ],
      [
       35.62851486372999,
       33.97697131369943
      ]
     ]
    ]
   },
   "properties": {
    "kind": "remove",
    "note": "",
    "source": "hand-drawn",
    "applied": "2026-09-09T09:39:02"
   }
  },
  {
   "type": "Feature",
   "geometry": {
    "type": "Polygon",
    "coordinates": [
     [
      [
       35.62806129455567,
       33.9766392124655
      ],
      [
       35.628179311752326,
       33.97663253967503
      ],
      [
       35.628190040588386,
       33.97662364262026
      ],
      [
       35.62816321849824,
       33.97659472718588
      ],
      [
       35.62806129455567,
       33.97661029703641
      ],
      [
       35.62805593013764,
       33.97663476393857
      ],
      [
       35.62806129455567,
       33.9766392124655
      ]
     ]
    ]
   },
   "properties": {
    "kind": "add",
    "note": "",
    "source": "hand-drawn",
    "applied": "2026-09-09T09:39:02"
   }
  },
  {
   "type": "Feature",
   "geometry": {
    "type": "Polygon",
    "coordinates": [
     [
      [
       35.627691149711616,
       33.976423458642145
      ],
      [
       35.62776356935502,
       33.97641678583476
      ],
      [
       35.62776625156403,
       33.976296675212204
      ],
      [
       35.62769919633866,
       33.976296675212204
      ],
      [
       35.627691149711616,
       33.976423458642145
      ],
      [
       35.627691149711616,
       33.976423458642145
      ]
     ]
    ]
   },
   "properties": {
    "kind": "add",
    "note": "",
    "source": "hand-drawn",
    "applied": "2026-09-09T09:39:02"
   }
  },
  {
   "type": "Feature",
   "geometry": {
    "type": "Polygon",
    "coordinates": [
     [
      [
       35.626747012138374,
       33.97649908375593
      ],
      [
       35.62678456306458,
       33.97649908375593
      ],
      [
       35.62677919864655,
       33.976463495475464
      ],
      [
       35.626752376556404,
       33.976463495475464
      ],
      [
       35.626741647720344,
       33.97649908375593
      ],
      [
       35.626747012138374,
       33.97649908375593
      ]
     ]
    ]
   },
   "properties": {
    "kind": "add",
    "note": "",
    "source": "hand-drawn",
    "applied": "2026-09-09T09:39:02"
   }
  },
  {
   "type": "Feature",
   "geometry": {
    "type": "Polygon",
    "coordinates": [
     [
      [
       35.62666654586793,
       33.97653689628763
      ],
      [
       35.62670141458512,
       33.976514653623966
      ],
      [
       35.626714825630195,
       33.976487962419895
      ],
      [
       35.62667727470399,
       33.976494635221705
      ],
      [
       35.62667191028596,
       33.97652799922286
      ],
      [
       35.62666654586793,
       33.97653689628763
      ]
     ]
    ]
   },
   "properties": {
    "kind": "add",
    "note": "",
    "source": "hand-drawn",
    "applied": "2026-09-09T09:39:02"
   }
  },
  {
   "type": "Feature",
   "geometry": {
    "type": "Polygon",
    "coordinates": [
     [
      [
       35.6283912062645,
       33.9760253135513
      ],
      [
       35.628436803817756,
       33.976020864992265
      ],
      [
       35.62841802835465,
       33.9759808279505
      ],
      [
       35.62838584184647,
       33.97598527651162
      ],
      [
       35.62838584184647,
       33.97603198638942
      ],
      [
       35.6283912062645,
       33.9760253135513
      ]
     ]
    ]
   },
   "properties": {
    "kind": "add",
    "note": "",
    "source": "hand-drawn",
    "applied": "2026-09-09T09:39:02"
   }
  },
  {
   "type": "Feature",
   "geometry": {
    "type": "Polygon",
    "coordinates": [
     [
      [
       35.62833487987519,
       33.97595636086015
      ],
      [
       35.6283912062645,
       33.97595858514137
      ],
      [
       35.6283724308014,
       33.97589630524484
      ],
      [
       35.628326833248146,
       33.97590297809308
      ],
      [
       35.62832951545716,
       33.975963033703664
      ],
      [
       35.62833487987519,
       33.97595636086015
      ]
     ]
    ]
   },
   "properties": {
    "kind": "add",
    "note": "",
    "source": "hand-drawn",
    "applied": "2026-09-09T09:39:02"
   }
  },
  {
   "type": "Feature",
   "geometry": {
    "type": "Polygon",
    "coordinates": [
     [
      [
       35.627970099449165,
       33.975989725072516
      ],
      [
       35.62805324792863,
       33.9759919493529
      ],
      [
       35.62805056571961,
       33.97595858514137
      ],
      [
       35.627970099449165,
       33.97595413657885
      ],
      [
       35.627964735031135,
       33.975989725072516
      ],
      [
       35.627970099449165,
       33.975989725072516
      ]
     ]
    ]
   },
   "properties": {
    "kind": "add",
    "note": "",
    "source": "hand-drawn",
    "applied": "2026-09-09T09:39:02"
   }
  },
  {
   "type": "Feature",
   "geometry": {
    "type": "Polygon",
    "coordinates": [
     [
      [
       35.62871307134629,
       33.97588295954681
      ],
      [
       35.6287506222725,
       33.975891856679056
      ],
      [
       35.62875330448151,
       33.9758629409958
      ],
      [
       35.62870770692826,
       33.975860716712056
      ],
      [
       35.62870234251023,
       33.975887408113046
      ],
      [
       35.62871307134629,
       33.97588295954681
      ]
     ]
    ]
   },
   "properties": {
    "kind": "add",
    "note": "",
    "source": "hand-drawn",
    "applied": "2026-09-09T09:39:02"
   }
  },
  {
   "type": "Feature",
   "geometry": {
    "type": "Polygon",
    "coordinates": [
     [
      [
       35.62863656676311,
       33.97541454028852
      ],
      [
       35.628635439883176,
       33.97540519021195
      ],
      [
       35.62864220116279,
       33.97540051517328
      ],
      [
       35.628634313003246,
       33.97540051517328
      ],
      [
       35.6286331861233,
       33.975395840134375
      ],
      [
       35.6286455818026,
       33.97539584013439
      ],
      [
       35.62864670868254,
       33.97540425520424
      ],
      [
       35.62866023124177,
       33.975407060227354
      ],
      [
       35.62865685060196,
       33.97541267027329
      ],
      [
       35.628639947402924,
       33.97540706022736
      ],
      [
       35.62863656676311,
       33.97541454028852
      ]
     ]
    ]
   },
   "properties": {
    "kind": "remove",
    "note": "",
    "source": "hand-drawn",
    "applied": "2026-09-09T09:39:02"
   }
  },
  {
   "type": "Feature",
   "geometry": {
    "type": "Polygon",
    "coordinates": [
     [
      [
       35.628751508516615,
       33.975449135562904
      ],
      [
       35.62874023971725,
       33.97543324043858
      ],
      [
       35.62873009779782,
       33.975432305431184
      ],
      [
       35.62872671715801,
       33.97542856540146
      ],
      [
       35.628727844037954,
       33.975419215326426
      ],
      [
       35.628748127876804,
       33.975424825371576
      ],
      [
       35.62876615795578,
       33.97544165550477
      ],
      [
       35.628751508516615,
       33.975449135562904
      ]
     ]
    ]
   },
   "properties": {
    "kind": "remove",
    "note": "",
    "source": "hand-drawn",
    "applied": "2026-09-09T09:39:02"
   }
  },
  {
   "type": "Feature",
   "geometry": {
    "type": "Polygon",
    "coordinates": [
     [
      [
       35.62872108275833,
       33.97548653584368
      ],
      [
       35.628743620357056,
       33.97548092580261
      ],
      [
       35.628760523556096,
       33.975454745606065
      ],
      [
       35.62878418803476,
       33.97546222566305
      ],
      [
       35.628795456834126,
       33.97545942064175
      ],
      [
       35.62879883747394,
       33.97545474560606
      ],
      [
       35.62880559875355,
       33.97546503068425
      ],
      [
       35.62881123315323,
       33.97546409567719
      ],
      [
       35.62880897939336,
       33.975470640726364
      ],
      [
       35.62878418803476,
       33.975479990795726
      ],
      [
       35.62878982243444,
       33.97548466583005
      ],
      [
       35.62872108275833,
       33.97548653584368
      ]
     ]
    ]
   },
   "properties": {
    "kind": "remove",
    "note": "",
    "source": "hand-drawn",
    "applied": "2026-09-09T09:39:02"
   }
  },
  {
   "type": "Feature",
   "geometry": {
    "type": "Polygon",
    "coordinates": [
     [
      [
       35.62853852820866,
       33.975434175445976
      ],
      [
       35.62851373685006,
       33.97542202034903
      ],
      [
       35.62850922933031,
       33.97539584013436
      ],
      [
       35.62858134964623,
       33.97539584013436
      ],
      [
       35.628575715246555,
       33.97540238518878
      ],
      [
       35.62857120772681,
       33.97542202034906
      ],
      [
       35.628556558287634,
       33.97543137042376
      ],
      [
       35.62853852820866,
       33.975434175445976
      ]
     ]
    ]
   },
   "properties": {
    "kind": "remove",
    "note": "",
    "source": "hand-drawn",
    "applied": "2026-09-09T09:39:02"
   }
  },
  {
   "type": "Feature",
   "geometry": {
    "type": "Polygon",
    "coordinates": [
     [
      [
       35.62862529796375,
       33.976100833101285
      ],
      [
       35.62861402916438,
       33.976092418100336
      ],
      [
       35.628611775404515,
       33.976079328097214
      ],
      [
       35.62860388724496,
       33.97608587309902
      ],
      [
       35.62860163348509,
       33.976081198097766
      ],
      [
       35.62859374532554,
       33.97608119809779
      ],
      [
       35.62858585716598,
       33.97607558809596
      ],
      [
       35.62858923780579,
       33.97606810809293
      ],
      [
       35.62860614100483,
       33.97606156308976
      ],
      [
       35.62862642484368,
       33.97607371809526
      ],
      [
       35.62863093236343,
       33.976099898101225
      ],
      [
       35.62862529796375,
       33.976100833101285
      ]
     ]
    ]
   },
   "properties": {
    "kind": "remove",
    "note": "",
    "source": "hand-drawn",
    "applied": "2026-09-09T09:39:02"
   }
  },
  {
   "type": "Feature",
   "geometry": {
    "type": "Polygon",
    "coordinates": [
     [
      [
       35.628795456834126,
       33.97579321752556
      ],
      [
       35.62877968051502,
       33.97579134751866
      ],
      [
       35.628775172995276,
       33.97578106247995
      ],
      [
       35.62877855363508,
       33.97578386749064
      ],
      [
       35.62878080739495,
       33.975780127476376
      ],
      [
       35.628787568674575,
       33.97578386749064
      ],
      [
       35.62880221811374,
       33.975782932487085
      ],
      [
       35.62880559875355,
       33.975787607504714
      ],
      [
       35.628795456834126,
       33.97579321752556
      ]
     ]
    ]
   },
   "properties": {
    "kind": "remove",
    "note": "",
    "source": "hand-drawn",
    "applied": "2026-09-09T09:39:02"
   }
  },
  {
   "type": "Feature",
   "geometry": {
    "type": "Polygon",
    "coordinates": [
     [
      [
       35.62878012657166,
       33.97576507245639
      ],
      [
       35.62878549098969,
       33.97575172673773
      ],
      [
       35.628825724124916,
       33.97575395102432
      ],
      [
       35.628825724124916,
       33.975771745314916
      ],
      [
       35.62878012657166,
       33.975767296742625
      ],
      [
       35.62878012657166,
       33.97576507245639
      ]
     ]
    ]
   },
   "properties": {
    "kind": "add",
    "note": "",
    "source": "hand-drawn",
    "applied": "2026-09-09T09:39:02"
   }
  },
  {
   "type": "Feature",
   "geometry": {
    "type": "Polygon",
    "coordinates": [
     [
      [
       35.62625885009767,
       33.975735247292434
      ],
      [
       35.62624306514347,
       33.97573150727602
      ],
      [
       35.62622502519581,
       33.97573150727603
      ],
      [
       35.62622615269254,
       33.97572870226362
      ],
      [
       35.62621036773833,
       33.97573244228013
      ],
      [
       35.62620022026777,
       33.975718417217344
      ],
      [
       35.62620360275796,
       33.975707197165434
      ],
      [
       35.62621149523506,
       33.975703457147794
      ],
      [
       35.62622502519581,
       33.97570626216105
      ],
      [
       35.62622840768599,
       33.97571093718292
      ],
      [
       35.62623517266637,
       33.97571187218724
      ],
      [
       35.626231790176185,
       33.97571748221308
      ],
      [
       35.62623291767291,
       33.975719352221624
      ],
      [
       35.62624532013693,
       33.97571654720879
      ],
      [
       35.62624757513039,
       33.97570906717419
      ],
      [
       35.62625885009767,
       33.975706262161054
      ],
      [
       35.62625885009767,
       33.975735247292434
      ]
     ]
    ]
   },
   "properties": {
    "kind": "remove",
    "note": "",
    "source": "hand-drawn",
    "applied": "2026-09-09T09:39:02"
   }
  },
  {
   "type": "Feature",
   "geometry": {
    "type": "Polygon",
    "coordinates": [
     [
      [
       35.62762537613292,
       33.97564642185855
      ],
      [
       35.62760846368199,
       33.97563613680231
      ],
      [
       35.62759493372125,
       33.97563333178676
      ],
      [
       35.62759155123106,
       33.97562865676062
      ],
      [
       35.62758816874088,
       33.97563239678155
      ],
      [
       35.62758027626377,
       33.97563146177633
      ],
      [
       35.62758027626377,
       33.97561743669688
      ],
      [
       35.62757802127032,
       33.97562024171295
      ],
      [
       35.62757125628994,
       33.975617436696886
      ],
      [
       35.62757125628994,
       33.97560995665354
      ],
      [
       35.627575766276856,
       33.97560621663164
      ],
      [
       35.62757238378667,
       33.97558938653101
      ],
      [
       35.627576893773586,
       33.97558658151392
      ],
      [
       35.627575766276856,
       33.97557629645044
      ],
      [
       35.62757914876704,
       33.97557723145627
      ],
      [
       35.62758253125723,
       33.97557255642707
      ],
      [
       35.627576893773586,
       33.97556414137382
      ],
      [
       35.62758816874088,
       33.975558531337875
      ],
      [
       35.62759380622452,
       33.97555105128938
      ],
      [
       35.6275971887147,
       33.975550116283266
      ],
      [
       35.62759944370817,
       33.975555726319755
      ],
      [
       35.62760282619835,
       33.97554918127714
      ],
      [
       35.6276129736689,
       33.975549181277145
      ],
      [
       35.62762086614601,
       33.97554357124021
      ],
      [
       35.627632141113295,
       33.97555105128938
      ],
      [
       35.627632141113295,
       33.97564642185855
      ],
      [
       35.62762537613292,
       33.97564642185855
      ]
     ]
    ]
   },
   "properties": {
    "kind": "remove",
    "note": "",
    "source": "hand-drawn",
    "applied": "2026-09-09T09:39:02"
   }
  },
  {
   "type": "Feature",
   "geometry": {
    "type": "Polygon",
    "coordinates": [
     [
      [
       35.62875038163668,
       33.97468897129059
      ],
      [
       35.62873009779782,
       33.97467681608712
      ],
      [
       35.62872559027807,
       33.97467027097684
      ],
      [
       35.628727844037954,
       33.9746665309136
      ],
      [
       35.62873347843763,
       33.974666530913595
      ],
      [
       35.62873460531757,
       33.97463193532078
      ],
      [
       35.62873009779782,
       33.974617910076454
      ],
      [
       35.62873347843763,
       33.974614170010895
      ],
      [
       35.628743620357056,
       33.9746141700109
      ],
      [
       35.628744747237,
       33.97460855991227
      ],
      [
       35.62874023971725,
       33.97460481984632
      ],
      [
       35.62876165043604,
       33.97460014476363
      ],
      [
       35.62876728483572,
       33.974604819846306
      ],
      [
       35.628756016036355,
       33.97460762489581
      ],
      [
       35.62877855363508,
       33.9746076248958
      ],
      [
       35.62878306115483,
       33.974611364961646
      ],
      [
       35.628775172995276,
       33.97462352017447
      ],
      [
       35.628788695554505,
       33.9746272602396
      ],
      [
       35.62878982243444,
       33.9746412854824
      ],
      [
       35.62877855363508,
       33.97464502554676
      ],
      [
       35.62877066547553,
       33.97464315551459
      ],
      [
       35.62876390419591,
       33.97464876561095
      ],
      [
       35.62877066547553,
       33.97465811577069
      ],
      [
       35.62878193427489,
       33.97465905078661
      ],
      [
       35.62878418803476,
       33.97466840094524
      ],
      [
       35.62877742675514,
       33.97466933596105
      ],
      [
       35.62877855363508,
       33.97467307602416
      ],
      [
       35.62877066547553,
       33.974683361196895
      ],
      [
       35.62875939667616,
       33.974688971290576
      ],
      [
       35.62875038163668,
       33.97468897129059
      ]
     ]
    ]
   },
   "properties": {
    "kind": "remove",
    "note": "",
    "source": "hand-drawn",
    "applied": "2026-09-09T09:39:02"
   }
  },
  {
   "type": "Feature",
   "geometry": {
    "type": "Polygon",
    "coordinates": [
     [
      [
       35.628708687079026,
       33.97469832144592
      ],
      [
       35.62870192579941,
       33.97469645141494
      ],
      [
       35.62870643331916,
       33.974688036275005
      ],
      [
       35.628699672039545,
       33.97467775110282
      ],
      [
       35.628715448358655,
       33.97467962113422
      ],
      [
       35.62871995587839,
       33.97467681608712
      ],
      [
       35.62872671715801,
       33.97468429621254
      ],
      [
       35.628708687079026,
       33.97469832144592
      ]
     ]
    ]
   },
   "properties": {
    "kind": "remove",
    "note": "",
    "source": "hand-drawn",
    "applied": "2026-09-09T09:39:02"
   }
  },
  {
   "type": "Feature",
   "geometry": {
    "type": "Polygon",
    "coordinates": [
     [
      [
       35.628760523556096,
       33.974535628596406
      ],
      [
       35.62875263539655,
       33.97451599323145
      ],
      [
       35.62877179235546,
       33.97450944810878
      ],
      [
       35.628768411715654,
       33.97449542284424
      ],
      [
       35.62876390419591,
       33.97449542284425
      ],
      [
       35.62875714291629,
       33.97450383800325
      ],
      [
       35.62875038163668,
       33.974503838003244
      ],
      [
       35.62874587411693,
       33.97451225316141
      ],
      [
       35.62873122467776,
       33.97450664305606
      ],
      [
       35.62872108275833,
       33.974513188178946
      ],
      [
       35.62871995587839,
       33.97452721344054
      ],
      [
       35.62869178387999,
       33.97453188852725
      ],
      [
       35.628671500041136,
       33.97452814845791
      ],
      [
       35.62866248500164,
       33.97453282354455
      ],
      [
       35.62865234308222,
       33.974528148457914
      ],
      [
       35.62865572372203,
       33.97451973330133
      ],
      [
       35.62864896244241,
       33.974518798283846
      ],
      [
       35.62864896244241,
       33.97450664305607
      ],
      [
       35.62864107428286,
       33.974506643056046
      ],
      [
       35.62864332804273,
       33.97450196796799
      ],
      [
       35.62863656676311,
       33.97449542284424
      ],
      [
       35.62865008932235,
       33.97449635786195
      ],
      [
       35.628661358121704,
       33.97449168277332
      ],
      [
       35.628671500041136,
       33.97447204739821
      ],
      [
       35.628677134440814,
       33.97446830732625
      ],
      [
       35.62872671715801,
       33.97446737230823
      ],
      [
       35.628739112837316,
       33.974453347036736
      ],
      [
       35.62875826979623,
       33.97445054198217
      ],
      [
       35.62876390419591,
       33.974467372308226
      ],
      [
       35.62877742675514,
       33.97446737230823
      ],
      [
       35.628774046115346,
       33.9744720473982
      ],
      [
       35.628774046115346,
       33.974494487826526
      ],
      [
       35.62877855363508,
       33.97449729287963
      ],
      [
       35.62877855363508,
       33.97450851309123
      ],
      [
       35.628774046115346,
       33.97451038312634
      ],
      [
       35.62877742675514,
       33.974516928248946
      ],
      [
       35.62876953859559,
       33.97452066831875
      ],
      [
       35.62876615795578,
       33.97452440838842
      ],
      [
       35.628768411715654,
       33.974531888527245
      ],
      [
       35.628760523556096,
       33.974535628596406
      ]
     ]
    ]
   },
   "properties": {
    "kind": "remove",
    "note": "",
    "source": "hand-drawn",
    "applied": "2026-09-09T09:39:02"
   }
  },
  {
   "type": "Feature",
   "geometry": {
    "type": "Polygon",
    "coordinates": [
     [
      [
       35.62871882899846,
       33.97445054198217
      ],
      [
       35.62871882899846,
       33.97443464667117
      ],
      [
       35.62873347843763,
       33.974428101542244
      ],
      [
       35.62874587411693,
       33.974430906597554
      ],
      [
       35.628748127876804,
       33.974439321762944
      ],
      [
       35.62874023971725,
       33.97443371165278
      ],
      [
       35.62874136659718,
       33.974442126817884
      ],
      [
       35.628736859077435,
       33.97444867194573
      ],
      [
       35.62872671715801,
       33.97444680190926
      ],
      [
       35.62871882899846,
       33.97445054198217
      ]
     ]
    ]
   },
   "properties": {
    "kind": "remove",
    "note": "",
    "source": "hand-drawn",
    "applied": "2026-09-09T09:39:02"
   }
  },
  {
   "type": "Feature",
   "geometry": {
    "type": "Polygon",
    "coordinates": [
     [
      [
       35.62731982451942,
       33.97520603333678
      ],
      [
       35.62731418703577,
       33.97519761824727
      ],
      [
       35.62731982451942,
       33.97519574822728
      ],
      [
       35.62732095201615,
       33.97518826814685
      ],
      [
       35.62732884449325,
       33.975184528106396
      ],
      [
       35.627325462003064,
       33.97517517800453
      ],
      [
       35.62731982451942,
       33.97517985305559
      ],
      [
       35.62731193204232,
       33.97517985305559
      ],
      [
       35.62730065707503,
       33.975189203156944
      ],
      [
       35.62730178457176,
       33.975194813217264
      ],
      [
       35.627298402081585,
       33.97519574822726
      ],
      [
       35.62728938210774,
       33.975193878207236
      ],
      [
       35.627287127114286,
       33.975182658086105
      ],
      [
       35.6273074220554,
       33.97515554278726
      ],
      [
       35.62731869702269,
       33.9751480627033
      ],
      [
       35.627332226983434,
       33.97514806270329
      ],
      [
       35.62734801193764,
       33.97513964760806
      ],
      [
       35.62735590441474,
       33.975149932724364
      ],
      [
       35.627349139434365,
       33.97515460777681
      ],
      [
       35.627349139434365,
       33.97515928282898
      ],
      [
       35.62735590441474,
       33.975163022870554
      ],
      [
       35.627349139434365,
       33.97516489289128
      ],
      [
       35.627349139434365,
       33.97516115284981
      ],
      [
       35.627334481976895,
       33.975160217839395
      ],
      [
       35.62732884449325,
       33.975167697922295
      ],
      [
       35.62734688444091,
       33.97516395788091
      ],
      [
       35.627349139434365,
       33.975183593096254
      ],
      [
       35.62736266939511,
       33.975182658086105
      ],
      [
       35.62736266939511,
       33.97518826814685
      ],
      [
       35.62734688444091,
       33.97519574822728
      ],
      [
       35.627342374453995,
       33.975192943197186
      ],
      [
       35.62734575694418,
       33.97518639812664
      ],
      [
       35.627341246957265,
       33.97518546311651
      ],
      [
       35.62733786446708,
       33.97519574822728
      ],
      [
       35.627342374453995,
       33.97520042327721
      ],
      [
       35.62733673697035,
       33.97520322830704
      ],
      [
       35.627334481976895,
       33.975199488267236
      ],
      [
       35.62732884449325,
       33.975199488267236
      ],
      [
       35.62731982451942,
       33.97520603333678
      ]
     ]
    ]
   },
   "properties": {
    "kind": "remove",
    "note": "",
    "source": "hand-drawn",
    "applied": "2026-09-09T09:39:02"
   }
  },
  {
   "type": "Feature",
   "geometry": {
    "type": "Polygon",
    "coordinates": [
     [
      [
       35.627350266931096,
       33.975082611940586
      ],
      [
       35.62733786446708,
       33.97507793688417
      ],
      [
       35.627341246957265,
       33.97506765175916
      ],
      [
       35.62736266939511,
       33.97507232681613
      ],
      [
       35.62736830687876,
       33.975077001872855
      ],
      [
       35.62736830687876,
       33.975079806906756
      ],
      [
       35.6273581594082,
       33.97507700187283
      ],
      [
       35.627350266931096,
       33.975082611940586
      ]
     ]
    ]
   },
   "properties": {
    "kind": "remove",
    "note": "",
    "source": "hand-drawn",
    "applied": "2026-09-09T09:39:02"
   }
  },
  {
   "type": "Feature",
   "geometry": {
    "type": "Polygon",
    "coordinates": [
     [
      [
       35.62646743699247,
       33.975032121317746
      ],
      [
       35.626456162025185,
       33.97502370621105
      ],
      [
       35.6264606720121,
       33.97502464122294
      ],
      [
       35.6264606720121,
       33.97501435609149
      ],
      [
       35.626471946979386,
       33.9750040709588
      ],
      [
       35.626471946979386,
       33.974998460885885
      ],
      [
       35.62648547694013,
       33.975000330910234
      ],
      [
       35.62649449691396,
       33.97499378582486
      ],
      [
       35.626489986927055,
       33.97499004577585
      ],
      [
       35.626519301841995,
       33.97497976064021
      ],
      [
       35.62654185177657,
       33.9749797606402
      ],
      [
       35.62655650923405,
       33.97498724073898
      ],
      [
       35.626559891724234,
       33.97500594098302
      ],
      [
       35.62655425424059,
       33.975015291103496
      ],
      [
       35.62654861675695,
       33.97501716112745
      ],
      [
       35.62654974425368,
       33.9750265112467
      ],
      [
       35.62649224192051,
       33.97502931628228
      ],
      [
       35.62649111442378,
       33.97502370621105
      ],
      [
       35.62648547694013,
       33.975020901175284
      ],
      [
       35.626487731933594,
       33.975029316282274
      ],
      [
       35.62646743699247,
       33.975032121317746
      ]
     ]
    ]
   },
   "properties": {
    "kind": "remove",
    "note": "",
    "source": "hand-drawn",
    "applied": "2026-09-09T09:39:02"
   }
  },
  {
   "type": "Feature",
   "geometry": {
    "type": "Polygon",
    "coordinates": [
     [
      [
       35.62640993465931,
       33.974868494093336
      ],
      [
       35.62638851222147,
       33.974859143956735
      ],
      [
       35.62636370729343,
       33.974862884011515
      ],
      [
       35.62634792233922,
       33.97485446888807
      ],
      [
       35.62632875489484,
       33.97485633891555
      ],
      [
       35.626327627398105,
       33.97486101398412
      ],
      [
       35.626319734921005,
       33.974861013984146
      ],
      [
       35.62631522493409,
       33.97485820894301
      ],
      [
       35.62631635243081,
       33.974853533874274
      ],
      [
       35.626310714947174,
       33.97485259886048
      ],
      [
       35.62631296994063,
       33.974844183736
      ],
      [
       35.62630507746353,
       33.974838573652555
      ],
      [
       35.62630507746353,
       33.9748282884986
      ],
      [
       35.626433612090615,
       33.974826418470464
      ],
      [
       35.626431357097154,
       33.974834833596695
      ],
      [
       35.62643812207752,
       33.97484418373601
      ],
      [
       35.62644375956117,
       33.97484418373601
      ],
      [
       35.626439249574254,
       33.97484044368041
      ],
      [
       35.62644601455464,
       33.97483857365257
      ],
      [
       35.626456162025185,
       33.974840443680414
      ],
      [
       35.626456162025185,
       33.97485446888805
      ],
      [
       35.626442632064446,
       33.97484792379142
      ],
      [
       35.62643586708407,
       33.974856338915544
      ],
      [
       35.6264369945808,
       33.97486568905248
      ],
      [
       35.62643022960042,
       33.974863819025174
      ],
      [
       35.62642459211678,
       33.974868494093336
      ],
      [
       35.62640993465931,
       33.974868494093336
      ]
     ]
    ]
   },
   "properties": {
    "kind": "remove",
    "note": "",
    "source": "hand-drawn",
    "applied": "2026-09-09T09:39:02"
   }
  },
  {
   "type": "Feature",
   "geometry": {
    "type": "Polygon",
    "coordinates": [
     [
      [
       35.626262232587834,
       33.97487690921543
      ],
      [
       35.62625997759437,
       33.97482641847047
      ],
      [
       35.626293802496235,
       33.974826418470464
      ],
      [
       35.62629042000605,
       33.97483576861069
      ],
      [
       35.62629267499951,
       33.97484885880526
      ],
      [
       35.62628478252241,
       33.97485446888805
      ],
      [
       35.626278017542035,
       33.97485446888803
      ],
      [
       35.626270125064934,
       33.97484792379142
      ],
      [
       35.626263360084565,
       33.97486007897045
      ],
      [
       35.626262232587834,
       33.97487690921543
      ]
     ]
    ]
   },
   "properties": {
    "kind": "remove",
    "note": "",
    "source": "hand-drawn",
    "applied": "2026-09-09T09:39:02"
   }
  },
  {
   "type": "Feature",
   "geometry": {
    "type": "Polygon",
    "coordinates": [
     [
      [
       35.626027713268265,
       33.974738527102126
      ],
      [
       35.626019820791164,
       33.974731046981475
      ],
      [
       35.626019820791164,
       33.97472076181453
      ],
      [
       35.626026585771534,
       33.9747132816923
      ],
      [
       35.62604237072574,
       33.97471141166165
      ],
      [
       35.6260446257192,
       33.97471515172293
      ],
      [
       35.62605026320285,
       33.97471515172293
      ],
      [
       35.62605139069957,
       33.97470673658485
      ],
      [
       35.626054773189765,
       33.974706736584835
      ],
      [
       35.626062665666865,
       33.97471608673822
      ],
      [
       35.626061538170134,
       33.97472356686019
      ],
      [
       35.62606943064724,
       33.974719826799294
      ],
      [
       35.62607506813088,
       33.97472356686019
      ],
      [
       35.62606943064724,
       33.97473291701171
      ],
      [
       35.626053645693034,
       33.97473759208711
      ],
      [
       35.626035605745365,
       33.974735722056984
      ],
      [
       35.626027713268265,
       33.974738527102126
      ]
     ]
    ]
   },
   "properties": {
    "kind": "remove",
    "note": "",
    "source": "hand-drawn",
    "applied": "2026-09-09T09:39:02"
   }
  },
  {
   "type": "Feature",
   "geometry": {
    "type": "Polygon",
    "coordinates": [
     [
      [
       35.625728926635134,
       33.97494703520037
      ],
      [
       35.625716524171125,
       33.974935815046656
      ],
      [
       35.62569735672673,
       33.974934880033786
      ],
      [
       35.625700739216924,
       33.97492552990447
      ],
      [
       35.62570975919075,
       33.97491711478721
      ],
      [
       35.62569397423655,
       33.97491711478721
      ],
      [
       35.62569735672673,
       33.97491337473482
      ],
      [
       35.62570524920383,
       33.97491337473482
      ],
      [
       35.62571765166785,
       33.97490682964274
      ],
      [
       35.625723289151495,
       33.97491056969541
      ],
      [
       35.62572554414495,
       33.97492272486548
      ],
      [
       35.6257356916155,
       33.97492085483943
      ],
      [
       35.62574471158934,
       33.97492646491746
      ],
      [
       35.62576726152392,
       33.97492739993041
      ],
      [
       35.62575598655663,
       33.97493955509807
      ],
      [
       35.625745839086065,
       33.97493581504666
      ],
      [
       35.62573343662205,
       33.974936750059534
      ],
      [
       35.62573456411878,
       33.97494516517488
      ],
      [
       35.625728926635134,
       33.97494703520037
      ]
     ]
    ]
   },
   "properties": {
    "kind": "remove",
    "note": "",
    "source": "hand-drawn",
    "applied": "2026-09-09T09:39:02"
   }
  },
  {
   "type": "Feature",
   "geometry": {
    "type": "Polygon",
    "coordinates": [
     [
      [
       35.6257706440141,
       33.97491711478721
      ],
      [
       35.62577628149775,
       33.97490682964275
      ],
      [
       35.62577515400102,
       33.97490028455017
      ],
      [
       35.625778536491204,
       33.97489934953691
      ],
      [
       35.62578868396176,
       33.97491711478721
      ],
      [
       35.6257706440141,
       33.97491711478721
      ]
     ]
    ]
   },
   "properties": {
    "kind": "remove",
    "note": "",
    "source": "hand-drawn",
    "applied": "2026-09-09T09:39:02"
   }
  },
  {
   "type": "Feature",
   "geometry": {
    "type": "Polygon",
    "coordinates": [
     [
      [
       35.62569059174636,
       33.974797433029245
      ],
      [
       35.62568608175944,
       33.97479556300044
      ],
      [
       35.62569059174636,
       33.97478995291377
      ],
      [
       35.625683826765986,
       33.974784342826744
      ],
      [
       35.625683826765986,
       33.974772187636916
      ],
      [
       35.62567818928234,
       33.974768447578164
      ],
      [
       35.62567706178561,
       33.97476003244532
      ],
      [
       35.62567931677907,
       33.97474320217722
      ],
      [
       35.62568495426272,
       33.97473665707204
      ],
      [
       35.625700739216924,
       33.974728241936084
      ],
      [
       35.62572441664822,
       33.97473385202682
      ],
      [
       35.62572554414495,
       33.97472730692092
      ],
      [
       35.62571877916458,
       33.974730111966366
      ],
      [
       35.625716524171125,
       33.974728241936084
      ],
      [
       35.625723289151495,
       33.974720761814524
      ],
      [
       35.625728926635134,
       33.97472076181454
      ],
      [
       35.625730054131864,
       33.97472637190576
      ],
      [
       35.62574132909916,
       33.97472356686019
      ],
      [
       35.625745839086065,
       33.97472730692092
      ],
      [
       35.625745839086065,
       33.974735722056984
      ],
      [
       35.625740201602426,
       33.974735722057
      ],
      [
       35.625740201602426,
       33.974742267162235
      ],
      [
       35.62574358409261,
       33.97474881226696
      ],
      [
       35.625748094079526,
       33.97474600722213
      ],
      [
       35.62575147656971,
       33.974749747281884
      ],
      [
       35.62575598655663,
       33.974735722056984
      ],
      [
       35.625763879033734,
       33.974739462117185
      ],
      [
       35.625763879033734,
       33.97473478704191
      ],
      [
       35.62578417397484,
       33.9747347870419
      ],
      [
       35.62578530147157,
       33.97472543689057
      ],
      [
       35.62579206645194,
       33.974724501875386
      ],
      [
       35.62578868396176,
       33.97471889178404
      ],
      [
       35.62579206645194,
       33.97471421670762
      ],
      [
       35.625778536491204,
       33.97471515172293
      ],
      [
       35.625778536491204,
       33.97470954163097
      ],
      [
       35.62579770393559,
       33.97470673658484
      ],
      [
       35.62580108642578,
       33.974697386430435
      ],
      [
       35.625812361393066,
       33.97470112649231
      ],
      [
       35.6258134888898,
       33.97468990630617
      ],
      [
       35.62581687137999,
       33.97468990630617
      ],
      [
       35.62581912637344,
       33.97470112649233
      ],
      [
       35.62581461638653,
       33.974701126492334
      ],
      [
       35.6258134888898,
       33.97470767160023
      ],
      [
       35.625820253870174,
       33.974717021753506
      ],
      [
       35.62581912637344,
       33.974721696829754
      ],
      [
       35.62582701885054,
       33.974728241936084
      ],
      [
       35.62582701885054,
       33.974731046981496
      ],
      [
       35.62581912637344,
       33.97473198199662
      ],
      [
       35.62581912637344,
       33.97473572205698
      ],
      [
       35.62582927384401,
       33.97474320217722
      ],
      [
       35.625828146347274,
       33.97475068229679
      ],
      [
       35.62583265633419,
       33.974756292386026
      ],
      [
       35.62582927384401,
       33.97476751256344
      ],
      [
       35.625802213922505,
       33.974770317607565
      ],
      [
       35.625802213922505,
       33.97476657754871
      ],
      [
       35.625796576438866,
       33.974766577548706
      ],
      [
       35.625786428968304,
       33.97477031760757
      ],
      [
       35.62577628149775,
       33.97478153778311
      ],
      [
       35.62575373156317,
       33.97478995291378
      ],
      [
       35.625728926635134,
       33.97479088792824
      ],
      [
       35.62571990666131,
       33.97478808288481
      ],
      [
       35.62571088668748,
       33.9747936929716
      ],
      [
       35.62569735672673,
       33.97479275795715
      ],
      [
       35.62569059174636,
       33.974797433029245
      ]
     ]
    ]
   },
   "properties": {
    "kind": "remove",
    "note": "",
    "source": "hand-drawn",
    "applied": "2026-09-09T09:39:02"
   }
  },
  {
   "type": "Feature",
   "geometry": {
    "type": "Polygon",
    "coordinates": [
     [
      [
       35.62575727701188,
       33.97477970793037
      ],
      [
       35.62584042549134,
       33.97476191343215
      ],
      [
       35.625843107700355,
       33.97474634324313
      ],
      [
       35.625821650028236,
       33.9747174271703
      ],
      [
       35.625848472118385,
       33.97467738951474
      ],
      [
       35.62584042549134,
       33.97465959499509
      ],
      [
       35.62578678131104,
       33.97465959499509
      ],
      [
       35.62575459480286,
       33.974686286773164
      ],
      [
       35.62575191259385,
       33.97477748361828
      ],
      [
       35.62575727701188,
       33.97477970793037
      ]
     ]
    ]
   },
   "properties": {
    "kind": "add",
    "note": "",
    "source": "hand-drawn",
    "applied": "2026-09-09T09:39:02"
   }
  },
  {
   "type": "Feature",
   "geometry": {
    "type": "Polygon",
    "coordinates": [
     [
      [
       35.625690221786506,
       33.97478193224238
      ],
      [
       35.625722408294685,
       33.97478193224238
      ],
      [
       35.625733137130744,
       33.97476858636942
      ],
      [
       35.625727772712715,
       33.974744118930204
      ],
      [
       35.62569826841355,
       33.9747418946172
      ],
      [
       35.62568753957749,
       33.97477748361828
      ],
      [
       35.625690221786506,
       33.97478193224238
      ]
     ]
    ]
   },
   "properties": {
    "kind": "add",
    "note": "",
    "source": "hand-drawn",
    "applied": "2026-09-09T09:39:02"
   }
  },
  {
   "type": "Feature",
   "geometry": {
    "type": "Polygon",
    "coordinates": [
     [
      [
       35.62840555637617,
       33.97476564253396
      ],
      [
       35.62839879509656,
       33.974760032445324
      ],
      [
       35.62839766821662,
       33.974751617311675
      ],
      [
       35.62840555637617,
       33.974743202177216
      ],
      [
       35.62841231765579,
       33.97474226716222
      ],
      [
       35.62841006389592,
       33.974735722056984
      ],
      [
       35.628429220854834,
       33.974734787041896
      ],
      [
       35.6284404896542,
       33.97472637190575
      ],
      [
       35.62843372837458,
       33.97472450187539
      ],
      [
       35.628419078935416,
       33.974730111966366
      ],
      [
       35.62841231765579,
       33.97472917695125
      ],
      [
       35.628407810136046,
       33.97472637190574
      ],
      [
       35.62840668325611,
       33.97471795676878
      ],
      [
       35.62841344453574,
       33.974713281692324
      ],
      [
       35.62841231765579,
       33.97470767160023
      ],
      [
       35.628396541336684,
       33.974705801569456
      ],
      [
       35.62838189189751,
       33.974708606615614
      ],
      [
       35.62837851125771,
       33.974699256461406
      ],
      [
       35.62838527253732,
       33.974697386430435
      ],
      [
       35.62838527253732,
       33.97468990630617
      ],
      [
       35.62839316069688,
       33.97468523122817
      ],
      [
       35.62840668325611,
       33.9746861662438
      ],
      [
       35.62841119077586,
       33.974682426181246
      ],
      [
       35.628431474614715,
       33.974682426181246
      ],
      [
       35.628443870294014,
       33.97468055614993
      ],
      [
       35.62845513909337,
       33.974674011039916
      ],
      [
       35.62846302725293,
       33.97467494605566
      ],
      [
       35.62846640789274,
       33.97468055614991
      ],
      [
       35.628459646613116,
       33.97467962113423
      ],
      [
       35.628459646613116,
       33.974682426181246
      ],
      [
       35.6284810573319,
       33.974686166243785
      ],
      [
       35.628491199251336,
       33.97469645141495
      ],
      [
       35.628491199251336,
       33.97470673658485
      ],
      [
       35.62850246805069,
       33.97470954163098
      ],
      [
       35.62850697557044,
       33.97472169682976
      ],
      [
       35.62850246805069,
       33.97472076181453
      ],
      [
       35.628504721810565,
       33.97473011196637
      ],
      [
       35.628484437971714,
       33.974737592087095
      ],
      [
       35.628483311091784,
       33.97473011196637
      ],
      [
       35.62849570677108,
       33.97472824193608
      ],
      [
       35.62849457989115,
       33.974718891784036
      ],
      [
       35.628484437971714,
       33.974722631844976
      ],
      [
       35.628484437971714,
       33.97472917695123
      ],
      [
       35.628472042292415,
       33.9747235668602
      ],
      [
       35.62846753477267,
       33.97472730692091
      ],
      [
       35.628468661652605,
       33.97474133214721
      ],
      [
       35.62846415413286,
       33.97474600722213
      ],
      [
       35.628431474614715,
       33.97475535737121
      ],
      [
       35.62842584021503,
       33.974753487341474
      ],
      [
       35.62840555637617,
       33.97476564253396
      ]
     ]
    ]
   },
   "properties": {
    "kind": "remove",
    "note": "",
    "source": "hand-drawn",
    "applied": "2026-09-09T09:39:02"
   }
  },
  {
   "type": "Feature",
   "geometry": {
    "type": "Polygon",
    "coordinates": [
     [
      [
       35.628605782985694,
       33.97504662495678
      ],
      [
       35.6286782026291,
       33.9750444006517
      ],
      [
       35.62867552042008,
       33.97501770898606
      ],
      [
       35.62861919403077,
       33.97501770898606
      ],
      [
       35.628605782985694,
       33.97504662495678
      ],
      [
       35.628605782985694,
       33.97504662495678
      ]
     ]
    ]
   },
   "properties": {
    "kind": "add",
    "note": "",
    "source": "hand-drawn",
    "applied": "2026-09-09T09:39:02"
   }
  },
  {
   "type": "Feature",
   "geometry": {
    "type": "Polygon",
    "coordinates": [
     [
      [
       35.62822520439261,
       33.973327577700324
      ],
      [
       35.62821731191551,
       33.973324772608606
      ],
      [
       35.62822520439261,
       33.97330513696401
      ],
      [
       35.62823084187626,
       33.97329765671728
      ],
      [
       35.628243244340275,
       33.97329765671728
      ],
      [
       35.62824549933374,
       33.97330794205637
      ],
      [
       35.62824098934682,
       33.97331635733291
      ],
      [
       35.62825790179775,
       33.973317292363596
      ],
      [
       35.6282556468043,
       33.973325707639184
      ],
      [
       35.62822520439261,
       33.973327577700324
      ]
     ]
    ]
   },
   "properties": {
    "kind": "remove",
    "note": "",
    "source": "hand-drawn",
    "applied": "2026-09-09T09:39:02"
   }
  },
  {
   "type": "Feature",
   "geometry": {
    "type": "Polygon",
    "coordinates": [
     [
      [
       35.628211498260505,
       33.97333834150844
      ],
      [
       35.62825709581376,
       33.97334723890696
      ],
      [
       35.62829196453095,
       33.97325826487968
      ],
      [
       35.628249049186714,
       33.97325159182388
      ],
      [
       35.628211498260505,
       33.973333892808796
      ],
      [
       35.628211498260505,
       33.97333834150844
      ]
     ]
    ]
   },
   "properties": {
    "kind": "add",
    "note": "",
    "source": "hand-drawn",
    "applied": "2026-09-09T09:39:02"
   }
  },
  {
   "type": "Feature",
   "geometry": {
    "type": "Polygon",
    "coordinates": [
     [
      [
       35.62829196453095,
       33.973053624263606
      ],
      [
       35.62832415103913,
       33.97306029733495
      ],
      [
       35.628348290920265,
       33.97300913710797
      ],
      [
       35.628310739994056,
       33.97299801531543
      ],
      [
       35.62829196453095,
       33.97305584862076
      ],
      [
       35.62829196453095,
       33.973053624263606
      ]
     ]
    ]
   },
   "properties": {
    "kind": "add",
    "note": "",
    "source": "hand-drawn",
    "applied": "2026-09-09T09:39:02"
   }
  },
  {
   "type": "Feature",
   "geometry": {
    "type": "Polygon",
    "coordinates": [
     [
      [
       35.62820881605149,
       33.97310478446379
      ],
      [
       35.628238320350654,
       33.97310478446379
      ],
      [
       35.62825173139573,
       33.973078092189276
      ],
      [
       35.62825173139573,
       33.97306029733495
      ],
      [
       35.62823027372361,
       33.97304472683435
      ],
      [
       35.628249049186714,
       33.972986893521444
      ],
      [
       35.62824100255967,
       33.97296464992909
      ],
      [
       35.628179311752326,
       33.973078092189276
      ],
      [
       35.62818199396134,
       33.97309588703988
      ],
      [
       35.62821418046952,
       33.97310256010789
      ],
      [
       35.62820881605149,
       33.97310478446379
      ]
     ]
    ]
   },
   "properties": {
    "kind": "add",
    "note": "",
    "source": "hand-drawn",
    "applied": "2026-09-09T09:39:02"
   }
  },
  {
   "type": "Feature",
   "geometry": {
    "type": "Polygon",
    "coordinates": [
     [
      [
       35.62688461078213,
       33.97325558031706
      ],
      [
       35.626857550860635,
       33.97324716503452
      ],
      [
       35.62683725591952,
       33.973212568864206
      ],
      [
       35.626833873429334,
       33.97318077777637
      ],
      [
       35.626836128422795,
       33.973172362486416
      ],
      [
       35.62684740339008,
       33.97316581726033
      ],
      [
       35.62686093335083,
       33.97317703764761
      ],
      [
       35.62686318834429,
       33.97318545293708
      ],
      [
       35.62686995332466,
       33.97318919306549
      ],
      [
       35.62688461078213,
       33.97321069880054
      ],
      [
       35.62691279820035,
       33.97321069880054
      ],
      [
       35.626899268239605,
       33.9732125688642
      ],
      [
       35.62689363075596,
       33.97322004911843
      ],
      [
       35.62688461078213,
       33.9732219191819
      ],
      [
       35.62688461078213,
       33.973231269498555
      ],
      [
       35.62689363075596,
       33.97323220453017
      ],
      [
       35.62689701324614,
       33.97323874975117
      ],
      [
       35.62689250325923,
       33.973245294971626
      ],
      [
       35.62688235578867,
       33.97324810006595
      ],
      [
       35.62688461078213,
       33.97325558031706
      ]
     ]
    ]
   },
   "properties": {
    "kind": "remove",
    "note": "",
    "source": "hand-drawn",
    "applied": "2026-09-09T09:39:02"
   }
  },
  {
   "type": "Feature",
   "geometry": {
    "type": "Polygon",
    "coordinates": [
     [
      [
       35.62694549560548,
       33.97285445092288
      ],
      [
       35.62692971065128,
       33.97285258085133
      ],
      [
       35.62691054320689,
       33.97283575020566
      ],
      [
       35.626898140742874,
       33.97281985459279
      ],
      [
       35.62689701324614,
       33.97281050423089
      ],
      [
       35.62690039573633,
       33.972807699122114
      ],
      [
       35.62688686577558,
       33.972794608613306
      ],
      [
       35.62686657083447,
       33.972786193285145
      ],
      [
       35.62686431584102,
       33.972777777956146
      ],
      [
       35.626873335814835,
       33.97276562247945
      ],
      [
       35.62687897329848,
       33.97277403780964
      ],
      [
       35.62688912076904,
       33.972771232699664
      ],
      [
       35.62688799327231,
       33.972781518102465
      ],
      [
       35.62689250325923,
       33.97278993343109
      ],
      [
       35.626898140742874,
       33.972780583065884
      ],
      [
       35.62691505319381,
       33.97277684291954
      ],
      [
       35.62691730818727,
       33.97278338817556
      ],
      [
       35.626907160716705,
       33.97278993343111
      ],
      [
       35.626913925697075,
       33.9727946086133
      ],
      [
       35.626913925697075,
       33.97279928379525
      ],
      [
       35.6269421131153,
       33.97279834875888
      ],
      [
       35.6269421131153,
       33.97280582904955
      ],
      [
       35.62693760312838,
       33.97280956919464
      ],
      [
       35.62692181817419,
       33.97280956919464
      ],
      [
       35.62692858315455,
       33.97281891955664
      ],
      [
       35.62694549560548,
       33.97281424437577
      ],
      [
       35.62694549560548,
       33.97285445092288
      ]
     ]
    ]
   },
   "properties": {
    "kind": "remove",
    "note": "",
    "source": "hand-drawn",
    "applied": "2026-09-09T09:39:02"
   }
  },
  {
   "type": "Feature",
   "geometry": {
    "type": "Polygon",
    "coordinates": [
     [
      [
       35.627924162766035,
       33.97318171280853
      ],
      [
       35.62791176030201,
       33.97317142745415
      ],
      [
       35.627906122818366,
       33.973171427454155
      ],
      [
       35.627899357838,
       33.97316020706613
      ],
      [
       35.62786327794268,
       33.97314337648133
      ],
      [
       35.62785313047212,
       33.97313215608964
      ],
      [
       35.62785425796884,
       33.97311813059791
      ],
      [
       35.627952350184245,
       33.97311813059791
      ],
      [
       35.627947840197336,
       33.973137766285674
      ],
      [
       35.627924162766035,
       33.97314337648133
      ],
      [
       35.62792641775949,
       33.97315085674167
      ],
      [
       35.62794445770715,
       33.97316114209853
      ],
      [
       35.627943330210414,
       33.973170492421865
      ],
      [
       35.62793431023659,
       33.973168622357285
      ],
      [
       35.6279309277464,
       33.97318171280851
      ],
      [
       35.627924162766035,
       33.97318171280853
      ]
     ]
    ]
   },
   "properties": {
    "kind": "remove",
    "note": "",
    "source": "hand-drawn",
    "applied": "2026-09-09T09:39:02"
   }
  },
  {
   "type": "Feature",
   "geometry": {
    "type": "Polygon",
    "coordinates": [
     [
      [
       35.62704922530451,
       33.97200169403531
      ],
      [
       35.62704020533068,
       33.97199047349294
      ],
      [
       35.627043587820864,
       33.971982993130545
      ],
      [
       35.62707064774236,
       33.97198860340241
      ],
      [
       35.62707290273581,
       33.971983928175874
      ],
      [
       35.62707966771618,
       33.97198673331182
      ],
      [
       35.62707966771618,
       33.9719792529491
      ],
      [
       35.62718001492505,
       33.97197925294909
      ],
      [
       35.62718790740215,
       33.97198205808519
      ],
      [
       35.627182269918514,
       33.97198860340241
      ],
      [
       35.627156337493744,
       33.97199701880951
      ],
      [
       35.62707741272273,
       33.971994213673895
      ],
      [
       35.62704922530451,
       33.97200169403531
      ]
     ]
    ]
   },
   "properties": {
    "kind": "remove",
    "note": "",
    "source": "hand-drawn",
    "applied": "2026-09-09T09:39:02"
   }
  },
  {
   "type": "Feature",
   "geometry": {
    "type": "Polygon",
    "coordinates": [
     [
      [
       35.62719467238252,
       33.97180159414087
      ],
      [
       35.627181142421776,
       33.97179785395145
      ],
      [
       35.627182269918514,
       33.97178102309701
      ],
      [
       35.62719016239561,
       33.97179130861957
      ],
      [
       35.62721496732364,
       33.97179317871445
      ],
      [
       35.62719467238252,
       33.97180159414087
      ]
     ]
    ]
   },
   "properties": {
    "kind": "remove",
    "note": "",
    "source": "hand-drawn",
    "applied": "2026-09-09T09:39:02"
   }
  },
  {
   "type": "Feature",
   "geometry": {
    "type": "Polygon",
    "coordinates": [
     [
      [
       35.627182269918514,
       33.971756711856926
      ],
      [
       35.62717550493814,
       33.971754841761225
      ],
      [
       35.6271585924872,
       33.9717557768091
      ],
      [
       35.62715295500356,
       33.971751101569765
      ],
      [
       35.627156337493744,
       33.971741751090335
      ],
      [
       35.627164229970845,
       33.971737075850235
      ],
      [
       35.6271585924872,
       33.97173427070605
      ],
      [
       35.62716197497739,
       33.97172959546554
      ],
      [
       35.62716761246103,
       33.97173894594629
      ],
      [
       35.62717212244795,
       33.971738010898285
      ],
      [
       35.62717775993159,
       33.97172772536927
      ],
      [
       35.627183397415244,
       33.971733335657966
      ],
      [
       35.627182269918514,
       33.971756711856926
      ]
     ]
    ]
   },
   "properties": {
    "kind": "remove",
    "note": "",
    "source": "hand-drawn",
    "applied": "2026-09-09T09:39:02"
   }
  },
  {
   "type": "Feature",
   "geometry": {
    "type": "Polygon",
    "coordinates": [
     [
      [
       35.62720932984,
       33.971702479065534
      ],
      [
       35.62718790740215,
       33.9717080893559
      ],
      [
       35.62718677990542,
       33.97169032343511
      ],
      [
       35.62721609482037,
       33.97168003790034
      ],
      [
       35.627220604807285,
       33.971689388386565
      ],
      [
       35.62721609482037,
       33.97168658324081
      ],
      [
       35.62720707484654,
       33.971688453337975
      ],
      [
       35.62720256485962,
       33.971697803823254
      ],
      [
       35.62720932984,
       33.971702479065534
      ]
     ]
    ]
   },
   "properties": {
    "kind": "remove",
    "note": "",
    "source": "hand-drawn",
    "applied": "2026-09-09T09:39:02"
   }
  },
  {
   "type": "Feature",
   "geometry": {
    "type": "Polygon",
    "coordinates": [
     [
      [
       35.62713325023652,
       33.97175236534541
      ],
      [
       35.62717884778977,
       33.97175236534541
      ],
      [
       35.627181529998786,
       33.97170787750901
      ],
      [
       35.6271305680275,
       33.97171010190138
      ],
      [
       35.6271305680275,
       33.97174346778
      ],
      [
       35.62713325023652,
       33.97175236534541
      ]
     ]
    ]
   },
   "properties": {
    "kind": "add",
    "note": "",
    "source": "hand-drawn",
    "applied": "2026-09-09T09:39:02"
   }
  },
  {
   "type": "Feature",
   "geometry": {
    "type": "Polygon",
    "coordinates": [
     [
      [
       35.62695113308911,
       33.97254869368018
      ],
      [
       35.62694549560547,
       33.972545888562784
      ],
      [
       35.62694549560547,
       33.97253092793503
      ],
      [
       35.62695000559238,
       33.97252531769896
      ],
      [
       35.62694775059892,
       33.972499136592354
      ],
      [
       35.62695113308911,
       33.97250194171131
      ],
      [
       35.6269590255662,
       33.97250007163202
      ],
      [
       35.62696015306293,
       33.972506616909335
      ],
      [
       35.626971428030224,
       33.97250568186976
      ],
      [
       35.62697255552695,
       33.97250287675094
      ],
      [
       35.626979320507324,
       33.972504746830154
      ],
      [
       35.626987212984425,
       33.972509422028054
      ],
      [
       35.626986085487694,
       33.97251970746251
      ],
      [
       35.6269939779648,
       33.972517837383606
      ],
      [
       35.626995105461525,
       33.97251035706758
      ],
      [
       35.62699172297134,
       33.97250755194893
      ],
      [
       35.62699848795172,
       33.972508486988495
      ],
      [
       35.62701652789937,
       33.972527187777686
      ],
      [
       35.627012017912456,
       33.97253373305295
      ],
      [
       35.62701314540919,
       33.972544018484456
      ],
      [
       35.627005252932086,
       33.97254775864105
      ],
      [
       35.62695113308911,
       33.97254869368018
      ]
     ]
    ]
   },
   "properties": {
    "kind": "remove",
    "note": "",
    "source": "hand-drawn",
    "applied": "2026-09-09T09:39:02"
   }
  },
  {
   "type": "Feature",
   "geometry": {
    "type": "Polygon",
    "coordinates": [
     [
      [
       35.6269320845604,
       33.972570937381356
      ],
      [
       35.62695890665055,
       33.97258650796872
      ],
      [
       35.62701255083085,
       33.97255091805057
      ],
      [
       35.62702059745789,
       33.972530898715064
      ],
      [
       35.62696963548661,
       33.9725019818888
      ],
      [
       35.62692672014237,
       33.972542020568724
      ],
      [
       35.6269320845604,
       33.972575386120894
      ],
      [
       35.6269320845604,
       33.972570937381356
      ]
     ]
    ]
   },
   "properties": {
    "kind": "add",
    "note": "",
    "source": "hand-drawn",
    "applied": "2026-09-09T09:39:02"
   }
  },
  {
   "type": "Feature",
   "geometry": {
    "type": "Polygon",
    "coordinates": [
     [
      [
       35.62626421451569,
       33.972083798994106
      ],
      [
       35.62630712985993,
       33.97207490146337
      ],
      [
       35.626309812068946,
       33.972041535714794
      ],
      [
       35.62625616788865,
       33.97195256032128
      ],
      [
       35.626248121261604,
       33.97196590663623
      ],
      [
       35.62627494335175,
       33.97202151625937
      ],
      [
       35.62624543905259,
       33.97204598448202
      ],
      [
       35.62625885009766,
       33.97207935022887
      ],
      [
       35.62626421451569,
       33.972083798994106
      ]
     ]
    ]
   },
   "properties": {
    "kind": "add",
    "note": "",
    "source": "hand-drawn",
    "applied": "2026-09-09T09:39:02"
   }
  },
  {
   "type": "Feature",
   "geometry": {
    "type": "Polygon",
    "coordinates": [
     [
      [
       35.62533543027681,
       33.972495396433615
      ],
      [
       35.625332047786635,
       33.97248978619518
      ],
      [
       35.625338812767,
       33.972482305876724
      ],
      [
       35.6253624901983,
       33.97248043579699
      ],
      [
       35.6253624901983,
       33.97248698107583
      ],
      [
       35.62535008773428,
       33.972486046036025
      ],
      [
       35.62534896023755,
       33.97249352635418
      ],
      [
       35.62533543027681,
       33.972495396433615
      ]
     ]
    ]
   },
   "properties": {
    "kind": "remove",
    "note": "",
    "source": "hand-drawn",
    "applied": "2026-09-09T09:39:02"
   }
  },
  {
   "type": "Feature",
   "geometry": {
    "type": "Polygon",
    "coordinates": [
     [
      [
       35.62519900317263,
       33.97254775864106
      ],
      [
       35.62519562068245,
       33.972544953523624
      ],
      [
       35.62520238566282,
       33.97253747320999
      ],
      [
       35.625231700577764,
       33.97253747320998
      ],
      [
       35.62522380810066,
       33.972544018484456
      ],
      [
       35.62522606309412,
       33.97254775864105
      ],
      [
       35.62519900317263,
       33.97254775864106
      ]
     ]
    ]
   },
   "properties": {
    "kind": "remove",
    "note": "",
    "source": "hand-drawn",
    "applied": "2026-09-09T09:39:02"
   }
  },
  {
   "type": "Feature",
   "geometry": {
    "type": "Polygon",
    "coordinates": [
     [
      [
       35.62526778047309,
       33.97244583931472
      ],
      [
       35.62528469292401,
       33.97242433338622
      ],
      [
       35.625302732871674,
       33.972425268426704
      ],
      [
       35.625306115361866,
       33.97243461883095
      ],
      [
       35.625295967891304,
       33.972435553871335
      ],
      [
       35.62528243793056,
       33.97244583931472
      ],
      [
       35.62526778047309,
       33.97244583931472
      ]
     ]
    ]
   },
   "properties": {
    "kind": "remove",
    "note": "",
    "source": "hand-drawn",
    "applied": "2026-09-09T09:39:02"
   }
  },
  {
   "type": "Feature",
   "geometry": {
    "type": "Polygon",
    "coordinates": [
     [
      [
       35.62560828448515,
       33.97254775864107
      ],
      [
       35.62560715698842,
       33.97254495352361
      ],
      [
       35.62559926451133,
       33.97254588856276
      ],
      [
       35.62560490199497,
       33.97254121336688
      ],
      [
       35.62561053947861,
       33.97254214840609
      ],
      [
       35.62560490199497,
       33.97253747320998
      ],
      [
       35.625619559452446,
       33.97253840824922
      ],
      [
       35.625629706923,
       33.972543083445295
      ],
      [
       35.62563421690992,
       33.97253653817074
      ],
      [
       35.62563985439356,
       33.972541213366895
      ],
      [
       35.62563872689684,
       33.97252531769896
      ],
      [
       35.62563196191646,
       33.97253092793504
      ],
      [
       35.62563083441973,
       33.972527187777686
      ],
      [
       35.625619559452446,
       33.972529057856384
      ],
      [
       35.625618431955715,
       33.97252438265957
      ],
      [
       35.62563196191646,
       33.97252625273832
      ],
      [
       35.62563196191646,
       33.97252344762017
      ],
      [
       35.62564774687067,
       33.97251690234415
      ],
      [
       35.62564661937394,
       33.97249726651298
      ],
      [
       35.62565451185104,
       33.97249913659235
      ],
      [
       35.62565451185104,
       33.97248885115541
      ],
      [
       35.62566127683141,
       33.97248885115542
      ],
      [
       35.625665786818324,
       33.972482305876724
      ],
      [
       35.625674806792155,
       33.97248043579699
      ],
      [
       35.62568608175944,
       33.972471085397764
      ],
      [
       35.62570637670056,
       33.972468280277795
      ],
      [
       35.62572103415803,
       33.97245986491734
      ],
      [
       35.62573456411878,
       33.97245892987724
      ],
      [
       35.62574245659588,
       33.97246360507765
      ],
      [
       35.625748094079526,
       33.97247482555758
      ],
      [
       35.625740201602426,
       33.972478565717225
      ],
      [
       35.62574471158934,
       33.97250007163201
      ],
      [
       35.625731181628595,
       33.97251783738361
      ],
      [
       35.6257356916155,
       33.97252438265958
      ],
      [
       35.62572667164168,
       33.97252438265958
      ],
      [
       35.62572667164168,
       33.97253092793505
      ],
      [
       35.62570975919075,
       33.97253186297436
      ],
      [
       35.625716524171125,
       33.97253560313151
      ],
      [
       35.625715396674394,
       33.97253840824922
      ],
      [
       35.62570524920383,
       33.97254027832766
      ],
      [
       35.625707504197294,
       33.97253092793503
      ],
      [
       35.62569622923,
       33.97253747320999
      ],
      [
       35.62569397423655,
       33.9725356031315
      ],
      [
       35.62569848422346,
       33.97253466809222
      ],
      [
       35.62569848422346,
       33.972529992895716
      ],
      [
       35.62567706178561,
       33.97253092793504
      ],
      [
       35.62566353182486,
       33.97252157754134
      ],
      [
       35.62565338435431,
       33.97250661690935
      ],
      [
       35.625652256857585,
       33.97251783738361
      ],
      [
       35.625644364380484,
       33.97252344762017
      ],
      [
       35.625644364380484,
       33.97253092793503
      ],
      [
       35.62565112936086,
       33.972534668092216
      ],
      [
       35.62564774687067,
       33.97254027832767
      ],
      [
       35.62564210938702,
       33.972541213366895
      ],
      [
       35.62564661937394,
       33.97254495352362
      ],
      [
       35.62560828448515,
       33.97254775864107
      ]
     ]
    ]
   },
   "properties": {
    "kind": "remove",
    "note": "",
    "source": "hand-drawn",
    "applied": "2026-09-09T09:39:02"
   }
  },
  {
   "type": "Feature",
   "geometry": {
    "type": "Polygon",
    "coordinates": [
     [
      [
       35.62528520822526,
       33.97249975751714
      ],
      [
       35.62536835670472,
       33.972484186913896
      ],
      [
       35.625371038913734,
       33.97249086002992
      ],
      [
       35.625371038913734,
       33.97249975751714
      ],
      [
       35.6252932548523,
       33.97252644997321
      ],
      [
       35.62529057264329,
       33.97255759116136
      ],
      [
       35.6252208352089,
       33.97256648864161
      ],
      [
       35.62518328428269,
       33.97255759116136
      ],
      [
       35.625185966491706,
       33.972539796198085
      ],
      [
       35.625228881835945,
       33.972539796198085
      ],
      [
       35.62530130147935,
       33.97249975751714
      ],
      [
       35.62528520822526,
       33.97249975751714
      ]
     ]
    ]
   },
   "properties": {
    "kind": "add",
    "note": "",
    "source": "hand-drawn",
    "applied": "2026-09-09T09:39:02"
   }
  },
  {
   "type": "Feature",
   "geometry": {
    "type": "Polygon",
    "coordinates": [
     [
      [
       35.62562048435212,
       33.97224617876661
      ],
      [
       35.62564730644227,
       33.97229511507559
      ],
      [
       35.62558829784394,
       33.9723084613368
      ],
      [
       35.625569522380836,
       33.97233515385292
      ],
      [
       35.62551587820054,
       33.972355173234504
      ],
      [
       35.625459551811225,
       33.97237074386137
      ],
      [
       35.625438094139106,
       33.97235962198532
      ],
      [
       35.62543541193009,
       33.97233515385292
      ],
      [
       35.6255266070366,
       33.97231068571347
      ],
      [
       35.625617802143104,
       33.97224617876661
      ],
      [
       35.62562048435212,
       33.97224617876661
      ]
     ]
    ]
   },
   "properties": {
    "kind": "add",
    "note": "",
    "source": "hand-drawn",
    "applied": "2026-09-09T09:39:02"
   }
  },
  {
   "type": "Feature",
   "geometry": {
    "type": "Polygon",
    "coordinates": [
     [
      [
       35.6256526708603,
       33.97248863565797
      ],
      [
       35.625733137130744,
       33.97245971881735
      ],
      [
       35.625749230384834,
       33.972481962541785
      ],
      [
       35.625738501548774,
       33.972493084401826
      ],
      [
       35.6256526708603,
       33.972510879374845
      ],
      [
       35.62564194202424,
       33.972481962541785
      ],
      [
       35.62565535306931,
       33.97247528942505
      ],
      [
       35.6256526708603,
       33.97248863565797
      ]
     ]
    ]
   },
   "properties": {
    "kind": "add",
    "note": "",
    "source": "hand-drawn",
    "applied": "2026-09-09T09:39:02"
   }
  },
  {
   "type": "Feature",
   "geometry": {
    "type": "Polygon",
    "coordinates": [
     [
      [
       35.62415381370505,
       33.971920345069584
      ],
      [
       35.62413577375739,
       33.97191566983933
      ],
      [
       35.62412449879012,
       33.97191753993146
      ],
      [
       35.62411773380973,
       33.971912864701025
      ],
      [
       35.62410420384899,
       33.9719109946088
      ],
      [
       35.62410194885553,
       33.971907254424195
      ],
      [
       35.62408954639152,
       33.971914734793245
      ],
      [
       35.62408954639152,
       33.97189696891564
      ],
      [
       35.62410645884245,
       33.97189977405446
      ],
      [
       35.62410758633917,
       33.97189229368407
      ],
      [
       35.62408954639152,
       33.971891358637734
      ],
      [
       35.62408954639152,
       33.97188200817375
      ],
      [
       35.62408278141114,
       33.971879203034334
      ],
      [
       35.62407488893404,
       33.9718670474292
      ],
      [
       35.62407488893404,
       33.971856761915795
      ],
      [
       35.624085036404594,
       33.97184647640116
      ],
      [
       35.62408390890787,
       33.97182123013266
      ],
      [
       35.62408954639152,
       33.97181468480258
      ],
      [
       35.62408165391441,
       33.97179037357212
      ],
      [
       35.62408616390133,
       33.97178943852466
      ],
      [
       35.624085036404594,
       33.97178476328717
      ],
      [
       35.62408954639152,
       33.97178476328717
      ],
      [
       35.62408954639152,
       33.97178102309701
      ],
      [
       35.624080526417686,
       33.97177728290668
      ],
      [
       35.624085036404594,
       33.97176886747783
      ],
      [
       35.62408390890787,
       33.97176606233469
      ],
      [
       35.62408165391441,
       33.97176886747784
      ],
      [
       35.62408165391441,
       33.97176419223922
      ],
      [
       35.62408841889478,
       33.971759517000365
      ],
      [
       35.62408616390133,
       33.971752036617644
      ],
      [
       35.62408954639152,
       33.97174455623427
      ],
      [
       35.62410533134572,
       33.97174268613832
      ],
      [
       35.62410984133263,
       33.97173707585023
      ],
      [
       35.624122243796656,
       33.97173333565796
      ],
      [
       35.62410758633917,
       33.97173240060988
      ],
      [
       35.62410420384899,
       33.971726790321114
      ],
      [
       35.62410758633917,
       33.97172585527295
      ],
      [
       35.624133518763934,
       33.97173146556178
      ],
      [
       35.62412562628684,
       33.97173240060988
      ],
      [
       35.624127881280295,
       33.971734270706065
      ],
      [
       35.62416396117561,
       33.971735205754115
      ],
      [
       35.62418425611674,
       33.97174268613833
      ],
      [
       35.624192148593835,
       33.97173988099433
      ],
      [
       35.6241989135742,
       33.97174268613832
      ],
      [
       35.6241989135742,
       33.97179972404618
      ],
      [
       35.62418538361346,
       33.97180907451925
      ],
      [
       35.62418538361346,
       33.9718174899441
      ],
      [
       35.62417072615599,
       33.97181094461372
      ],
      [
       35.62417298114944,
       33.97180439928283
      ],
      [
       35.62416959865925,
       33.9718015941409
      ],
      [
       35.62416057868543,
       33.971801594140885
      ],
      [
       35.62415268620832,
       33.97179691890408
      ],
      [
       35.62415606869851,
       33.97178289319211
      ],
      [
       35.624149303718134,
       33.97178008804945
      ],
      [
       35.624151558711596,
       33.97177634785907
      ],
      [
       35.62414817622141,
       33.97177260766854
      ],
      [
       35.624129008777025,
       33.971774477763816
      ],
      [
       35.62413126377048,
       33.97178289319211
      ],
      [
       35.62412675378357,
       33.97178569833469
      ],
      [
       35.62414592122795,
       33.97178756842969
      ],
      [
       35.62414592122795,
       33.97179037357213
      ],
      [
       35.624134646260664,
       33.971788503477185
      ],
      [
       35.62413577375739,
       33.97179878899883
      ],
      [
       35.62414592122795,
       33.971799724046186
      ],
      [
       35.624144793731226,
       33.97182216517978
      ],
      [
       35.62416508867234,
       33.97182497032106
      ],
      [
       35.624175236142904,
       33.97181842499127
      ],
      [
       35.62418087362655,
       33.97182403527398
      ],
      [
       35.62417861863309,
       33.971831515650365
      ],
      [
       35.624166216169066,
       33.971829645556326
      ],
      [
       35.62416057868543,
       33.97184180116682
      ],
      [
       35.624157196195235,
       33.97183058060335
      ],
      [
       35.62414592122795,
       33.971829645556326
      ],
      [
       35.624142538737765,
       33.97183338574436
      ],
      [
       35.624149303718134,
       33.97184647640116
      ],
      [
       35.62416170618216,
       33.971847411447996
      ],
      [
       35.62416847116253,
       33.97185676191579
      ],
      [
       35.624175236142904,
       33.97185582686905
      ],
      [
       35.62417861863309,
       33.971845541354305
      ],
      [
       35.62417861863309,
       33.971857696962516
      ],
      [
       35.62418200112327,
       33.97185956705594
      ],
      [
       35.62417072615599,
       33.97190070910072
      ],
      [
       35.62416396117561,
       33.97189977405446
      ],
      [
       35.624158323691965,
       33.97190818947035
      ],
      [
       35.624159451188696,
       33.97191566983933
      ],
      [
       35.62415381370505,
       33.971920345069584
      ]
     ]
    ]
   },
   "properties": {
    "kind": "remove",
    "note": "",
    "source": "hand-drawn",
    "applied": "2026-09-09T09:39:02"
   }
  },
  {
   "type": "Feature",
   "geometry": {
    "type": "Polygon",
    "coordinates": [
     [
      [
       35.624071506443855,
       33.97192128011563
      ],
      [
       35.624071506443855,
       33.97189416377674
      ],
      [
       35.62407601643077,
       33.971888553498644
      ],
      [
       35.624079398920955,
       33.971902579193184
      ],
      [
       35.624087291398055,
       33.97190164414695
      ],
      [
       35.62408841889478,
       33.971908189470334
      ],
      [
       35.62408165391441,
       33.97191941002358
      ],
      [
       35.624077143927494,
       33.97191286470103
      ],
      [
       35.62407488893404,
       33.97192128011564
      ],
      [
       35.624071506443855,
       33.97192128011563
      ]
     ]
    ]
   },
   "properties": {
    "kind": "remove",
    "note": "",
    "source": "hand-drawn",
    "applied": "2026-09-09T09:39:02"
   }
  },
  {
   "type": "Feature",
   "geometry": {
    "type": "Polygon",
    "coordinates": [
     [
      [
       35.62394860930042,
       33.97309007960751
      ],
      [
       35.623946354306966,
       33.97307979424205
      ],
      [
       35.623939589326596,
       33.973078859208755
      ],
      [
       35.62393620683642,
       33.973063898674795
      ],
      [
       35.623939589326596,
       33.97306109357439
      ],
      [
       35.623935079339674,
       33.97305548337327
      ],
      [
       35.623945226810235,
       33.97305454833973
      ],
      [
       35.623946354306966,
       33.973050808205414
      ],
      [
       35.62394860930042,
       33.9729993813419
      ],
      [
       35.62396439425462,
       33.97299657623936
      ],
      [
       35.62396664924808,
       33.9729881609312
      ],
      [
       35.62397115923499,
       33.97298629086261
      ],
      [
       35.62402753407144,
       33.972992836102506
      ],
      [
       35.624025279077976,
       33.9730040565126
      ],
      [
       35.62405008400601,
       33.97301621195522
      ],
      [
       35.62405459399292,
       33.97302369222672
      ],
      [
       35.62404219152891,
       33.97303771773402
      ],
      [
       35.62404331902564,
       33.97304800310456
      ],
      [
       35.6240264065747,
       33.97305174323902
      ],
      [
       35.62402753407144,
       33.973060158540896
      ],
      [
       35.62402189658779,
       33.97306950887535
      ],
      [
       35.62400498413686,
       33.973069508875334
      ],
      [
       35.62400160164668,
       33.97307605410883
      ],
      [
       35.62398919918266,
       33.973080729275324
      ],
      [
       35.62394860930042,
       33.97309007960751
      ]
     ]
    ]
   },
   "properties": {
    "kind": "remove",
    "note": "",
    "source": "hand-drawn",
    "applied": "2026-09-09T09:39:02"
   }
  },
  {
   "type": "Feature",
   "geometry": {
    "type": "Polygon",
    "coordinates": [
     [
      [
       35.627880190393604,
       33.972485110996224
      ],
      [
       35.62787568040669,
       33.97247763067733
      ],
      [
       35.62785764045903,
       33.972480435797
      ],
      [
       35.62785200297539,
       33.972472020437735
      ],
      [
       35.62783509052446,
       33.972472020437735
      ],
      [
       35.627826070550626,
       33.972457994837114
      ],
      [
       35.627831708034265,
       33.97243929403271
      ],
      [
       35.62783734551791,
       33.97244303419391
      ],
      [
       35.62784298300156,
       33.97244022907303
      ],
      [
       35.627866660432865,
       33.97244209915364
      ],
      [
       35.62786778792959,
       33.97244677435497
      ],
      [
       35.62787568040669,
       33.972446774354964
      ],
      [
       35.62788582787725,
       33.97245612475686
      ],
      [
       35.627890337864166,
       33.972456124756874
      ],
      [
       35.6278914653609,
       33.97245144955603
      ],
      [
       35.62790274032818,
       33.97244957947565
      ],
      [
       35.62790499532164,
       33.97245331963641
      ],
      [
       35.62791288779874,
       33.97245238459623
      ],
      [
       35.62791288779874,
       33.97245612475687
      ],
      [
       35.62792078027585,
       33.97245705979699
      ],
      [
       35.627924162766035,
       33.97245238459623
      ],
      [
       35.62793205524313,
       33.97245705979699
      ],
      [
       35.6279309277464,
       33.97246173499752
      ],
      [
       35.62792529026276,
       33.972461734997516
      ],
      [
       35.62792529026276,
       33.972470150357786
      ],
      [
       35.627914015295474,
       33.97247389051765
      ],
      [
       35.62791739778566,
       33.97248230587672
      ],
      [
       35.627899357838,
       33.97248137083684
      ],
      [
       35.627880190393604,
       33.972485110996224
      ]
     ]
    ]
   },
   "properties": {
    "kind": "remove",
    "note": "",
    "source": "hand-drawn",
    "applied": "2026-09-09T09:39:02"
   }
  },
  {
   "type": "Feature",
   "geometry": {
    "type": "Polygon",
    "coordinates": [
     [
      [
       35.62783847301464,
       33.97251503226517
      ],
      [
       35.62783509052446,
       33.972510357067605
      ],
      [
       35.627840728008096,
       33.972504746830154
      ],
      [
       35.627824943053895,
       33.97250568186976
      ],
      [
       35.627822688060434,
       33.97250194171131
      ],
      [
       35.62782945304081,
       33.972482305876724
      ],
      [
       35.627840728008096,
       33.972497266512995
      ],
      [
       35.6278486204852,
       33.97250007163202
      ],
      [
       35.6278486204852,
       33.97251129210714
      ],
      [
       35.62783847301464,
       33.97251503226517
      ]
     ]
    ]
   },
   "properties": {
    "kind": "remove",
    "note": "",
    "source": "hand-drawn",
    "applied": "2026-09-09T09:39:02"
   }
  },
  {
   "type": "Feature",
   "geometry": {
    "type": "Polygon",
    "coordinates": [
     [
      [
       35.62803240245199,
       33.972715130480765
      ],
      [
       35.62802450997489,
       33.972700169882806
      ],
      [
       35.62803127495527,
       33.97269081950773
      ],
      [
       35.62804818740619,
       33.972683339206945
      ],
      [
       35.62804818740619,
       33.972671183716756
      ],
      [
       35.62807637482442,
       33.97265528807313
      ],
      [
       35.62808539479825,
       33.9726534179972
      ],
      [
       35.62809328727536,
       33.972656223111066
      ],
      [
       35.62810343474591,
       33.97267024867898
      ],
      [
       35.628098924759,
       33.972682404169305
      ],
      [
       35.62808088481133,
       33.97269081950773
      ],
      [
       35.62806960984405,
       33.97270110492023
      ],
      [
       35.628056079883294,
       33.972706715144724
      ],
      [
       35.62804480491601,
       33.97270578010735
      ],
      [
       35.628042549922554,
       33.97271232536886
      ],
      [
       35.62803240245199,
       33.972715130480765
      ]
     ]
    ]
   },
   "properties": {
    "kind": "remove",
    "note": "",
    "source": "hand-drawn",
    "applied": "2026-09-09T09:39:02"
   }
  },
  {
   "type": "Feature",
   "geometry": {
    "type": "Polygon",
    "coordinates": [
     [
      [
       35.62803179025651,
       33.97270662383251
      ],
      [
       35.62810420989991,
       33.9726888289004
      ],
      [
       35.628106892108924,
       33.97266658523008
      ],
      [
       35.6280666589737,
       33.97266213649532
      ],
      [
       35.62802910804749,
       33.97270217509983
      ],
      [
       35.62803179025651,
       33.97270662383251
      ]
     ]
    ]
   },
   "properties": {
    "kind": "add",
    "note": "",
    "source": "hand-drawn",
    "applied": "2026-09-09T09:39:02"
   }
  },
  {
   "type": "Feature",
   "geometry": {
    "type": "Polygon",
    "coordinates": [
     [
      [
       35.62694281339646,
       33.97313147672995
      ],
      [
       35.626966953277595,
       33.97313147672995
      ],
      [
       35.626972317695625,
       33.973107008819625
      ],
      [
       35.626945495605476,
       33.97310478446379
      ],
      [
       35.626945495605476,
       33.97314259850503
      ],
      [
       35.62694281339646,
       33.97313147672995
      ]
     ]
    ]
   },
   "properties": {
    "kind": "add",
    "note": "",
    "source": "hand-drawn",
    "applied": "2026-09-09T09:39:02"
   }
  },
  {
   "type": "Feature",
   "geometry": {
    "type": "Polygon",
    "coordinates": [
     [
      [
       35.628520498129674,
       33.971107016864224
      ],
      [
       35.628517117489864,
       33.97110421323379
      ],
      [
       35.62852162500961,
       33.97110327869031
      ],
      [
       35.628520498129674,
       33.97109954051625
      ],
      [
       35.62850697557044,
       33.97110047505977
      ],
      [
       35.62850134117076,
       33.97109486779842
      ],
      [
       35.62849570677108,
       33.97109580234202
      ],
      [
       35.62849908741088,
       33.97109767142914
      ],
      [
       35.62849683365101,
       33.97110234414681
      ],
      [
       35.62848894549146,
       33.971097671429135
      ],
      [
       35.62848669173159,
       33.97110140960329
      ],
      [
       35.62847091541248,
       33.97109954051624
      ],
      [
       35.62846978853254,
       33.97110514777728
      ],
      [
       35.62846077349305,
       33.971103278690315
      ],
      [
       35.62846190037299,
       33.97109580234199
      ],
      [
       35.628456265973306,
       33.97109393325483
      ],
      [
       35.628456265973306,
       33.97108458781834
      ],
      [
       35.628442743414084,
       33.97108645690572
      ],
      [
       35.628431474614715,
       33.97107804601217
      ],
      [
       35.62842584021503,
       33.97106776603004
      ],
      [
       35.628416825175535,
       33.97106496239832
      ],
      [
       35.628416825175535,
       33.9710509442384
      ],
      [
       35.628428093974904,
       33.97105094423841
      ],
      [
       35.62842696709497,
       33.97106402785441
      ],
      [
       35.628431474614715,
       33.97106683148614
      ],
      [
       35.628439362774266,
       33.97106028967861
      ],
      [
       35.62843034773477,
       33.97105000969433
      ],
      [
       35.6284810573319,
       33.97104440242966
      ],
      [
       35.62848556485165,
       33.97104159879718
      ],
      [
       35.62848218421184,
       33.971035991531956
      ],
      [
       35.62848556485165,
       33.971035991531956
      ],
      [
       35.62851824436981,
       33.97105000969433
      ],
      [
       35.62852162500961,
       33.97106028967861
      ],
      [
       35.62853064004911,
       33.97106215876653
      ],
      [
       35.62852725940929,
       33.97105655150265
      ],
      [
       35.62853852820866,
       33.971059355134635
      ],
      [
       35.628543035728406,
       33.971063093310484
      ],
      [
       35.628540781968525,
       33.971074307837
      ],
      [
       35.62854641636821,
       33.97108084964343
      ],
      [
       35.62853965508859,
       33.97109019508034
      ],
      [
       35.628544162608335,
       33.971096736885585
      ],
      [
       35.62853740132872,
       33.9710986059727
      ],
      [
       35.628536274448784,
       33.97109299871124
      ],
      [
       35.62852951316917,
       33.9710986059727
      ],
      [
       35.62853176692904,
       33.971103278690315
      ],
      [
       35.62852275188954,
       33.97110140960329
      ],
      [
       35.628520498129674,
       33.971107016864224
      ]
     ]
    ]
   },
   "properties": {
    "kind": "remove",
    "note": "",
    "source": "hand-drawn",
    "applied": "2026-09-09T09:39:02"
   }
  },
  {
   "type": "Feature",
   "geometry": {
    "type": "Polygon",
    "coordinates": [
     [
      [
       35.62848894549146,
       33.97113972587886
      ],
      [
       35.62848894549146,
       33.971131314990586
      ],
      [
       35.62850359493063,
       33.971129445904175
      ],
      [
       35.628504721810565,
       33.97111636229826
      ],
      [
       35.62850922933031,
       33.971118231384935
      ],
      [
       35.62852500564942,
       33.97111075503794
      ],
      [
       35.62853514756885,
       33.97111262412476
      ],
      [
       35.62853514756885,
       33.971117296841605
      ],
      [
       35.628528386289226,
       33.971118231384914
      ],
      [
       35.628528386289226,
       33.97112103501489
      ],
      [
       35.62853402068891,
       33.971121035014896
      ],
      [
       35.62853176692904,
       33.9711266422745
      ],
      [
       35.62852275188954,
       33.97112757681773
      ],
      [
       35.62852162500961,
       33.9711341186201
      ],
      [
       35.62851035621024,
       33.97113224953377
      ],
      [
       35.62848894549146,
       33.97113972587886
      ]
     ]
    ]
   },
   "properties": {
    "kind": "remove",
    "note": "",
    "source": "hand-drawn",
    "applied": "2026-09-09T09:39:02"
   }
  },
  {
   "type": "Feature",
   "geometry": {
    "type": "Polygon",
    "coordinates": [
     [
      [
       35.62854979700802,
       33.97117243488093
      ],
      [
       35.62854754324815,
       33.97116308945305
      ],
      [
       35.62855092388795,
       33.97115748219582
      ],
      [
       35.62854528948827,
       33.971150005852294
      ],
      [
       35.62854867012808,
       33.971143464051146
      ],
      [
       35.62856331956725,
       33.97114346405116
      ],
      [
       35.628556558287634,
       33.97114626768029
      ],
      [
       35.628556558287634,
       33.97115280948119
      ],
      [
       35.62857458836661,
       33.971161220367335
      ],
      [
       35.62859712596534,
       33.97115935128161
      ],
      [
       35.62860388724496,
       33.971154678567075
      ],
      [
       35.62861515604432,
       33.97115561311
      ],
      [
       35.62861402916438,
       33.97115841673872
      ],
      [
       35.62859036468573,
       33.971161220367335
      ],
      [
       35.62859036468573,
       33.971164958538694
      ],
      [
       35.628580222766296,
       33.97116402399588
      ],
      [
       35.62857684212649,
       33.971168696709896
      ],
      [
       35.62856331956725,
       33.97116402399588
      ],
      [
       35.62856444644719,
       33.971170565795425
      ],
      [
       35.62854979700802,
       33.97117243488093
      ]
     ]
    ]
   },
   "properties": {
    "kind": "remove",
    "note": "",
    "source": "hand-drawn",
    "applied": "2026-09-09T09:39:02"
   }
  },
  {
   "type": "Feature",
   "geometry": {
    "type": "Polygon",
    "coordinates": [
     [
      [
       35.628723336518206,
       33.97139859392238
      ],
      [
       35.62871995587839,
       33.971392986680684
      ],
      [
       35.628699672039545,
       33.97139205214037
      ],
      [
       35.62870417955929,
       33.97138924851935
      ],
      [
       35.62870305267935,
       33.97137803403437
      ],
      [
       35.62868953012011,
       33.9713761649534
      ],
      [
       35.62868502260037,
       33.971371492250775
      ],
      [
       35.62870079891948,
       33.971364015926056
      ],
      [
       35.62870417955929,
       33.97135747414138
      ],
      [
       35.6286951645198,
       33.97135747414138
      ],
      [
       35.62869291075994,
       33.971364015926056
      ],
      [
       35.62869178387999,
       33.97136027776346
      ],
      [
       35.628683895720435,
       33.971359343222794
      ],
      [
       35.62868953012011,
       33.97134906327465
      ],
      [
       35.6286827688405,
       33.97134625965222
      ],
      [
       35.62868614948031,
       33.97133878332528
      ],
      [
       35.62867826132075,
       33.9713359797025
      ],
      [
       35.628680515080625,
       33.971333176079646
      ],
      [
       35.628676007560884,
       33.971332241538676
      ],
      [
       35.62866586564145,
       33.9713144852582
      ],
      [
       35.628644454922664,
       33.971298598056734
      ],
      [
       35.62864332804273,
       33.971290187184174
      ],
      [
       35.62865234308222,
       33.97128831810126
      ],
      [
       35.62865008932235,
       33.9712827108523
      ],
      [
       35.62864332804273,
       33.97128364539384
      ],
      [
       35.62864332804273,
       33.97127990722769
      ],
      [
       35.62865346996216,
       33.97126682364491
      ],
      [
       35.628647835562475,
       33.97126682364491
      ],
      [
       35.62864670868254,
       33.97126215093628
      ],
      [
       35.62863769364305,
       33.971267758186606
      ],
      [
       35.62861515604432,
       33.97126495456148
      ],
      [
       35.62861402916438,
       33.97125000189264
      ],
      [
       35.628608394764704,
       33.97124532918311
      ],
      [
       35.62860388724496,
       33.971230376510825
      ],
      [
       35.6286050141249,
       33.97122009654712
      ],
      [
       35.62859712596534,
       33.97121822746267
      ],
      [
       35.62859712596534,
       33.971212620209066
      ],
      [
       35.628592618445595,
       33.97121075112448
      ],
      [
       35.62859712596534,
       33.97120981658216
      ],
      [
       35.628592618445595,
       33.97120140570081
      ],
      [
       35.62859825284528,
       33.97119392936114
      ],
      [
       35.628595999085405,
       33.97118551847822
      ],
      [
       35.62861853668413,
       33.97118551847822
      ],
      [
       35.62862755172362,
       33.971179911222485
      ],
      [
       35.62862191732394,
       33.97119019119105
      ],
      [
       35.628632059243365,
       33.97118738756338
      ],
      [
       35.62863882052298,
       33.971192060276124
      ],
      [
       35.628644454922664,
       33.97118925664851
      ],
      [
       35.62863882052298,
       33.971195798446104
      ],
      [
       35.62864332804273,
       33.97120327478564
      ],
      [
       35.62863769364305,
       33.97121355475137
      ],
      [
       35.6286331861233,
       33.97121448929367
      ],
      [
       35.628634313003246,
       33.97122196563152
      ],
      [
       35.62862642484368,
       33.97121542383592
      ],
      [
       35.628619663564066,
       33.971215423835915
      ],
      [
       35.628619663564066,
       33.97122103108933
      ],
      [
       35.628616282924256,
       33.97122103108932
      ],
      [
       35.62862867860356,
       33.97122757288449
      ],
      [
       35.62862642484368,
       33.9712331801371
      ],
      [
       35.628634313003246,
       33.97123504922121
      ],
      [
       35.62862529796375,
       33.97123504922121
      ],
      [
       35.62862191732394,
       33.97123972193132
      ],
      [
       35.6286331861233,
       33.9712415910153
      ],
      [
       35.62863769364305,
       33.971255609143775
      ],
      [
       35.62865008932235,
       33.9712518709764
      ],
      [
       35.62865685060196,
       33.97125560914376
      ],
      [
       35.628651216202286,
       33.97126028185276
      ],
      [
       35.62866248500164,
       33.97126308547803
      ],
      [
       35.628664738761515,
       33.97125841276921
      ],
      [
       35.628661358121704,
       33.97125280551826
      ],
      [
       35.628677134440814,
       33.971247198266965
      ],
      [
       35.628680515080625,
       33.97123972193132
      ],
      [
       35.62869065700005,
       33.971240656473306
      ],
      [
       35.62868840324018,
       33.971233180137105
      ],
      [
       35.6286951645198,
       33.971240656473285
      ],
      [
       35.628699672039545,
       33.971240656473306
      ],
      [
       35.628696291399734,
       33.97123504922121
      ],
      [
       35.62870305267935,
       33.97123318013709
      ],
      [
       35.62870305267935,
       33.971229441968724
      ],
      [
       35.62871094083891,
       33.97123878738932
      ],
      [
       35.628724463398136,
       33.97124346009923
      ],
      [
       35.628723336518206,
       33.97124906735077
      ],
      [
       35.62871206771884,
       33.97124252555726
      ],
      [
       35.62872220963827,
       33.97125934731099
      ],
      [
       35.62871206771884,
       33.971265889103194
      ],
      [
       35.62871882899846,
       33.97126962726996
      ],
      [
       35.628716575238585,
       33.971274299978184
      ],
      [
       35.62871094083891,
       33.971273365436545
      ],
      [
       35.628708687079026,
       33.97128271085229
      ],
      [
       35.62870192579941,
       33.97128271085231
      ],
      [
       35.62869854515961,
       33.97128644901832
      ],
      [
       35.628687276360246,
       33.97128364539383
      ],
      [
       35.62868164196056,
       33.97129299080846
      ],
      [
       35.62868502260037,
       33.97129953259809
      ],
      [
       35.62870079891948,
       33.97129579443264
      ],
      [
       35.62870079891948,
       33.97130140168072
      ],
      [
       35.6286951645198,
       33.97130046713942
      ],
      [
       35.62869065700005,
       33.971304205304634
      ],
      [
       35.62870079891948,
       33.97130513984594
      ],
      [
       35.62870417955929,
       33.9713098125522
      ],
      [
       35.62871432147871,
       33.97129953259809
      ],
      [
       35.628732351557694,
       33.97130140168074
      ],
      [
       35.628735732197505,
       33.97130887801095
      ],
      [
       35.62873009779782,
       33.971314485258205
      ],
      [
       35.628736859077435,
       33.97132289612836
      ],
      [
       35.62873347843763,
       33.97132663429261
      ],
      [
       35.62876165043604,
       33.97133037245668
      ],
      [
       35.62875263539655,
       33.97133411062062
      ],
      [
       35.62874700099687,
       33.97134252148882
      ],
      [
       35.62875038163668,
       33.971347194193044
      ],
      [
       35.62877179235546,
       33.971349063274666
      ],
      [
       35.628772919235395,
       33.97136401592606
      ],
      [
       35.628768411715654,
       33.971373361331864
      ],
      [
       35.628760523556096,
       33.97137429587239
      ],
      [
       35.628760523556096,
       33.9713668195479
      ],
      [
       35.62876728483572,
       33.97136401592606
      ],
      [
       35.628765031075844,
       33.97135467051924
      ],
      [
       35.628744747237,
       33.97136588500731
      ],
      [
       35.62873460531757,
       33.9713668195479
      ],
      [
       35.62872671715801,
       33.971362146844776
      ],
      [
       35.62872108275833,
       33.971368688629084
      ],
      [
       35.628723336518206,
       33.97138270673663
      ],
      [
       35.62873122467776,
       33.97138457581747
      ],
      [
       35.62873798595737,
       33.9713817721962
      ],
      [
       35.62874023971725,
       33.97138644489825
      ],
      [
       35.628739112837316,
       33.971389248519344
      ],
      [
       35.628723336518206,
       33.971388313979
      ],
      [
       35.628728970917884,
       33.971392052140374
      ],
      [
       35.628723336518206,
       33.97139859392238
      ]
     ]
    ]
   },
   "properties": {
    "kind": "remove",
    "note": "",
    "source": "hand-drawn",
    "applied": "2026-09-09T09:39:02"
   }
  },
  {
   "type": "Feature",
   "geometry": {
    "type": "Polygon",
    "coordinates": [
     [
      [
       35.62876728483572,
       33.97145936612733
      ],
      [
       35.62876277731598,
       33.97145469087171
      ],
      [
       35.628765031075844,
       33.97144347025718
      ],
      [
       35.62875939667616,
       33.97143505479531
      ],
      [
       35.62877855363508,
       33.971433184692536
      ],
      [
       35.62877855363508,
       33.97145188571822
      ],
      [
       35.628774046115346,
       33.97144627541093
      ],
      [
       35.628774046115346,
       33.97145843107623
      ],
      [
       35.62876728483572,
       33.97145936612733
      ]
     ]
    ]
   },
   "properties": {
    "kind": "remove",
    "note": "",
    "source": "hand-drawn",
    "applied": "2026-09-09T09:39:02"
   }
  },
  {
   "type": "Feature",
   "geometry": {
    "type": "Polygon",
    "coordinates": [
     [
      [
       35.62874023971725,
       33.97142757438404
      ],
      [
       35.628732351557694,
       33.971422899126665
      ],
      [
       35.62874249347712,
       33.971421029023645
      ],
      [
       35.62874249347712,
       33.97140980840466
      ],
      [
       35.628774046115346,
       33.97140980840466
      ],
      [
       35.62877855363508,
       33.97141541871434
      ],
      [
       35.6287853149147,
       33.97141541871433
      ],
      [
       35.62878193427489,
       33.971422899126665
      ],
      [
       35.62877968051502,
       33.97141728881746
      ],
      [
       35.628775172995276,
       33.97141822386904
      ],
      [
       35.628775172995276,
       33.97142757438404
      ],
      [
       35.62876615795578,
       33.97142383417816
      ],
      [
       35.62875826979623,
       33.97142663933258
      ],
      [
       35.628756016036355,
       33.971423834178175
      ],
      [
       35.62874023971725,
       33.97142757438404
      ]
     ]
    ]
   },
   "properties": {
    "kind": "remove",
    "note": "",
    "source": "hand-drawn",
    "applied": "2026-09-09T09:39:02"
   }
  },
  {
   "type": "Feature",
   "geometry": {
    "type": "Polygon",
    "coordinates": [
     [
      [
       35.628765031075844,
       33.97140887386452
      ],
      [
       35.628772919235395,
       33.97140793932437
      ],
      [
       35.628765031075844,
       33.97140607024405
      ],
      [
       35.62877179235546,
       33.97139485576129
      ],
      [
       35.628776299875206,
       33.97139952846261
      ],
      [
       35.62878193427489,
       33.971398593922366
      ],
      [
       35.62878306115483,
       33.971404201163686
      ],
      [
       35.62878982243444,
       33.97140420116369
      ],
      [
       35.62878418803476,
       33.971407004784226
      ],
      [
       35.628787568674575,
       33.97140887386452
      ],
      [
       35.628765031075844,
       33.97140887386452
      ]
     ]
    ]
   },
   "properties": {
    "kind": "remove",
    "note": "",
    "source": "hand-drawn",
    "applied": "2026-09-09T09:39:02"
   }
  },
  {
   "type": "Feature",
   "geometry": {
    "type": "Polygon",
    "coordinates": [
     [
      [
       35.62873122467776,
       33.97156596188581
      ],
      [
       35.62872559027807,
       33.971562221686014
      ],
      [
       35.628723336518206,
       33.97154071553402
      ],
      [
       35.628727844037954,
       33.971537910383375
      ],
      [
       35.628724463398136,
       33.971527624830166
      ],
      [
       35.62873122467776,
       33.97152668977981
      ],
      [
       35.628732351557694,
       33.97151453412428
      ],
      [
       35.628736859077435,
       33.971519209376616
      ],
      [
       35.628744747237,
       33.971520144427046
      ],
      [
       35.628749254756734,
       33.97151172897276
      ],
      [
       35.62875488915642,
       33.97151546917476
      ],
      [
       35.62875939667616,
       33.97151266402328
      ],
      [
       35.62876390419591,
       33.97152014442704
      ],
      [
       35.628774046115346,
       33.971505183618845
      ],
      [
       35.62876165043604,
       33.97150237846699
      ],
      [
       35.62878080739495,
       33.97150331351763
      ],
      [
       35.62878193427489,
       33.97153417018235
      ],
      [
       35.62878644179464,
       33.97154258563443
      ],
      [
       35.62877855363508,
       33.971543520684605
      ],
      [
       35.62877742675514,
       33.97156222168601
      ],
      [
       35.62877179235546,
       33.971563156735975
      ],
      [
       35.62876390419591,
       33.971556611386006
      ],
      [
       35.62876277731598,
       33.97156035158603
      ],
      [
       35.62875714291629,
       33.97156128663604
      ],
      [
       35.628743620357056,
       33.97155848148606
      ],
      [
       35.62873122467776,
       33.97156596188581
      ]
     ]
    ]
   },
   "properties": {
    "kind": "remove",
    "note": "",
    "source": "hand-drawn",
    "applied": "2026-09-09T09:39:02"
   }
  },
  {
   "type": "Feature",
   "geometry": {
    "type": "Polygon",
    "coordinates": [
     [
      [
       35.62876728483572,
       33.971591208230095
      ],
      [
       35.62877066547553,
       33.971585597932
      ],
      [
       35.62876390419591,
       33.97158559793199
      ],
      [
       35.62876728483572,
       33.971579987633554
      ],
      [
       35.62876390419591,
       33.97157718248418
      ],
      [
       35.62875939667616,
       33.97157998763355
      ],
      [
       35.62875826979623,
       33.97157437733473
      ],
      [
       35.62877066547553,
       33.97157531238456
      ],
      [
       35.628775172995276,
       33.97157905258377
      ],
      [
       35.62878080739495,
       33.97157437733473
      ],
      [
       35.62878080739495,
       33.971587468031395
      ],
      [
       35.62876728483572,
       33.971591208230095
      ]
     ]
    ]
   },
   "properties": {
    "kind": "remove",
    "note": "",
    "source": "hand-drawn",
    "applied": "2026-09-09T09:39:02"
   }
  },
  {
   "type": "Feature",
   "geometry": {
    "type": "Polygon",
    "coordinates": [
     [
      [
       35.62876165043604,
       33.97150144341637
      ],
      [
       35.62877179235546,
       33.971499573315086
      ],
      [
       35.62875376227648,
       33.97149957331509
      ],
      [
       35.628751508516615,
       33.971493027960236
      ],
      [
       35.628765031075844,
       33.97149302796023
      ],
      [
       35.62877066547553,
       33.971485547554074
      ],
      [
       35.62877968051502,
       33.97150050836574
      ],
      [
       35.62876165043604,
       33.97150144341637
      ]
     ]
    ]
   },
   "properties": {
    "kind": "remove",
    "note": "",
    "source": "hand-drawn",
    "applied": "2026-09-09T09:39:02"
   }
  },
  {
   "type": "Feature",
   "geometry": {
    "type": "Polygon",
    "coordinates": [
     [
      [
       35.62873798595737,
       33.971481807350756
      ],
      [
       35.62873798595737,
       33.9714705867398
      ],
      [
       35.628744747237,
       33.971464976433744
      ],
      [
       35.62876390419591,
       33.97146030117843
      ],
      [
       35.62877066547553,
       33.971462171280585
      ],
      [
       35.62876728483572,
       33.9714677815868
      ],
      [
       35.628760523556096,
       33.97146871663781
      ],
      [
       35.628756016036355,
       33.97147713209636
      ],
      [
       35.62875263539655,
       33.971475261994534
      ],
      [
       35.62875488915642,
       33.971471521790754
      ],
      [
       35.628749254756734,
       33.97147152179076
      ],
      [
       35.62873798595737,
       33.971481807350756
      ]
     ]
    ]
   },
   "properties": {
    "kind": "remove",
    "note": "",
    "source": "hand-drawn",
    "applied": "2026-09-09T09:39:02"
   }
  },
  {
   "type": "Feature",
   "geometry": {
    "type": "Polygon",
    "coordinates": [
     [
      [
       35.622953029688944,
       33.971143464051146
      ],
      [
       35.622919204787074,
       33.97113972587886
      ],
      [
       35.62293386224455,
       33.97113598770638
      ],
      [
       35.62292371477399,
       33.97112944590417
      ],
      [
       35.62293047975436,
       33.97112664227451
      ],
      [
       35.62293047975436,
       33.971119165928265
      ],
      [
       35.622937244734736,
       33.97111636229824
      ],
      [
       35.622944009715106,
       33.971121969558176
      ],
      [
       35.622944009715106,
       33.97113131499058
      ],
      [
       35.62293837223146,
       33.97113598770638
      ],
      [
       35.62295415718567,
       33.971140660421945
      ],
      [
       35.622953029688944,
       33.971143464051146
      ]
     ]
    ]
   },
   "properties": {
    "kind": "remove",
    "note": "",
    "source": "hand-drawn",
    "applied": "2026-09-09T09:39:02"
   }
  },
  {
   "type": "Feature",
   "geometry": {
    "type": "Polygon",
    "coordinates": [
     [
      [
       35.623016169505746,
       33.9711528094812
      ],
      [
       35.62298798208752,
       33.971149071309306
      ],
      [
       35.62297896211369,
       33.971144398594184
      ],
      [
       35.623008277028646,
       33.97114252950811
      ],
      [
       35.623016169505746,
       33.97114813676631
      ],
      [
       35.623016169505746,
       33.9711528094812
      ]
     ]
    ]
   },
   "properties": {
    "kind": "remove",
    "note": "",
    "source": "hand-drawn",
    "applied": "2026-09-09T09:39:02"
   }
  },
  {
   "type": "Feature",
   "geometry": {
    "type": "Polygon",
    "coordinates": [
     [
      [
       35.623172891551036,
       33.97220459858763
      ],
      [
       35.62317063655758,
       33.97219992337296
      ],
      [
       35.62317740153795,
       33.972194313115054
      ],
      [
       35.62318754900851,
       33.97219524815806
      ],
      [
       35.62318642151178,
       33.97218963789983
      ],
      [
       35.62319318649216,
       33.97218963789983
      ],
      [
       35.62319544148561,
       33.97218589772748
      ],
      [
       35.6231830390216,
       33.97218776781368
      ],
      [
       35.62318078402814,
       33.97217841738226
      ],
      [
       35.62318416651833,
       33.97217561225265
      ],
      [
       35.62319431398889,
       33.97218402764124
      ],
      [
       35.623204461459444,
       33.97218122251179
      ],
      [
       35.62320220646599,
       33.97218963789983
      ],
      [
       35.62320784394963,
       33.97218963789984
      ],
      [
       35.62320784394963,
       33.97219337807204
      ],
      [
       35.62318529401506,
       33.97219711824405
      ],
      [
       35.623172891551036,
       33.97220459858763
      ]
     ]
    ]
   },
   "properties": {
    "kind": "remove",
    "note": "",
    "source": "hand-drawn",
    "applied": "2026-09-09T09:39:02"
   }
  },
  {
   "type": "Feature",
   "geometry": {
    "type": "Polygon",
    "coordinates": [
     [
      [
       35.62317965653141,
       33.972470150357786
      ],
      [
       35.623172891551036,
       33.97246734523779
      ],
      [
       35.623172891551036,
       33.97245425467657
      ],
      [
       35.623157106596835,
       33.97245425467657
      ],
      [
       35.623157106596835,
       33.97244583931472
      ],
      [
       35.62317176405431,
       33.9724477093952
      ],
      [
       35.62317401904777,
       33.972443034193915
      ],
      [
       35.62318078402814,
       33.9724439692342
      ],
      [
       35.623205588956175,
       33.972435553871314
      ],
      [
       35.623212353936545,
       33.97242900858853
      ],
      [
       35.623212353936545,
       33.97242246330522
      ],
      [
       35.623220246413645,
       33.97242059322418
      ],
      [
       35.6232225014071,
       33.97241591802139
      ],
      [
       35.62320897144636,
       33.9724187231431
      ],
      [
       35.623206716452906,
       33.972416853061986
      ],
      [
       35.62321009894308,
       33.972413112899616
      ],
      [
       35.623220246413645,
       33.972413112899616
      ],
      [
       35.62321799142019,
       33.97240843769643
      ],
      [
       35.623221373910376,
       33.97240843769644
      ],
      [
       35.62323152138093,
       33.97241498298082
      ],
      [
       35.62324166885149,
       33.97243368379059
      ],
      [
       35.62324166885149,
       33.97243835899238
      ],
      [
       35.623236031367846,
       33.97243929403271
      ],
      [
       35.623236031367846,
       33.97245425467657
      ],
      [
       35.62322362890383,
       33.97245892987724
      ],
      [
       35.62321009894308,
       33.972458929877234
      ],
      [
       35.623211226439814,
       33.97244957947565
      ],
      [
       35.623206716452906,
       33.972447709395205
      ],
      [
       35.62320220646599,
       33.972450514515856
      ],
      [
       35.623203333962714,
       33.97244209915365
      ],
      [
       35.6231909314987,
       33.97244303419391
      ],
      [
       35.62318078402814,
       33.97244677435497
      ],
      [
       35.62318529401506,
       33.97245144955605
      ],
      [
       35.62318529401506,
       33.97246454011769
      ],
      [
       35.62318078402814,
       33.97246360507764
      ],
      [
       35.62317965653141,
       33.972470150357786
      ]
     ]
    ]
   },
   "properties": {
    "kind": "remove",
    "note": "",
    "source": "hand-drawn",
    "applied": "2026-09-09T09:39:02"
   }
  },
  {
   "type": "Feature",
   "geometry": {
    "type": "Polygon",
    "coordinates": [
     [
      [
       35.62318642151178,
       33.97258422515934
      ],
      [
       35.62317627404123,
       33.97256271926583
      ],
      [
       35.62317852903468,
       33.97254869368018
      ],
      [
       35.62324054135477,
       33.97254869368019
      ],
      [
       35.62323941385804,
       33.972553368875666
      ],
      [
       35.62324617883841,
       33.97255804407089
      ],
      [
       35.62324505134168,
       33.97254869368019
      ],
      [
       35.62325181632205,
       33.972548693680196
      ],
      [
       35.62324843383186,
       33.972554303914734
      ],
      [
       35.62325181632205,
       33.972554303914706
      ],
      [
       35.623252943818784,
       33.97256645942163
      ],
      [
       35.62324392384495,
       33.9725655243827
      ],
      [
       35.62323941385804,
       33.97257300469386
      ],
      [
       35.623228138890745,
       33.97256739446055
      ],
      [
       35.62321573642673,
       33.97257300469386
      ],
      [
       35.623212353936545,
       33.972573004693864
      ],
      [
       35.623212353936545,
       33.97256832949945
      ],
      [
       35.62319544148561,
       33.97256832949944
      ],
      [
       35.623197696479075,
       33.97256178422687
      ],
      [
       35.623204461459444,
       33.9725636543048
      ],
      [
       35.62321573642673,
       33.9725599141489
      ],
      [
       35.62321573642673,
       33.972554303914734
      ],
      [
       35.62319318649216,
       33.97255897910989
      ],
      [
       35.62319431398889,
       33.972568329499445
      ],
      [
       35.623188676505244,
       33.972573939732705
      ],
      [
       35.6231909314987,
       33.97258329012062
      ],
      [
       35.62318642151178,
       33.97258422515934
      ]
     ]
    ]
   },
   "properties": {
    "kind": "remove",
    "note": "",
    "source": "hand-drawn",
    "applied": "2026-09-09T09:39:02"
   }
  },
  {
   "type": "Feature",
   "geometry": {
    "type": "Polygon",
    "coordinates": [
     [
      [
       35.62070254621833,
       33.97132569975157
      ],
      [
       35.62070254621833,
       33.97132009250507
      ],
      [
       35.62071043869543,
       33.97131822342281
      ],
      [
       35.62071607617908,
       33.97131074709342
      ],
      [
       35.62072622364964,
       33.97131074709342
      ],
      [
       35.620727351146364,
       33.97130700892846
      ],
      [
       35.620735243623464,
       33.971306074387215
      ],
      [
       35.62072509615291,
       33.97132196158728
      ],
      [
       35.62070254621833,
       33.97132569975157
      ]
     ]
    ]
   },
   "properties": {
    "kind": "remove",
    "note": "",
    "source": "hand-drawn",
    "applied": "2026-09-09T09:39:02"
   }
  },
  {
   "type": "Feature",
   "geometry": {
    "type": "Polygon",
    "coordinates": [
     [
      [
       35.620736371120195,
       33.97123598376326
      ],
      [
       35.62072622364964,
       33.97122196563152
      ],
      [
       35.620727351146364,
       33.97120047115839
      ],
      [
       35.62073186113328,
       33.97119579844612
      ],
      [
       35.62074200860384,
       33.97119673298861
      ],
      [
       35.62074764608749,
       33.97120607841278
      ],
      [
       35.62074990108094,
       33.97120140570081
      ],
      [
       35.62074313610058,
       33.97119299481864
      ],
      [
       35.620752156074396,
       33.97119206027612
      ],
      [
       35.620760048551496,
       33.971197667531065
      ],
      [
       35.62076117604823,
       33.97121075112449
      ],
      [
       35.620753283571126,
       33.97122103108932
      ],
      [
       35.62073975361039,
       33.97121916200489
      ],
      [
       35.62074088110711,
       33.97122757288448
      ],
      [
       35.62075102857767,
       33.97122290017372
      ],
      [
       35.62075102857767,
       33.971229441968724
      ],
      [
       35.62074764608749,
       33.97123411467917
      ],
      [
       35.620736371120195,
       33.97123598376326
      ]
     ]
    ]
   },
   "properties": {
    "kind": "remove",
    "note": "",
    "source": "hand-drawn",
    "applied": "2026-09-09T09:39:02"
   }
  },
  {
   "type": "Feature",
   "geometry": {
    "type": "Polygon",
    "coordinates": [
     [
      [
       35.62106560016499,
       33.971169631252664
      ],
      [
       35.621057707687896,
       33.971157482195814
      ],
      [
       35.62105996268135,
       33.97115187493823
      ],
      [
       35.621064472668266,
       33.97115187493823
      ],
      [
       35.621064472668266,
       33.97113224953378
      ],
      [
       35.6210734926421,
       33.97112944590418
      ],
      [
       35.62107800262901,
       33.97113224953376
      ],
      [
       35.62107800262901,
       33.97113879133577
      ],
      [
       35.62108364011266,
       33.97113972587886
      ],
      [
       35.62108702260284,
       33.97112944590418
      ],
      [
       35.62109942506686,
       33.97112851136098
      ],
      [
       35.62110055256359,
       33.97113692224953
      ],
      [
       35.62109378758322,
       33.971145333137244
      ],
      [
       35.621103935053775,
       33.971154678567075
      ],
      [
       35.62110844504069,
       33.971154678567075
      ],
      [
       35.621105062550505,
       33.97114159496503
      ],
      [
       35.62110844504069,
       33.971135053163245
      ],
      [
       35.621103935053775,
       33.97113318407693
      ],
      [
       35.62110280755705,
       33.97112664227451
      ],
      [
       35.62111070003415,
       33.97112383864474
      ],
      [
       35.621119720007975,
       33.97112664227452
      ],
      [
       35.62112197500143,
       33.97113692224954
      ],
      [
       35.621118592511245,
       33.971147202223285
      ],
      [
       35.62112310249816,
       33.97115374402413
      ],
      [
       35.62111746501452,
       33.97116122036735
      ],
      [
       35.62111070003415,
       33.97115841673872
      ],
      [
       35.62109829757013,
       33.97116308945305
      ],
      [
       35.62108702260284,
       33.971162154910196
      ],
      [
       35.62108364011266,
       33.971166827624316
      ],
      [
       35.62106560016499,
       33.971169631252664
      ]
     ]
    ]
   },
   "properties": {
    "kind": "remove",
    "note": "",
    "source": "hand-drawn",
    "applied": "2026-09-09T09:39:02"
   }
  },
  {
   "type": "Feature",
   "geometry": {
    "type": "Polygon",
    "coordinates": [
     [
      [
       35.62110619004724,
       33.971409808404644
      ],
      [
       35.621103935053775,
       33.971403266623504
      ],
      [
       35.621119720007975,
       33.97139765938211
      ],
      [
       35.62112310249816,
       33.971392986680684
      ],
      [
       35.621119720007975,
       33.971391117600035
      ],
      [
       35.62112986747853,
       33.97138644489825
      ],
      [
       35.62113663245891,
       33.97138644489822
      ],
      [
       35.62113775995563,
       33.97139018305971
      ],
      [
       35.621159182393484,
       33.97138644489825
      ],
      [
       35.62117271235423,
       33.97140513570386
      ],
      [
       35.621167074870584,
       33.971409808404644
      ],
      [
       35.62110619004724,
       33.971409808404644
      ]
     ]
    ]
   },
   "properties": {
    "kind": "remove",
    "note": "",
    "source": "hand-drawn",
    "applied": "2026-09-09T09:39:02"
   }
  },
  {
   "type": "Feature",
   "geometry": {
    "type": "Polygon",
    "coordinates": [
     [
      [
       35.62066107988358,
       33.97133195436204
      ],
      [
       35.62073081731797,
       33.97131415914229
      ],
      [
       35.620738863945014,
       33.971300812725026
      ],
      [
       35.620733499526985,
       33.97129413951562
      ],
      [
       35.62064230442048,
       33.971320832350116
      ],
      [
       35.62065303325654,
       33.97132750555744
      ],
      [
       35.62066107988358,
       33.97133195436204
      ]
     ]
    ]
   },
   "properties": {
    "kind": "add",
    "note": "",
    "source": "hand-drawn",
    "applied": "2026-09-09T09:39:02"
   }
  },
  {
   "type": "Feature",
   "geometry": {
    "type": "Polygon",
    "coordinates": [
     [
      [
       35.621127784252174,
       33.97143872560234
      ],
      [
       35.6211680173874,
       33.971423154804825
      ],
      [
       35.62115192413331,
       33.97139201320119
      ],
      [
       35.621117055416114,
       33.97139646200241
      ],
      [
       35.621111690998084,
       33.97141870600498
      ],
      [
       35.62112510204316,
       33.971434276803336
      ],
      [
       35.621127784252174,
       33.97143872560234
      ]
     ]
    ]
   },
   "properties": {
    "kind": "add",
    "note": "",
    "source": "hand-drawn",
    "applied": "2026-09-09T09:39:02"
   }
  },
  {
   "type": "Feature",
   "geometry": {
    "type": "Polygon",
    "coordinates": [
     [
      [
       35.62097758054734,
       33.97122740739266
      ],
      [
       35.621111690998084,
       33.97119181690567
      ],
      [
       35.621122419834144,
       33.971178470469226
      ],
      [
       35.621117055416114,
       33.97112508470244
      ],
      [
       35.621095597743995,
       33.971122860294756
      ],
      [
       35.62106609344483,
       33.97113843114729
      ],
      [
       35.62104463577271,
       33.97118736809377
      ],
      [
       35.62098294496537,
       33.97120071452882
      ],
      [
       35.62097221612931,
       33.9712207341775
      ],
      [
       35.62097758054734,
       33.97122740739266
      ]
     ]
    ]
   },
   "properties": {
    "kind": "add",
    "note": "",
    "source": "hand-drawn",
    "applied": "2026-09-09T09:39:02"
   }
  },
  {
   "type": "Feature",
   "geometry": {
    "type": "Polygon",
    "coordinates": [
     [
      [
       35.62008242301752,
       33.97195868194821
      ],
      [
       35.62007904052734,
       33.971895098823055
      ],
      [
       35.62008355051425,
       33.97184928154164
      ],
      [
       35.62008693300444,
       33.971855826869046
      ],
      [
       35.62009031549463,
       33.971853956775554
      ],
      [
       35.62009257048808,
       33.97185769696253
      ],
      [
       35.620101590461914,
       33.97185863200924
      ],
      [
       35.6201049729521,
       33.97185582686907
      ],
      [
       35.620110610435745,
       33.97186330724264
      ],
      [
       35.62011737541612,
       33.97186237219599
      ],
      [
       35.620127522886676,
       33.97186985256899
      ],
      [
       35.62015007282125,
       33.97187078761558
      ],
      [
       35.62016022029181,
       33.97188481331303
      ],
      [
       35.62016360278199,
       33.971884813313046
      ],
      [
       35.620165857775454,
       33.971878267987854
      ],
      [
       35.62017036776237,
       33.971878267987854
      ],
      [
       35.620176005246016,
       33.97188761845226
      ],
      [
       35.62016811276891,
       33.97189042359138
      ],
      [
       35.620166985272185,
       33.9718988390082
      ],
      [
       35.62016134778853,
       33.97189883900821
      ],
      [
       35.62015683780162,
       33.971917539931475
      ],
      [
       35.62015120031798,
       33.97191473479325
      ],
      [
       35.62015458280816,
       33.971919410023574
      ],
      [
       35.62013090537686,
       33.97192408525364
      ],
      [
       35.620132032873585,
       33.971927825437525
      ],
      [
       35.62012526789322,
       33.97193063057531
      ],
      [
       35.62012188540303,
       33.97193904598816
      ],
      [
       35.62011624791939,
       33.97194185112558
      ],
      [
       35.62011624791939,
       33.97193811094233
      ],
      [
       35.62011399292594,
       33.97193811094233
      ],
      [
       35.62011512042266,
       33.971942786171354
      ],
      [
       35.620111737932476,
       33.97194278617136
      ],
      [
       35.620110610435745,
       33.971938110942325
      ],
      [
       35.62010610044883,
       33.971939045988165
      ],
      [
       35.62010271795864,
       33.971947461400156
      ],
      [
       35.62009595297827,
       33.971946526354415
      ],
      [
       35.620101590461914,
       33.971942786171354
      ],
      [
       35.62009933546845,
       33.97193717589647
      ],
      [
       35.62009031549463,
       33.971938110942325
      ],
      [
       35.620085805507706,
       33.97195307167436
      ],
      [
       35.62008806050117,
       33.971958681948195
      ],
      [
       35.62008242301752,
       33.97195868194821
      ]
     ]
    ]
   },
   "properties": {
    "kind": "remove",
    "note": "",
    "source": "hand-drawn",
    "applied": "2026-09-09T09:39:02"
   }
  },
  {
   "type": "Feature",
   "geometry": {
    "type": "Polygon",
    "coordinates": [
     [
      [
       35.62030566736982,
       33.97197925294909
      ],
      [
       35.620238017566095,
       33.9719783179037
      ],
      [
       35.620238017566095,
       33.97197083754024
      ],
      [
       35.620228997592264,
       33.971968032403765
      ],
      [
       35.620238017566095,
       33.971962422130545
      ],
      [
       35.620238017566095,
       33.97195587681133
      ],
      [
       35.62024252755301,
       33.97195587681132
      ],
      [
       35.62023914506282,
       33.97194839644588
      ],
      [
       35.62024027255955,
       33.971942786171354
      ],
      [
       35.62023463507591,
       33.97194091607975
      ],
      [
       35.62024027255955,
       33.97193624085063
      ],
      [
       35.620238017566095,
       33.97192408525365
      ],
      [
       35.62025605751375,
       33.971927825437525
      ],
      [
       35.620252675023565,
       33.97192128011564
      ],
      [
       35.6202459100432,
       33.97192128011564
      ],
      [
       35.6202459100432,
       33.97191660488541
      ],
      [
       35.62025605751375,
       33.97191005956265
      ],
      [
       35.62027296996468,
       33.97191473479324
      ],
      [
       35.62027860744832,
       33.97192689039155
      ],
      [
       35.62029100991234,
       33.9719306305753
      ],
      [
       35.620302284879635,
       33.97193998103396
      ],
      [
       35.62030566736982,
       33.97193998103397
      ],
      [
       35.62030341237636,
       33.97193624085064
      ],
      [
       35.620310177356735,
       33.971939045988165
      ],
      [
       35.62032145232401,
       33.97194839644588
      ],
      [
       35.62032032482728,
       33.971951201582996
      ],
      [
       35.620315814840374,
       33.971946526354415
      ],
      [
       35.62030566736982,
       33.97194559130867
      ],
      [
       35.62030566736982,
       33.971949331491594
      ],
      [
       35.620311304853466,
       33.971951201582996
      ],
      [
       35.62029777489271,
       33.97195026653729
      ],
      [
       35.62029551989926,
       33.971956811856955
      ],
      [
       35.620315814840374,
       33.97195587681133
      ],
      [
       35.62031355984692,
       33.971963357176115
      ],
      [
       35.62032032482728,
       33.971968032403765
      ],
      [
       35.62034287476187,
       33.97196709735826
      ],
      [
       35.62032708980766,
       33.971969902494756
      ],
      [
       35.62032821730439,
       33.97197457772206
      ],
      [
       35.62031468734365,
       33.97197457772205
      ],
      [
       35.62030566736982,
       33.97197925294909
      ]
     ]
    ]
   },
   "properties": {
    "kind": "remove",
    "note": "",
    "source": "hand-drawn",
    "applied": "2026-09-09T09:39:02"
   }
  },
  {
   "type": "Feature",
   "geometry": {
    "type": "Polygon",
    "coordinates": [
     [
      [
       35.620311304853466,
       33.97202974538476
      ],
      [
       35.62031243235019,
       33.97201758980112
      ],
      [
       35.62032032482728,
       33.972012914576204
      ],
      [
       35.62031919733056,
       33.97201010944112
      ],
      [
       35.62030453987309,
       33.97201384962118
      ],
      [
       35.62030453987309,
       33.97202039493596
      ],
      [
       35.62029777489271,
       33.97202320007071
      ],
      [
       35.62029213740907,
       33.97202320007071
      ],
      [
       35.62028086244178,
       33.97201384962122
      ],
      [
       35.620275224958135,
       33.9720147846662
      ],
      [
       35.620275224958135,
       33.97202039493597
      ],
      [
       35.62027071497123,
       33.97202039493597
      ],
      [
       35.62025605751375,
       33.97201197953118
      ],
      [
       35.620252675023565,
       33.97200169403531
      ],
      [
       35.62025493001702,
       33.97199327862867
      ],
      [
       35.62027973494506,
       33.971982993130545
      ],
      [
       35.62028086244178,
       33.9719792529491
      ],
      [
       35.62034625725205,
       33.9719792529491
      ],
      [
       35.620339492271675,
       33.97198953844767
      ],
      [
       35.62034174726514,
       33.972008239351
      ],
      [
       35.62033723727822,
       33.9720129145762
      ],
      [
       35.62032596231093,
       33.97201478466619
      ],
      [
       35.620330472297844,
       33.972026005205365
      ],
      [
       35.620311304853466,
       33.97202974538476
      ]
     ]
    ]
   },
   "properties": {
    "kind": "remove",
    "note": "",
    "source": "hand-drawn",
    "applied": "2026-09-09T09:39:02"
   }
  },
  {
   "type": "Feature",
   "geometry": {
    "type": "Polygon",
    "coordinates": [
     [
      [
       35.62020510435105,
       33.97191919452469
      ],
      [
       35.62029629945756,
       33.97197257979294
      ],
      [
       35.62032043933869,
       33.97196590663623
      ],
      [
       35.62032043933869,
       33.971950335935226
      ],
      [
       35.620223879814155,
       33.97189027749041
      ],
      [
       35.62019973993302,
       33.971912521363805
      ],
      [
       35.62020510435105,
       33.97191919452469
      ]
     ]
    ]
   },
   "properties": {
    "kind": "add",
    "note": "",
    "source": "hand-drawn",
    "applied": "2026-09-09T09:39:02"
   }
  },
  {
   "type": "Feature",
   "geometry": {
    "type": "Polygon",
    "coordinates": [
     [
      [
       35.61980545520783,
       33.972137184159
      ],
      [
       35.6198537349701,
       33.972137184159
      ],
      [
       35.61986446380616,
       33.97212606225242
      ],
      [
       35.61984300613404,
       33.97210604281689
      ],
      [
       35.61981618404389,
       33.97209936967068
      ],
      [
       35.6198000907898,
       33.97210826719885
      ],
      [
       35.6198000907898,
       33.97212828663384
      ],
      [
       35.61980545520783,
       33.972137184159
      ]
     ]
    ]
   },
   "properties": {
    "kind": "add",
    "note": "",
    "source": "hand-drawn",
    "applied": "2026-09-09T09:39:02"
   }
  },
  {
   "type": "Feature",
   "geometry": {
    "type": "Polygon",
    "coordinates": [
     [
      [
       35.62015682458878,
       33.97189250187802
      ],
      [
       35.6201058626175,
       33.9718724823875
      ],
      [
       35.62006294727326,
       33.97193698961783
      ],
      [
       35.620070993900306,
       33.97196590663623
      ],
      [
       35.620108544826515,
       33.97197702856378
      ],
      [
       35.62014877796174,
       33.97202151625937
      ],
      [
       35.6201782822609,
       33.972023740643536
      ],
      [
       35.62017291784287,
       33.97200149679923
      ],
      [
       35.62014609575272,
       33.97197925294909
      ],
      [
       35.62014877796174,
       33.97195256032128
      ],
      [
       35.620124638080604,
       33.97193254084488
      ],
      [
       35.62014877796174,
       33.971896950653026
      ],
      [
       35.62015682458878,
       33.97189250187802
      ]
     ]
    ]
   },
   "properties": {
    "kind": "add",
    "note": "",
    "source": "hand-drawn",
    "applied": "2026-09-09T09:39:02"
   }
  },
  {
   "type": "Feature",
   "geometry": {
    "type": "Polygon",
    "coordinates": [
     [
      [
       35.61970809410357,
       33.97144908056463
      ],
      [
       35.61969907412975,
       33.97144534035969
      ],
      [
       35.61969118165265,
       33.97144814551341
      ],
      [
       35.61968892665919,
       33.97144253520588
      ],
      [
       35.619681034182086,
       33.97144534035969
      ],
      [
       35.619670886711525,
       33.971443470257185
      ],
      [
       35.6196618667377,
       33.97143692489801
      ],
      [
       35.61966637672461,
       33.97142944448691
      ],
      [
       35.61964382679003,
       33.97142009397212
      ],
      [
       35.61964382679003,
       33.97141354861115
      ],
      [
       35.61965961174424,
       33.971418223869016
      ],
      [
       35.61966073924096,
       33.97140980840466
      ],
      [
       35.61967539669844,
       33.97140980840464
      ],
      [
       35.61967426920171,
       33.97142476922963
      ],
      [
       35.619685544169,
       33.97143131458974
      ],
      [
       35.619686671665725,
       33.97142196407516
      ],
      [
       35.61969569163956,
       33.97142009397213
      ],
      [
       35.61969230914937,
       33.97140980840466
      ],
      [
       35.6197250065545,
       33.97140980840465
      ],
      [
       35.61972951654142,
       33.971422899126665
      ],
      [
       35.61972162406432,
       33.97143224964115
      ],
      [
       35.619726134051234,
       33.97143785994935
      ],
      [
       35.61970583911011,
       33.9714453403597
      ],
      [
       35.61970809410357,
       33.97144908056463
      ]
     ]
    ]
   },
   "properties": {
    "kind": "remove",
    "note": "",
    "source": "hand-drawn",
    "applied": "2026-09-09T09:39:02"
   }
  },
  {
   "type": "Feature",
   "geometry": {
    "type": "Polygon",
    "coordinates": [
     [
      [
       35.618811734204215,
       33.97159401337898
      ],
      [
       35.618804969223845,
       33.97158933813075
      ],
      [
       35.618797076746745,
       33.971589338130755
      ],
      [
       35.61878918426964,
       33.971582792782826
      ],
      [
       35.61878918426964,
       33.97157718248418
      ],
      [
       35.6187756543089,
       33.97157811753399
      ],
      [
       35.61877227181871,
       33.9715706371353
      ],
      [
       35.61877678180563,
       33.971564091785915
      ],
      [
       35.618783546786,
       33.97156502683586
      ],
      [
       35.618783546786,
       33.97157063713531
      ],
      [
       35.61879482175328,
       33.97156783198564
      ],
      [
       35.618811734204215,
       33.97154445573475
      ],
      [
       35.61884104911916,
       33.97154445573476
      ],
      [
       35.61885119658972,
       33.971555676335996
      ],
      [
       35.61884781409953,
       33.971585597932
      ],
      [
       35.61883879412571,
       33.97159401337898
      ],
      [
       35.618811734204215,
       33.97159401337898
      ]
     ]
    ]
   },
   "properties": {
    "kind": "remove",
    "note": "",
    "source": "hand-drawn",
    "applied": "2026-09-09T09:39:02"
   }
  },
  {
   "type": "Feature",
   "geometry": {
    "type": "Polygon",
    "coordinates": [
     [
      [
       35.618954926288765,
       33.971486482604874
      ],
      [
       35.61895041630186,
       33.971479002198144
      ],
      [
       35.61894139632802,
       33.9714808722999
      ],
      [
       35.61893688634111,
       33.971476197045455
      ],
      [
       35.618947033811665,
       33.971461236229516
      ],
      [
       35.61894365132148,
       33.971458431076236
      ],
      [
       35.61893688634111,
       33.97146030117843
      ],
      [
       35.61893237635419,
       33.971452820769386
      ],
      [
       35.61892222888363,
       33.97145375582056
      ],
      [
       35.61892561137382,
       33.97146030117844
      ],
      [
       35.618923356380364,
       33.971467781586796
      ],
      [
       35.61890306143924,
       33.9714696516888
      ],
      [
       35.61888727648505,
       33.971459366127334
      ],
      [
       35.61888840398177,
       33.9714453403597
      ],
      [
       35.61890306143924,
       33.97143037953833
      ],
      [
       35.61889967894906,
       33.971422899126665
      ],
      [
       35.6189053164327,
       33.97141728881747
      ],
      [
       35.61891095391635,
       33.971421029023645
      ],
      [
       35.61891771889672,
       33.97141635376591
      ],
      [
       35.61891433640653,
       33.97142289912666
      ],
      [
       35.61891771889672,
       33.97142383417814
      ],
      [
       35.61892786636728,
       33.97141728881747
      ],
      [
       35.61892673887055,
       33.97140980840466
      ],
      [
       35.61894139632802,
       33.97140980840465
      ],
      [
       35.618939141334565,
       33.97141541871434
      ],
      [
       35.618931248857464,
       33.97141728881746
      ],
      [
       35.61893237635419,
       33.971422899126665
      ],
      [
       35.61895154379858,
       33.97143505479529
      ],
      [
       35.618957181282234,
       33.971446275410955
      ],
      [
       35.61896845624951,
       33.97145282076939
      ],
      [
       35.61896507375933,
       33.97146497643375
      ],
      [
       35.6189718387397,
       33.97146871663781
      ],
      [
       35.61896732875278,
       33.97147245684171
      ],
      [
       35.61896056377241,
       33.97146591148478
      ],
      [
       35.618957181282234,
       33.9714724568417
      ],
      [
       35.61896507375933,
       33.9714827424016
      ],
      [
       35.618954926288765,
       33.971486482604874
      ]
     ]
    ]
   },
   "properties": {
    "kind": "remove",
    "note": "",
    "source": "hand-drawn",
    "applied": "2026-09-09T09:39:02"
   }
  },
  {
   "type": "Feature",
   "geometry": {
    "type": "Polygon",
    "coordinates": [
     [
      [
       35.61888813972474,
       33.971454296397006
      ],
      [
       35.618947148323066,
       33.97147876478289
      ],
      [
       35.61898201704026,
       33.97144762319964
      ],
      [
       35.618941783905036,
       33.97142537920462
      ],
      [
       35.61890959739686,
       33.97142093040493
      ],
      [
       35.61887204647065,
       33.971465418391475
      ],
      [
       35.61888813972474,
       33.971454296397006
      ]
     ]
    ]
   },
   "properties": {
    "kind": "add",
    "note": "",
    "source": "hand-drawn",
    "applied": "2026-09-09T09:39:02"
   }
  },
  {
   "type": "Feature",
   "geometry": {
    "type": "Polygon",
    "coordinates": [
     [
      [
       35.619877874851234,
       33.9713408519705
      ],
      [
       35.619950294494636,
       33.97134752517625
      ],
      [
       35.61993688344956,
       33.97131860794755
      ],
      [
       35.61989128589631,
       33.97131415914229
      ],
      [
       35.61988592147828,
       33.97133195436204
      ],
      [
       35.619877874851234,
       33.9713408519705
      ]
     ]
    ]
   },
   "properties": {
    "kind": "add",
    "note": "",
    "source": "hand-drawn",
    "applied": "2026-09-09T09:39:02"
   }
  },
  {
   "type": "Feature",
   "geometry": {
    "type": "Polygon",
    "coordinates": [
     [
      [
       35.61939014002606,
       33.972768427589585
      ],
      [
       35.61938112005223,
       33.97276188233242
      ],
      [
       35.61938675753588,
       33.97275814218523
      ],
      [
       35.61937435507186,
       33.97274972685348
      ],
      [
       35.61936646259476,
       33.97274879181655
      ],
      [
       35.61937097258167,
       33.97274411663182
      ],
      [
       35.619358570117654,
       33.97272354581595
      ],
      [
       35.619357442620924,
       33.97271139033152
      ],
      [
       35.61935180513728,
       33.972709520256835
      ],
      [
       35.6193563151242,
       33.97269829980786
      ],
      [
       35.61935293263401,
       33.97268801439501
      ],
      [
       35.619360825111116,
       33.97268146913165
      ],
      [
       35.619360825111116,
       33.97266650852776
      ],
      [
       35.619367590091485,
       33.9726683786034
      ],
      [
       35.61937097258167,
       33.97266463845208
      ],
      [
       35.619368717588216,
       33.972655288073135
      ],
      [
       35.619376610065316,
       33.97265996326274
      ],
      [
       35.61938450254242,
       33.97264967784525
      ],
      [
       35.619392395019524,
       33.97265061288325
      ],
      [
       35.61939014002606,
       33.972768427589585
      ]
     ]
    ]
   },
   "properties": {
    "kind": "remove",
    "note": "",
    "source": "hand-drawn",
    "applied": "2026-09-09T09:39:02"
   }
  },
  {
   "type": "Feature",
   "geometry": {
    "type": "Polygon",
    "coordinates": [
     [
      [
       35.61940848827363,
       33.97264434155394
      ],
      [
       35.619467496871955,
       33.972659912127845
      ],
      [
       35.619475543499,
       33.97268438016682
      ],
      [
       35.61938166618348,
       33.97273331622361
      ],
      [
       35.61934411525727,
       33.972713296931055
      ],
      [
       35.619341433048255,
       33.97269550200038
      ],
      [
       35.61941117048264,
       33.97263544408185
      ],
      [
       35.61940848827363,
       33.97264434155394
      ]
     ]
    ]
   },
   "properties": {
    "kind": "add",
    "note": "",
    "source": "hand-drawn",
    "applied": "2026-09-09T09:39:02"
   }
  },
  {
   "type": "Feature",
   "geometry": {
    "type": "Polygon",
    "coordinates": [
     [
      [
       35.6192770600319,
       33.97261764913489
      ],
      [
       35.61933875083924,
       33.97261542476624
      ],
      [
       35.61933875083924,
       33.972575386120894
      ],
      [
       35.61928242444993,
       33.972570937381356
      ],
      [
       35.61927169561387,
       33.97258428359928
      ],
      [
       35.6192770600319,
       33.97261320039757
      ],
      [
       35.6192770600319,
       33.97261764913489
      ]
     ]
    ]
   },
   "properties": {
    "kind": "add",
    "note": "",
    "source": "hand-drawn",
    "applied": "2026-09-09T09:39:02"
   }
  },
  {
   "type": "Feature",
   "geometry": {
    "type": "Polygon",
    "coordinates": [
     [
      [
       35.61998433080212,
       33.97320228351355
      ],
      [
       35.61996854584791,
       33.97319293319372
      ],
      [
       35.61995952587408,
       33.973191998161674
      ],
      [
       35.61991442600493,
       33.97319480325776
      ],
      [
       35.61990427853437,
       33.9732013484816
      ],
      [
       35.619879473606346,
       33.973200413449675
      ],
      [
       35.619871581129246,
       33.97318732300129
      ],
      [
       35.619871581129246,
       33.973178907712004
      ],
      [
       35.61988285609654,
       33.97317703764761
      ],
      [
       35.61988285609654,
       33.9731732975187
      ],
      [
       35.619897513554,
       33.973173297518684
      ],
      [
       35.61989638605728,
       33.97316955738959
      ],
      [
       35.61990315103765,
       33.97316301216328
      ],
      [
       35.619908788521286,
       33.97316768732498
      ],
      [
       35.61992344597876,
       33.97316768732498
      ],
      [
       35.61991217101148,
       33.973175167583165
      ],
      [
       35.619935848442786,
       33.97317423255094
      ],
      [
       35.619935848442786,
       33.97318732300129
      ],
      [
       35.619949378403525,
       33.9731882580334
      ],
      [
       35.61995388839044,
       33.97318451790497
      ],
      [
       35.61996967334464,
       33.9731826478407
      ],
      [
       35.61996967334464,
       33.973178907712004
      ],
      [
       35.61996178086754,
       33.973175167583165
      ],
      [
       35.61996178086754,
       33.97316955738959
      ],
      [
       35.61996967334464,
       33.97316768732499
      ],
      [
       35.6199719283381,
       33.97315646693648
      ],
      [
       35.61999335077595,
       33.97315272680665
      ],
      [
       35.620013645717066,
       33.97315646693648
      ],
      [
       35.62001590071052,
       33.973162077130915
      ],
      [
       35.62002379318762,
       33.97316581726032
      ],
      [
       35.62000349824652,
       33.973171427454155
      ],
      [
       35.62000800823343,
       33.97318171280854
      ],
      [
       35.62000349824652,
       33.97319106312962
      ],
      [
       35.61998433080212,
       33.97320228351355
      ]
     ]
    ]
   },
   "properties": {
    "kind": "remove",
    "note": "",
    "source": "hand-drawn",
    "applied": "2026-09-09T09:39:02"
   }
  },
  {
   "type": "Feature",
   "geometry": {
    "type": "Polygon",
    "coordinates": [
     [
      [
       35.619782508887674,
       33.97310971530175
      ],
      [
       35.61977912639749,
       33.973100364971735
      ],
      [
       35.61977123392038,
       33.9730984949056
      ],
      [
       35.61976897892693,
       33.97309007960751
      ],
      [
       35.61976559643674,
       33.9730938197401
      ],
      [
       35.61976446894001,
       33.97307418404216
      ],
      [
       35.619759958953104,
       33.97306857384196
      ],
      [
       35.619750938979266,
       33.973068573841935
      ],
      [
       35.61974868398581,
       33.97305641840683
      ],
      [
       35.61975319397273,
       33.97305828847388
      ],
      [
       35.61975657646291,
       33.973067638808544
      ],
      [
       35.619759958953104,
       33.97306109357439
      ],
      [
       35.61976559643674,
       33.973063898674795
      ],
      [
       35.6197757439073,
       33.973059223507406
      ],
      [
       35.61978589137786,
       33.97306109357439
      ],
      [
       35.61977799890075,
       33.97306857384194
      ],
      [
       35.61977912639749,
       33.973073249008834
      ],
      [
       35.619803931325514,
       33.97307511907552
      ],
      [
       35.619803931325514,
       33.97309007960751
      ],
      [
       35.61981069630589,
       33.973091014640666
      ],
      [
       35.61981295129935,
       33.973073249008834
      ],
      [
       35.61982197127318,
       33.97307792417548
      ],
      [
       35.61982422626664,
       33.973089144574345
      ],
      [
       35.61981971627973,
       33.97309568980632
      ],
      [
       35.61980956880916,
       33.97309662483943
      ],
      [
       35.61980505882225,
       33.97310130000478
      ],
      [
       35.619797166345144,
       33.97310036497172
      ],
      [
       35.61979491135169,
       33.973107845235845
      ],
      [
       35.619782508887674,
       33.97310971530175
      ]
     ]
    ]
   },
   "properties": {
    "kind": "remove",
    "note": "",
    "source": "hand-drawn",
    "applied": "2026-09-09T09:39:02"
   }
  },
  {
   "type": "Feature",
   "geometry": {
    "type": "Polygon",
    "coordinates": [
     [
      [
       35.61977058649064,
       33.97310478446379
      ],
      [
       35.61981081962586,
       33.97310256010789
      ],
      [
       35.61981618404389,
       33.97304250247687
      ],
      [
       35.61973303556443,
       33.97304472683435
      ],
      [
       35.61973303556443,
       33.97306919476259
      ],
      [
       35.61976253986359,
       33.97309811139596
      ],
      [
       35.61977058649064,
       33.97310478446379
      ]
     ]
    ]
   },
   "properties": {
    "kind": "add",
    "note": "",
    "source": "hand-drawn",
    "applied": "2026-09-09T09:39:02"
   }
  },
  {
   "type": "Feature",
   "geometry": {
    "type": "Polygon",
    "coordinates": [
     [
      [
       35.61868658206732,
       33.97288998227429
      ],
      [
       35.61866741462293,
       33.97287969688462
      ],
      [
       35.6186583946491,
       33.97286660638686
      ],
      [
       35.61864937467527,
       33.97286193120863
      ],
      [
       35.61864937467527,
       33.97285445092289
      ],
      [
       35.6186583946491,
       33.97284884070816
      ],
      [
       35.618653884662194,
       33.972843230493055
      ],
      [
       35.6186583946491,
       33.97283855531351
      ],
      [
       35.61866854211966,
       33.97283107502572
      ],
      [
       35.61866966961638,
       33.97283668524161
      ],
      [
       35.61867981708694,
       33.972830139989696
      ],
      [
       35.61868432707386,
       33.97282546480944
      ],
      [
       35.618682072080404,
       33.97281891955665
      ],
      [
       35.61869672953788,
       33.97280676408584
      ],
      [
       35.61870349451825,
       33.97280582904955
      ],
      [
       35.61870574951171,
       33.97280676408583
      ],
      [
       35.61870574951171,
       33.972875956742605
      ],
      [
       35.61869672953788,
       33.972889047238915
      ],
      [
       35.61868658206732,
       33.97288998227429
      ]
     ]
    ]
   },
   "properties": {
    "kind": "remove",
    "note": "",
    "source": "hand-drawn",
    "applied": "2026-09-09T09:39:02"
   }
  },
  {
   "type": "Feature",
   "geometry": {
    "type": "Polygon",
    "coordinates": [
     [
      [
       35.62059402465821,
       33.97306697040577
      ],
      [
       35.62062621116639,
       33.973078092189276
      ],
      [
       35.62066644430161,
       33.973075867832684
      ],
      [
       35.62066912651063,
       33.97304250247687
      ],
      [
       35.62060475349427,
       33.97302693197303
      ],
      [
       35.620602071285255,
       33.97306919476259
      ],
      [
       35.62059402465821,
       33.97306697040577
      ]
     ]
    ]
   },
   "properties": {
    "kind": "add",
    "note": "",
    "source": "hand-drawn",
    "applied": "2026-09-09T09:39:02"
   }
  },
  {
   "type": "Feature",
   "geometry": {
    "type": "Polygon",
    "coordinates": [
     [
      [
       35.620953440666206,
       33.97304250247687
      ],
      [
       35.620996356010444,
       33.973046951191726
      ],
      [
       35.620996356010444,
       33.97301581018281
      ],
      [
       35.62097221612931,
       33.97300913710797
      ],
      [
       35.620953440666206,
       33.97304250247687
      ],
      [
       35.620953440666206,
       33.97304250247687
      ]
     ]
    ]
   },
   "properties": {
    "kind": "add",
    "note": "",
    "source": "hand-drawn",
    "applied": "2026-09-09T09:39:02"
   }
  },
  {
   "type": "Feature",
   "geometry": {
    "type": "Polygon",
    "coordinates": [
     [
      [
       35.62096638045287,
       33.972947019412565
      ],
      [
       35.62096187046595,
       33.9729386040995
      ],
      [
       35.62095397798885,
       33.97294234423873
      ],
      [
       35.6209483405052,
       33.972934863960084
      ],
      [
       35.62094157552483,
       33.9729339289252
      ],
      [
       35.62093819303465,
       33.97292364354085
      ],
      [
       35.620952850492124,
       33.97292177347083
      ],
      [
       35.620952850492124,
       33.97291055304988
      ],
      [
       35.620967507949594,
       33.972880631920084
      ],
      [
       35.6209911853809,
       33.97287034652929
      ],
      [
       35.621006970335095,
       33.972873151636
      ],
      [
       35.62101824530239,
       33.9728684764581
      ],
      [
       35.6210227552893,
       33.972874086671546
      ],
      [
       35.62102952026968,
       33.97287315163598
      ],
      [
       35.62104756021734,
       33.972883437026454
      ],
      [
       35.621048687714065,
       33.972889047238915
      ],
      [
       35.621041922733696,
       33.972891852345
      ],
      [
       35.621044177727164,
       33.97289933262744
      ],
      [
       35.621032902759865,
       33.972901202697955
      ],
      [
       35.6210306477664,
       33.97291335815525
      ],
      [
       35.621025010282764,
       33.97291522822547
      ],
      [
       35.62102613777949,
       33.97292364354086
      ],
      [
       35.62103854024351,
       33.97291990340077
      ],
      [
       35.621055452694435,
       33.97292177347083
      ],
      [
       35.621064472668266,
       33.97290681290923
      ],
      [
       35.62106898265518,
       33.97290681290923
      ],
      [
       35.621079130125736,
       33.97291429319035
      ],
      [
       35.62109040509303,
       33.97291335815525
      ],
      [
       35.62111633751779,
       33.97292364354086
      ],
      [
       35.62111633751779,
       33.9729264486458
      ],
      [
       35.621105062550505,
       33.97292738368076
      ],
      [
       35.62104305023042,
       33.97292364354086
      ],
      [
       35.621040795236965,
       33.97292925375065
      ],
      [
       35.62102613777949,
       33.9729283187157
      ],
      [
       35.62102952026968,
       33.97293112382048
      ],
      [
       35.62100584283837,
       33.9729339289252
      ],
      [
       35.620993440374356,
       33.97294234423874
      ],
      [
       35.62096638045287,
       33.972947019412565
      ]
     ]
    ]
   },
   "properties": {
    "kind": "remove",
    "note": "",
    "source": "hand-drawn",
    "applied": "2026-09-09T09:39:02"
   }
  },
  {
   "type": "Feature",
   "geometry": {
    "type": "Polygon",
    "coordinates": [
     [
      [
       35.62178494307794,
       33.973224724276996
      ],
      [
       35.621781560587756,
       33.9732097637687
      ],
      [
       35.621765775633556,
       33.97320508860932
      ],
      [
       35.62176803062701,
       33.97320041344968
      ],
      [
       35.621773668110656,
       33.973199478417705
      ],
      [
       35.621773668110656,
       33.973179842744194
      ],
      [
       35.62178043309103,
       33.973178907712
      ],
      [
       35.62178043309103,
       33.973173297518684
      ],
      [
       35.621773668110656,
       33.97316581726033
      ],
      [
       35.621763520640094,
       33.973165817260345
      ],
      [
       35.62176013814991,
       33.9731574019689
      ],
      [
       35.621762393143364,
       33.97314618157904
      ],
      [
       35.62177028562047,
       33.97315553190404
      ],
      [
       35.621783815581225,
       33.97315553190404
      ],
      [
       35.6217871980714,
       33.97315927203373
      ],
      [
       35.62178043309103,
       33.97316768732498
      ],
      [
       35.621788325568126,
       33.973178907712
      ],
      [
       35.62182553296018,
       33.97318545293708
      ],
      [
       35.62182440546345,
       33.97319012809753
      ],
      [
       35.62181538548962,
       33.973190128097556
      ],
      [
       35.62182553296018,
       33.97320321854546
      ],
      [
       35.62181538548962,
       33.973203218545464
      ],
      [
       35.62181313049616,
       33.97320882873684
      ],
      [
       35.62179960053541,
       33.973206958673096
      ],
      [
       35.62179396305177,
       33.97321163383237
      ],
      [
       35.62179396305177,
       33.973217244023175
      ],
      [
       35.62179170805832,
       33.9732097637687
      ],
      [
       35.62178494307794,
       33.973208828736844
      ],
      [
       35.621788325568126,
       33.9732219191819
      ],
      [
       35.62178494307794,
       33.973224724276996
      ]
     ]
    ]
   },
   "properties": {
    "kind": "remove",
    "note": "",
    "source": "hand-drawn",
    "applied": "2026-09-09T09:39:02"
   }
  },
  {
   "type": "Feature",
   "geometry": {
    "type": "Polygon",
    "coordinates": [
     [
      [
       35.62234756394559,
       33.973727769836366
      ],
      [
       35.622340798965226,
       33.97372589978404
      ],
      [
       35.622340798965226,
       33.97372122465304
      ],
      [
       35.622329523997934,
       33.9737146794692
      ],
      [
       35.6223283965012,
       33.97370906931123
      ],
      [
       35.62231712153392,
       33.973710004337555
      ],
      [
       35.62231712153392,
       33.9737053292057
      ],
      [
       35.62230133657971,
       33.97370065407355
      ],
      [
       35.622304719069895,
       33.97368756370222
      ],
      [
       35.62235771141615,
       33.97368756370222
      ],
      [
       35.62236560389325,
       33.97369597894117
      ],
      [
       35.62236560389325,
       33.97370158910001
      ],
      [
       35.622368986383435,
       33.97370065407355
      ],
      [
       35.62236785888671,
       33.973696913967665
      ],
      [
       35.62237575136381,
       33.97369504391466
      ],
      [
       35.62237462386708,
       33.9737053292057
      ],
      [
       35.62236673138998,
       33.973703459152865
      ],
      [
       35.62236447639652,
       33.97371654952179
      ],
      [
       35.622353201429235,
       33.97371654952178
      ],
      [
       35.622353201429235,
       33.973724964757864
      ],
      [
       35.62234756394559,
       33.973727769836366
      ]
     ]
    ]
   },
   "properties": {
    "kind": "remove",
    "note": "",
    "source": "hand-drawn",
    "applied": "2026-09-09T09:39:02"
   }
  },
  {
   "type": "Feature",
   "geometry": {
    "type": "Polygon",
    "coordinates": [
     [
      [
       35.62172969573823,
       33.973955915912086
      ],
      [
       35.62173082323496,
       33.973951240793724
      ],
      [
       35.6217240582546,
       33.973949370746325
      ],
      [
       35.62173758821533,
       33.973945630651365
      ],
      [
       35.62173533322187,
       33.9739390854848
      ],
      [
       35.62172969573823,
       33.97393815046096
      ],
      [
       35.62173082323496,
       33.973931605293814
      ],
      [
       35.62174435319571,
       33.97392786519807
      ],
      [
       35.621755628162994,
       33.97392973524596
      ],
      [
       35.62175788315645,
       33.97393815046096
      ],
      [
       35.6217522456728,
       33.97395030577004
      ],
      [
       35.62173420572515,
       33.97395030577004
      ],
      [
       35.62173195073169,
       33.973953110841116
      ],
      [
       35.62173533322187,
       33.97395498088844
      ],
      [
       35.62172969573823,
       33.973955915912086
      ]
     ]
    ]
   },
   "properties": {
    "kind": "remove",
    "note": "",
    "source": "hand-drawn",
    "applied": "2026-09-09T09:39:02"
   }
  },
  {
   "type": "Feature",
   "geometry": {
    "type": "Polygon",
    "coordinates": [
     [
      [
       35.62164062349666,
       33.973958720982985
      ],
      [
       35.62162596603919,
       33.97394937074632
      ],
      [
       35.62162596603919,
       33.97393254031773
      ],
      [
       35.621630476026105,
       33.97393067026991
      ],
      [
       35.62163160352283,
       33.97392132003016
      ],
      [
       35.621637241006475,
       33.97392412510219
      ],
      [
       35.62165302596068,
       33.97392132003016
      ],
      [
       35.62165640845087,
       33.973925060126184
      ],
      [
       35.621654153457406,
       33.97392880022203
      ],
      [
       35.621658663444336,
       33.97392973524597
      ],
      [
       35.6216575359476,
       33.97392225505418
      ],
      [
       35.621662045934514,
       33.97391944998206
      ],
      [
       35.6216654284247,
       33.97392132003016
      ],
      [
       35.621662045934514,
       33.97392880022203
      ],
      [
       35.62168234087562,
       33.973934410365516
      ],
      [
       35.62168234087562,
       33.973945630651365
      ],
      [
       35.62167783088871,
       33.97395124079373
      ],
      [
       35.62168797835927,
       33.97395404586478
      ],
      [
       35.62168685086254,
       33.97395778595936
      ],
      [
       35.62164062349666,
       33.973958720982985
      ]
     ]
    ]
   },
   "properties": {
    "kind": "remove",
    "note": "",
    "source": "hand-drawn",
    "applied": "2026-09-09T09:39:02"
   }
  },
  {
   "type": "Feature",
   "geometry": {
    "type": "Polygon",
    "coordinates": [
     [
      [
       35.620316942337105,
       33.973499623148506
      ],
      [
       35.62031468734365,
       33.97349307794759
      ],
      [
       35.620302284879635,
       33.973489337832575
      ],
      [
       35.620300029886174,
       33.97348279263089
      ],
      [
       35.620323707317475,
       33.97348185760204
      ],
      [
       35.620324834814205,
       33.973479052515415
      ],
      [
       35.620332727291306,
       33.97348092257317
      ],
      [
       35.62033385478803,
       33.973485597717385
      ],
      [
       35.620323707317475,
       33.97348466268857
      ],
      [
       35.620316942337105,
       33.97349027286136
      ],
      [
       35.62033723727822,
       33.97349214291887
      ],
      [
       35.62034287476187,
       33.97349588303377
      ],
      [
       35.620316942337105,
       33.973499623148506
      ]
     ]
    ]
   },
   "properties": {
    "kind": "remove",
    "note": "",
    "source": "hand-drawn",
    "applied": "2026-09-09T09:39:02"
   }
  },
  {
   "type": "Feature",
   "geometry": {
    "type": "Polygon",
    "coordinates": [
     [
      [
       35.62032032482728,
       33.97351925874817
      ],
      [
       35.62031919733056,
       33.97350803840605
      ],
      [
       35.62032708980766,
       33.97350897343462
      ],
      [
       35.62032596231093,
       33.97350055817716
      ],
      [
       35.620331599794575,
       33.97349775309115
      ],
      [
       35.62033723727822,
       33.97350055817716
      ],
      [
       35.62033836477495,
       33.973508973434626
      ],
      [
       35.620330472297844,
       33.97350990846318
      ],
      [
       35.62032821730439,
       33.9735164536628
      ],
      [
       35.62032032482728,
       33.97351925874817
      ]
     ]
    ]
   },
   "properties": {
    "kind": "remove",
    "note": "",
    "source": "hand-drawn",
    "applied": "2026-09-09T09:39:02"
   }
  },
  {
   "type": "Feature",
   "geometry": {
    "type": "Polygon",
    "coordinates": [
     [
      [
       35.62028424493197,
       33.97353328417374
      ],
      [
       35.62027973494506,
       33.97352206383348
      ],
      [
       35.62029100991234,
       33.973523933890284
      ],
      [
       35.62029551989926,
       33.97352206383347
      ],
      [
       35.62029551989926,
       33.97351738869126
      ],
      [
       35.62030453987309,
       33.97351458360581
      ],
      [
       35.620311304853466,
       33.973517388691256
      ],
      [
       35.62030904986001,
       33.97352019377662
      ],
      [
       35.62029664739599,
       33.97352019377663
      ],
      [
       35.62029890238944,
       33.973529544060476
      ],
      [
       35.62028424493197,
       33.97353328417374
      ]
     ]
    ]
   },
   "properties": {
    "kind": "remove",
    "note": "",
    "source": "hand-drawn",
    "applied": "2026-09-09T09:39:02"
   }
  },
  {
   "type": "Feature",
   "geometry": {
    "type": "Polygon",
    "coordinates": [
     [
      [
       35.62030904986001,
       33.97358190563108
      ],
      [
       35.620301157382904,
       33.97357723049217
      ],
      [
       35.62029890238944,
       33.97356881524146
      ],
      [
       35.62030679486656,
       33.97356975026936
      ],
      [
       35.620307922363274,
       33.973575360436534
      ],
      [
       35.62031468734365,
       33.97357442540869
      ],
      [
       35.62030566736982,
       33.973563205073866
      ],
      [
       35.620311304853466,
       33.97355011468136
      ],
      [
       35.62034400225859,
       33.97352206383347
      ],
      [
       35.62034625725205,
       33.97352486891867
      ],
      [
       35.6203518947357,
       33.973521128805054
      ],
      [
       35.62035527722588,
       33.973523933890284
      ],
      [
       35.620364297199714,
       33.97352206383347
      ],
      [
       35.620378954657184,
       33.97353795931507
      ],
      [
       35.620378954657184,
       33.97355291976561
      ],
      [
       35.62038459214082,
       33.97356507512977
      ],
      [
       35.62036655219317,
       33.973562270045896
      ],
      [
       35.62036204220625,
       33.97355104970947
      ],
      [
       35.62035640472261,
       33.97355104970946
      ],
      [
       35.62035302223242,
       33.97355759490589
      ],
      [
       35.62032934480112,
       33.97356039998993
      ],
      [
       35.62032708980766,
       33.9735538547937
      ],
      [
       35.62034400225859,
       33.973548244625114
      ],
      [
       35.62032934480112,
       33.97354637456883
      ],
      [
       35.62031468734365,
       33.97355665987786
      ],
      [
       35.62032145232401,
       33.973568815241464
      ],
      [
       35.62032145232401,
       33.973578165519974
      ],
      [
       35.62031468734365,
       33.97357723049217
      ],
      [
       35.62031468734365,
       33.973580970603344
      ],
      [
       35.62030904986001,
       33.97358190563108
      ]
     ]
    ]
   },
   "properties": {
    "kind": "remove",
    "note": "",
    "source": "hand-drawn",
    "applied": "2026-09-09T09:39:02"
   }
  },
  {
   "type": "Feature",
   "geometry": {
    "type": "Polygon",
    "coordinates": [
     [
      [
       35.62026947736741,
       33.97362750648439
      ],
      [
       35.620376765728004,
       33.97357189791155
      ],
      [
       35.62038749456406,
       33.97354298143929
      ],
      [
       35.620355308055885,
       33.973525186682245
      ],
      [
       35.62033653259278,
       33.97352963537183
      ],
      [
       35.6203043460846,
       33.97356522488035
      ],
      [
       35.62025338411332,
       33.97359636568806
      ],
      [
       35.62024265527726,
       33.97361638477274
      ],
      [
       35.62026679515839,
       33.97362973082655
      ],
      [
       35.62026947736741,
       33.97362750648439
      ]
     ]
    ]
   },
   "properties": {
    "kind": "add",
    "note": "",
    "source": "hand-drawn",
    "applied": "2026-09-09T09:39:02"
   }
  },
  {
   "type": "Feature",
   "geometry": {
    "type": "Polygon",
    "coordinates": [
     [
      [
       35.619987845420845,
       33.973456231963524
      ],
      [
       35.62003076076508,
       33.973451783270065
      ],
      [
       35.62003612518311,
       33.97342731545193
      ],
      [
       35.619993209838874,
       33.97342286675697
      ],
      [
       35.619987845420845,
       33.97345400761681
      ],
      [
       35.619987845420845,
       33.973456231963524
      ]
     ]
    ]
   },
   "properties": {
    "kind": "add",
    "note": "",
    "source": "hand-drawn",
    "applied": "2026-09-09T09:39:02"
   }
  },
  {
   "type": "Feature",
   "geometry": {
    "type": "Polygon",
    "coordinates": [
     [
      [
       35.621320903301246,
       33.974183590212654
      ],
      [
       35.62133967876435,
       33.97415467394843
      ],
      [
       35.621379911899574,
       33.974136879319396
      ],
      [
       35.621379911899574,
       33.97411463602786
      ],
      [
       35.62135040760041,
       33.974116860357285
      ],
      [
       35.62130481004716,
       33.974141327977
      ],
      [
       35.62129676342011,
       33.97415467394843
      ],
      [
       35.621315538883216,
       33.974179141557265
      ],
      [
       35.621320903301246,
       33.974183590212654
      ]
     ]
    ]
   },
   "properties": {
    "kind": "add",
    "note": "",
    "source": "hand-drawn",
    "applied": "2026-09-09T09:39:02"
   }
  },
  {
   "type": "Feature",
   "geometry": {
    "type": "Polygon",
    "coordinates": [
     [
      [
       35.6215462088585,
       33.97405902777361
      ],
      [
       35.62159180641175,
       33.97405902777361
      ],
      [
       35.621599853038795,
       33.97402788713534
      ],
      [
       35.6215462088585,
       33.97402788713534
      ],
      [
       35.62153816223145,
       33.97405235478064
      ],
      [
       35.6215462088585,
       33.97405902777361
      ]
     ]
    ]
   },
   "properties": {
    "kind": "add",
    "note": "",
    "source": "hand-drawn",
    "applied": "2026-09-09T09:39:02"
   }
  },
  {
   "type": "Feature",
   "geometry": {
    "type": "Polygon",
    "coordinates": [
     [
      [
       35.621573030948646,
       33.974243647037724
      ],
      [
       35.62162399291993,
       33.97423474973299
      ],
      [
       35.621626675128944,
       33.97419916050472
      ],
      [
       35.6215649843216,
       33.97419916050472
      ],
      [
       35.62156230211259,
       33.974232525406656
      ],
      [
       35.621573030948646,
       33.97424142271162
      ],
      [
       35.621573030948646,
       33.974243647037724
      ]
     ]
    ]
   },
   "properties": {
    "kind": "add",
    "note": "",
    "source": "hand-drawn",
    "applied": "2026-09-09T09:39:02"
   }
  },
  {
   "type": "Feature",
   "geometry": {
    "type": "Polygon",
    "coordinates": [
     [
      [
       35.620744263597295,
       33.97430561403661
      ],
      [
       35.62074200860384,
       33.97429906889775
      ],
      [
       35.620745391094026,
       33.974296263838085
      ],
      [
       35.620736371120195,
       33.97429439379827
      ],
      [
       35.620738626113656,
       33.97428784865854
      ],
      [
       35.62073186113328,
       33.97428691363853
      ],
      [
       35.62073411612674,
       33.97428130351832
      ],
      [
       35.62073975361039,
       33.97428223853838
      ],
      [
       35.620738626113656,
       33.97428691363854
      ],
      [
       35.620744263597295,
       33.974287848658555
      ],
      [
       35.62074877358422,
       33.97429439379825
      ],
      [
       35.620760048551496,
       33.97429439379826
      ],
      [
       35.620757793558035,
       33.97428878367853
      ],
      [
       35.62076117604823,
       33.97428691363853
      ],
      [
       35.62076568603514,
       33.97428971869852
      ],
      [
       35.62076568603514,
       33.97429906889773
      ],
      [
       35.620744263597295,
       33.97430561403661
      ]
     ]
    ]
   },
   "properties": {
    "kind": "remove",
    "note": "",
    "source": "hand-drawn",
    "applied": "2026-09-09T09:39:02"
   }
  },
  {
   "type": "Feature",
   "geometry": {
    "type": "Polygon",
    "coordinates": [
     [
      [
       35.62143541909202,
       33.97436171520613
      ],
      [
       35.62142414412474,
       33.97434768991721
      ],
      [
       35.62141174166072,
       33.97434114478159
      ],
      [
       35.621404976680346,
       33.97432524945014
      ],
      [
       35.62141061416399,
       33.97431683427348
      ],
      [
       35.62142414412474,
       33.97431589925378
      ],
      [
       35.62142752661492,
       33.97430561403661
      ],
      [
       35.62143880158221,
       33.97429719885798
      ],
      [
       35.62143880158221,
       33.97429065371848
      ],
      [
       35.621452331542955,
       33.974285043598506
      ],
      [
       35.621452331542955,
       33.9743289895284
      ],
      [
       35.621443311569124,
       33.97432898952839
      ],
      [
       35.62144669405931,
       33.97433553466495
      ],
      [
       35.621451204046224,
       33.974335534664945
      ],
      [
       35.621452331542955,
       33.97433179458699
      ],
      [
       35.621452331542955,
       33.974351429994485
      ],
      [
       35.62144105657566,
       33.97434768991721
      ],
      [
       35.62144669405931,
       33.97436171520612
      ],
      [
       35.62143541909202,
       33.97436171520613
      ]
     ]
    ]
   },
   "properties": {
    "kind": "remove",
    "note": "",
    "source": "hand-drawn",
    "applied": "2026-09-09T09:39:02"
   }
  },
  {
   "type": "Feature",
   "geometry": {
    "type": "Polygon",
    "coordinates": [
     [
      [
       35.62220098937085,
       33.973806311997116
      ],
      [
       35.622195351887214,
       33.97379883179445
      ],
      [
       35.62219196939703,
       33.97380163687052
      ],
      [
       35.62218407691992,
       33.973798831794454
      ],
      [
       35.62218520441665,
       33.97378948154022
      ],
      [
       35.62218069442974,
       33.97378013128494
      ],
      [
       35.62223143178253,
       33.97378013128495
      ],
      [
       35.622225794298885,
       33.97378387138716
      ],
      [
       35.62222466680216,
       33.97379602671826
      ],
      [
       35.62223255927926,
       33.97380350692119
      ],
      [
       35.62220098937085,
       33.973806311997116
      ]
     ]
    ]
   },
   "properties": {
    "kind": "remove",
    "note": "",
    "source": "hand-drawn",
    "applied": "2026-09-09T09:39:02"
   }
  },
  {
   "type": "Feature",
   "geometry": {
    "type": "Polygon",
    "coordinates": [
     [
      [
       35.62225059922692,
       33.97406063849596
      ],
      [
       35.622228049292346,
       33.97405128827049
      ],
      [
       35.62223143178253,
       33.97404567813473
      ],
      [
       35.62224496174328,
       33.97403913297586
      ],
      [
       35.62225059922692,
       33.97402978274804
      ],
      [
       35.62225510921384,
       33.974029782748026
      ],
      [
       35.62225961920075,
       33.974041003021306
      ],
      [
       35.62225172672365,
       33.97404941822527
      ],
      [
       35.62226300169094,
       33.9740512882705
      ],
      [
       35.622274276658224,
       33.974048483202644
      ],
      [
       35.62227540415496,
       33.974054093338246
      ],
      [
       35.62225059922692,
       33.97406063849596
      ]
     ]
    ]
   },
   "properties": {
    "kind": "remove",
    "note": "",
    "source": "hand-drawn",
    "applied": "2026-09-09T09:39:02"
   }
  },
  {
   "type": "Feature",
   "geometry": {
    "type": "Polygon",
    "coordinates": [
     [
      [
       35.622203350067146,
       33.97405013044954
      ],
      [
       35.62227308750153,
       33.97406125210448
      ],
      [
       35.62228649854661,
       33.97404123312458
      ],
      [
       35.62225967645646,
       33.974025662803584
      ],
      [
       35.622197985649116,
       33.974025662803584
      ],
      [
       35.62218993902207,
       33.9740479061184
      ],
      [
       35.62220066785813,
       33.97405457911171
      ],
      [
       35.622203350067146,
       33.97405013044954
      ]
     ]
    ]
   },
   "properties": {
    "kind": "add",
    "note": "",
    "source": "hand-drawn",
    "applied": "2026-09-09T09:39:02"
   }
  },
  {
   "type": "Feature",
   "geometry": {
    "type": "Polygon",
    "coordinates": [
     [
      [
       35.61944335699082,
       33.97255759116136
      ],
      [
       35.619494318962104,
       33.9725331230859
      ],
      [
       35.61949163675309,
       33.972510879374845
      ],
      [
       35.61945408582688,
       33.972504206260396
      ],
      [
       35.61939507722855,
       33.97252422560219
      ],
      [
       35.61939775943757,
       33.972548693680196
      ],
      [
       35.619440674781806,
       33.972555366791156
      ],
      [
       35.61944335699082,
       33.97255759116136
      ]
     ]
    ]
   },
   "properties": {
    "kind": "add",
    "note": "",
    "source": "hand-drawn",
    "applied": "2026-09-09T09:39:02"
   }
  },
  {
   "type": "Feature",
   "geometry": {
    "type": "Polygon",
    "coordinates": [
     [
      [
       35.62033653259278,
       33.97272664312662
      ],
      [
       35.620366036891944,
       33.97274666241605
      ],
      [
       35.62039822340012,
       33.97271774566314
      ],
      [
       35.6203579902649,
       33.9726999507334
      ],
      [
       35.620344579219825,
       33.97272886749234
      ],
      [
       35.62033653259278,
       33.97272664312662
      ]
     ]
    ]
   },
   "properties": {
    "kind": "add",
    "note": "",
    "source": "hand-drawn",
    "applied": "2026-09-09T09:39:02"
   }
  },
  {
   "type": "Feature",
   "geometry": {
    "type": "Polygon",
    "coordinates": [
     [
      [
       35.62291356730343,
       33.97432150937172
      ],
      [
       35.62290905731651,
       33.97431122415521
      ],
      [
       35.62291582229688,
       33.97431028913546
      ],
      [
       35.62291582229688,
       33.97431683427348
      ],
      [
       35.62292258727726,
       33.974317769293144
      ],
      [
       35.62293047975436,
       33.97430935411574
      ],
      [
       35.622928224760905,
       33.974306549056394
      ],
      [
       35.622903419832866,
       33.97430374399698
      ],
      [
       35.62289214486559,
       33.974296263838106
      ],
      [
       35.622880869898296,
       33.97429719885798
      ],
      [
       35.622879742401565,
       33.97429252375838
      ],
      [
       35.62288650738194,
       33.97428878367853
      ],
      [
       35.62287410491792,
       33.97428223853837
      ],
      [
       35.62284929998989,
       33.97428410857848
      ],
      [
       35.62284704499643,
       33.97427943347816
      ],
      [
       35.62285042748662,
       33.97427288833729
      ],
      [
       35.6228617024539,
       33.9742747583776
      ],
      [
       35.62286959493101,
       33.974271018296946
      ],
      [
       35.62286959493101,
       33.97425699299307
      ],
      [
       35.622999257054815,
       33.97425699299307
      ],
      [
       35.62300151204827,
       33.97427195331712
      ],
      [
       35.62300602203519,
       33.97426914825657
      ],
      [
       35.62300602203519,
       33.97425699299307
      ],
      [
       35.623013914512285,
       33.974257928013394
      ],
      [
       35.62300940452538,
       33.97426634319591
      ],
      [
       35.623015042009015,
       33.97427008327677
      ],
      [
       35.62303533695013,
       33.97425886303373
      ],
      [
       35.623037591943586,
       33.97427101829695
      ],
      [
       35.623029699466485,
       33.974273823357436
      ],
      [
       35.623030826963216,
       33.9742850435985
      ],
      [
       35.6230263169763,
       33.97428410857848
      ],
      [
       35.623022934486116,
       33.97427569339772
      ],
      [
       35.62300602203519,
       33.97427756343796
      ],
      [
       35.623007149531915,
       33.974292523758365
      ],
      [
       35.62299587456463,
       33.97429532881818
      ],
      [
       35.622992492074445,
       33.97430561403661
      ],
      [
       35.62294851970202,
       33.9743065490564
      ],
      [
       35.622942882218375,
       33.97430841909594
      ],
      [
       35.62294175472165,
       33.97432057435209
      ],
      [
       35.62292935225763,
       33.9743187043128
      ],
      [
       35.62291356730343,
       33.97432150937172
      ]
     ]
    ]
   },
   "properties": {
    "kind": "remove",
    "note": "",
    "source": "hand-drawn",
    "applied": "2026-09-09T09:39:02"
   }
  },
  {
   "type": "Feature",
   "geometry": {
    "type": "Polygon",
    "coordinates": [
     [
      [
       35.622880869898296,
       33.9743289895284
      ],
      [
       35.622871849924465,
       33.97432711948928
      ],
      [
       35.622871849924465,
       33.974322444391355
      ],
      [
       35.62287635991138,
       33.97431122415521
      ],
      [
       35.62288650738194,
       33.97430935411572
      ],
      [
       35.622889889872134,
       33.97431309419468
      ],
      [
       35.62288312489176,
       33.97432150937172
      ],
      [
       35.62288763487868,
       33.97432431443056
      ],
      [
       35.622880869898296,
       33.9743289895284
      ]
     ]
    ]
   },
   "properties": {
    "kind": "remove",
    "note": "",
    "source": "hand-drawn",
    "applied": "2026-09-09T09:39:02"
   }
  },
  {
   "type": "Feature",
   "geometry": {
    "type": "Polygon",
    "coordinates": [
     [
      [
       35.62283013254551,
       33.97425699299306
      ],
      [
       35.62282562255859,
       33.974245772748304
      ],
      [
       35.62282900504878,
       33.974229877399026
      ],
      [
       35.62283577002914,
       33.974229877399026
      ],
      [
       35.62283577002914,
       33.97422426727503
      ],
      [
       35.62284366250624,
       33.97422613731641
      ],
      [
       35.62284140751279,
       33.97422894237839
      ],
      [
       35.62285944746045,
       33.97423174744027
      ],
      [
       35.62291356730343,
       33.97422987739902
      ],
      [
       35.622919204787074,
       33.97423361748148
      ],
      [
       35.62297783461697,
       33.97423268246088
      ],
      [
       35.623000384551545,
       33.974244837727845
      ],
      [
       35.623016169505746,
       33.97424203266638
      ],
      [
       35.623022934486116,
       33.9742457727483
      ],
      [
       35.62303984693705,
       33.97424390270737
      ],
      [
       35.62304886691088,
       33.9742476427892
      ],
      [
       35.62304661191742,
       33.97425044785047
      ],
      [
       35.623038719440316,
       33.97424857780964
      ],
      [
       35.62304097443378,
       33.97425325291164
      ],
      [
       35.62303195445995,
       33.974253252911645
      ],
      [
       35.6230342094534,
       33.97424857780964
      ],
      [
       35.62301729700248,
       33.97424857780964
      ],
      [
       35.623015042009015,
       33.974250447850466
      ],
      [
       35.62302067949266,
       33.974255122952364
      ],
      [
       35.62301278701557,
       33.97425699299306
      ],
      [
       35.622990237080984,
       33.97425418793202
      ],
      [
       35.62298459959734,
       33.97425699299307
      ],
      [
       35.62283013254551,
       33.97425699299306
      ]
     ]
    ]
   },
   "properties": {
    "kind": "remove",
    "note": "",
    "source": "hand-drawn",
    "applied": "2026-09-09T09:39:02"
   }
  },
  {
   "type": "Feature",
   "geometry": {
    "type": "Polygon",
    "coordinates": [
     [
      [
       35.62348746313836,
       33.97417284112125
      ],
      [
       35.6234852081449,
       33.974166295972196
      ],
      [
       35.62348859063509,
       33.97416536095085
      ],
      [
       35.623493100622,
       33.97412702506715
      ],
      [
       35.62350099309911,
       33.974132635197556
      ],
      [
       35.6235122680664,
       33.97413263519755
      ],
      [
       35.6235122680664,
       33.97414666052193
      ],
      [
       35.62350099309911,
       33.974148530565
      ],
      [
       35.623499865602376,
       33.974158815801204
      ],
      [
       35.623493100622,
       33.97416255588677
      ],
      [
       35.62349535561546,
       33.974168166014834
      ],
      [
       35.62348746313836,
       33.97417284112125
      ]
     ]
    ]
   },
   "properties": {
    "kind": "remove",
    "note": "",
    "source": "hand-drawn",
    "applied": "2026-09-09T09:39:02"
   }
  },
  {
   "type": "Feature",
   "geometry": {
    "type": "Polygon",
    "coordinates": [
     [
      [
       35.62350212059583,
       33.97418873648121
      ],
      [
       35.623496483112184,
       33.97418499639678
      ],
      [
       35.623491973125276,
       33.97418686643903
      ],
      [
       35.62348859063509,
       33.974176581206216
      ],
      [
       35.623510013072945,
       33.97417003605743
      ],
      [
       35.6235122680664,
       33.97417658120624
      ],
      [
       35.623506630582746,
       33.97417751622744
      ],
      [
       35.62350212059583,
       33.97418873648121
      ]
     ]
    ]
   },
   "properties": {
    "kind": "remove",
    "note": "",
    "source": "hand-drawn",
    "applied": "2026-09-09T09:39:02"
   }
  },
  {
   "type": "Feature",
   "geometry": {
    "type": "Polygon",
    "coordinates": [
     [
      [
       35.62412337129338,
       33.974612299978055
      ],
      [
       35.62410984133263,
       33.974600144763635
      ],
      [
       35.62409856636534,
       33.9745954696807
      ],
      [
       35.624096311371886,
       33.97458611951404
      ],
      [
       35.62412111629992,
       33.974530953509934
      ],
      [
       35.62413239126721,
       33.9745253434058
      ],
      [
       35.6241402837443,
       33.97452721344056
      ],
      [
       35.624141411241034,
       33.97453188852725
      ],
      [
       35.624133518763934,
       33.974535628596406
      ],
      [
       35.62413239126721,
       33.97454404375143
      ],
      [
       35.624118861306464,
       33.97454965385431
      ],
      [
       35.624118861306464,
       33.974556198973865
      ],
      [
       35.62411322382282,
       33.97456180907597
      ],
      [
       35.624118861306464,
       33.974568354194595
      ],
      [
       35.624127881280295,
       33.9745692892115
      ],
      [
       35.624129008777025,
       33.9745795743968
      ],
      [
       35.624134646260664,
       33.97458331446385
      ],
      [
       35.624119988803194,
       33.97458892456416
      ],
      [
       35.62412449879012,
       33.974602014796744
      ],
      [
       35.62413239126721,
       33.97460668987931
      ],
      [
       35.62412337129338,
       33.974612299978055
      ]
     ]
    ]
   },
   "properties": {
    "kind": "remove",
    "note": "",
    "source": "hand-drawn",
    "applied": "2026-09-09T09:39:02"
   }
  },
  {
   "type": "Feature",
   "geometry": {
    "type": "Polygon",
    "coordinates": [
     [
      [
       35.62415606869851,
       33.97456367910992
      ],
      [
       35.624151558711596,
       33.97455526395684
      ],
      [
       35.624158323691965,
       33.97455058887144
      ],
      [
       35.624158323691965,
       33.97454684880292
      ],
      [
       35.62415381370505,
       33.97454871883719
      ],
      [
       35.624141411241034,
       33.974544978768606
      ],
      [
       35.6241402837443,
       33.9745393686654
      ],
      [
       35.624149303718134,
       33.97453843364817
      ],
      [
       35.62415381370505,
       33.97453375856185
      ],
      [
       35.62415494120178,
       33.974541238699835
      ],
      [
       35.62416057868543,
       33.97453656361368
      ],
      [
       35.62417636363963,
       33.974536563613675
      ],
      [
       35.62417749113636,
       33.97454123869983
      ],
      [
       35.62417185365271,
       33.974544978768606
      ],
      [
       35.62416847116253,
       33.974557133990935
      ],
      [
       35.62415606869851,
       33.97456367910992
      ]
     ]
    ]
   },
   "properties": {
    "kind": "remove",
    "note": "",
    "source": "hand-drawn",
    "applied": "2026-09-09T09:39:02"
   }
  },
  {
   "type": "Feature",
   "geometry": {
    "type": "Polygon",
    "coordinates": [
     [
      [
       35.6240138411522,
       33.97437933081963
      ],
      [
       35.62403529882432,
       33.97435263894523
      ],
      [
       35.62397629022599,
       33.97433929300487
      ],
      [
       35.62397092580796,
       33.97436376056057
      ],
      [
       35.62401652336121,
       33.974374882174466
      ],
      [
       35.6240138411522,
       33.97437933081963
      ]
     ]
    ]
   },
   "properties": {
    "kind": "add",
    "note": "",
    "source": "hand-drawn",
    "applied": "2026-09-09T09:39:02"
   }
  },
  {
   "type": "Feature",
   "geometry": {
    "type": "Polygon",
    "coordinates": [
     [
      [
       35.62455294754705,
       33.97440005098401
      ],
      [
       35.624540545083036,
       33.97438696072032
      ],
      [
       35.62454167257977,
       33.974384155663586
      ],
      [
       35.62455182005032,
       33.97438322064463
      ],
      [
       35.6245428000765,
       33.97437200041653
      ],
      [
       35.624554075043775,
       33.9743626502253
      ],
      [
       35.6245585850307,
       33.9743663903019
      ],
      [
       35.62456535001107,
       33.974365455282786
      ],
      [
       35.6245664775078,
       33.97436078018691
      ],
      [
       35.62455633003724,
       33.974357975129315
      ],
      [
       35.62455182005032,
       33.974361715206136
      ],
      [
       35.62454843756014,
       33.97435610509082
      ],
      [
       35.62456084002415,
       33.97435330003308
      ],
      [
       35.624554075043775,
       33.97434955995585
      ],
      [
       35.62459353742929,
       33.97434955995586
      ],
      [
       35.624586772448914,
       33.97435704011007
      ],
      [
       35.62459353742929,
       33.9743626502253
      ],
      [
       35.62459353742929,
       33.974367325321026
      ],
      [
       35.624586772448914,
       33.97437106539745
      ],
      [
       35.624590154939106,
       33.97438602570142
      ],
      [
       35.62458564495219,
       33.97438602570143
      ],
      [
       35.624582262462006,
       33.9743757404927
      ],
      [
       35.62456535001107,
       33.97437667551175
      ],
      [
       35.62456084002415,
       33.97437387045464
      ],
      [
       35.62455745753397,
       33.97438135060671
      ],
      [
       35.62455971252742,
       33.974387895739234
      ],
      [
       35.624554075043775,
       33.97439070079589
      ],
      [
       35.62455294754705,
       33.97440005098401
      ]
     ]
    ]
   },
   "properties": {
    "kind": "remove",
    "note": "",
    "source": "hand-drawn",
    "applied": "2026-09-09T09:39:02"
   }
  },
  {
   "type": "Feature",
   "geometry": {
    "type": "Polygon",
    "coordinates": [
     [
      [
       35.62500958372219,
       33.97441968637574
      ],
      [
       35.624998308754904,
       33.974409401171116
      ],
      [
       35.62499943625163,
       33.974406596115095
      ],
      [
       35.62500394623854,
       33.974408466152454
      ],
      [
       35.624998308754904,
       33.974400050984
      ],
      [
       35.62500056374836,
       33.97439163581474
      ],
      [
       35.62503551614695,
       33.97438883075813
      ],
      [
       35.62503213365677,
       33.97439631090887
      ],
      [
       35.625006201232004,
       33.974395375890076
      ],
      [
       35.62500845622546,
       33.974400050984
      ],
      [
       35.62501634870256,
       33.97439724592766
      ],
      [
       35.6250253686764,
       33.97439911596525
      ],
      [
       35.62501634870256,
       33.974406596115095
      ],
      [
       35.62501634870256,
       33.97441033618977
      ],
      [
       35.62502649617312,
       33.97440846615244
      ],
      [
       35.6250253686764,
       33.97441407626428
      ],
      [
       35.625015221205835,
       33.97441688132006
      ],
      [
       35.62501071121892,
       33.97441033618977
      ],
      [
       35.625005073735274,
       33.97440940117111
      ],
      [
       35.62500958372219,
       33.97441968637574
      ]
     ]
    ]
   },
   "properties": {
    "kind": "remove",
    "note": "",
    "source": "hand-drawn",
    "applied": "2026-09-09T09:39:02"
   }
  },
  {
   "type": "Feature",
   "geometry": {
    "type": "Polygon",
    "coordinates": [
     [
      [
       35.624477863311775,
       33.97443493886443
      ],
      [
       35.62461197376252,
       33.97438600378693
      ],
      [
       35.624614655971534,
       33.974370433529096
      ],
      [
       35.62459588050843,
       33.974343741651886
      ],
      [
       35.624561011791236,
       33.974341517328405
      ],
      [
       35.624499320983894,
       33.97439490107584
      ],
      [
       35.624461770057685,
       33.97440602268566
      ],
      [
       35.624456405639656,
       33.97442159293699
      ],
      [
       35.62446981668473,
       33.97443271454333
      ],
      [
       35.624477863311775,
       33.97443493886443
      ]
     ]
    ]
   },
   "properties": {
    "kind": "add",
    "note": "",
    "source": "hand-drawn",
    "applied": "2026-09-09T09:39:02"
   }
  },
  {
   "type": "Feature",
   "geometry": {
    "type": "Polygon",
    "coordinates": [
     [
      [
       35.62619715929032,
       33.97410129005018
      ],
      [
       35.62624007463456,
       33.97409461706054
      ],
      [
       35.626237392425544,
       33.97407237375794
      ],
      [
       35.62620788812638,
       33.97407904674934
      ],
      [
       35.62620252370835,
       33.97409684139046
      ],
      [
       35.62619715929032,
       33.97410129005018
      ]
     ]
    ]
   },
   "properties": {
    "kind": "add",
    "note": "",
    "source": "hand-drawn",
    "applied": "2026-09-09T09:39:02"
   }
  },
  {
   "type": "Feature",
   "geometry": {
    "type": "Polygon",
    "coordinates": [
     [
      [
       35.6260496377945,
       33.97419248752276
      ],
      [
       35.62608182430268,
       33.97419026319533
      ],
      [
       35.62608182430268,
       33.97417246857375
      ],
      [
       35.62605500221253,
       33.97416801991777
      ],
      [
       35.62603890895844,
       33.97418803886782
      ],
      [
       35.6260496377945,
       33.97419248752276
      ]
     ]
    ]
   },
   "properties": {
    "kind": "add",
    "note": "",
    "source": "hand-drawn",
    "applied": "2026-09-09T09:39:02"
   }
  },
  {
   "type": "Feature",
   "geometry": {
    "type": "Polygon",
    "coordinates": [
     [
      [
       35.626100599765785,
       33.97425254434152
      ],
      [
       35.62614351511002,
       33.97425032001566
      ],
      [
       35.62614619731904,
       33.97423474973299
      ],
      [
       35.626116693019874,
       33.97423030108027
      ],
      [
       35.626105964183814,
       33.974243647037724
      ],
      [
       35.626100599765785,
       33.97425254434152
      ]
     ]
    ]
   },
   "properties": {
    "kind": "add",
    "note": "",
    "source": "hand-drawn",
    "applied": "2026-09-09T09:39:02"
   }
  },
  {
   "type": "Feature",
   "geometry": {
    "type": "Polygon",
    "coordinates": [
     [
      [
       35.62656891169807,
       33.97432150937173
      ],
      [
       35.626563274214426,
       33.97431215917496
      ],
      [
       35.62657229418825,
       33.97430187395731
      ],
      [
       35.62656552920788,
       33.974303743996984
      ],
      [
       35.62656552920788,
       33.97429813387787
      ],
      [
       35.626576804175166,
       33.974280368498256
      ],
      [
       35.62658920663918,
       33.974273823357436
      ],
      [
       35.626583569155535,
       33.97428691363854
      ],
      [
       35.626585824149,
       33.97429065371847
      ],
      [
       35.626575676678435,
       33.97430093893748
      ],
      [
       35.62657905916862,
       33.97431776929314
      ],
      [
       35.62656891169807,
       33.97432150937173
      ]
     ]
    ]
   },
   "properties": {
    "kind": "remove",
    "note": "",
    "source": "hand-drawn",
    "applied": "2026-09-09T09:39:02"
   }
  },
  {
   "type": "Feature",
   "geometry": {
    "type": "Polygon",
    "coordinates": [
     [
      [
       35.62474574948767,
       33.97532197448517
      ],
      [
       35.6247389845073,
       33.97531636443324
      ],
      [
       35.6247389845073,
       33.97531075438094
      ],
      [
       35.624749131977865,
       33.97530607933708
      ],
      [
       35.624749131977865,
       33.97530046928411
      ],
      [
       35.62476378943534,
       33.97529859926637
      ],
      [
       35.62476829942226,
       33.975304209319454
      ],
      [
       35.62475476946151,
       33.97530981937219
      ],
      [
       35.62475251446805,
       33.975312624398406
      ],
      [
       35.624757024454965,
       33.97531636443324
      ],
      [
       35.62474574948767,
       33.97532197448517
      ]
     ]
    ]
   },
   "properties": {
    "kind": "remove",
    "note": "",
    "source": "hand-drawn",
    "applied": "2026-09-09T09:39:02"
   }
  },
  {
   "type": "Feature",
   "geometry": {
    "type": "Polygon",
    "coordinates": [
     [
      [
       35.624948698898834,
       33.9754865358437
      ],
      [
       35.6249475714021,
       33.97548186080949
      ],
      [
       35.62495546387921,
       33.97547344574729
      ],
      [
       35.62497575882033,
       33.97547064072636
      ],
      [
       35.62497237633014,
       33.975465965691264
      ],
      [
       35.62496335635631,
       33.975465965691285
      ],
      [
       35.62496110136286,
       33.975462225663044
      ],
      [
       35.624971248833425,
       33.97545848563464
      ],
      [
       35.62497914131052,
       33.97546690069832
      ],
      [
       35.62497914131052,
       33.97547344574728
      ],
      [
       35.62497237633014,
       33.97547438075424
      ],
      [
       35.62497801381379,
       33.97548560083687
      ],
      [
       35.624948698898834,
       33.9754865358437
      ]
     ]
    ]
   },
   "properties": {
    "kind": "remove",
    "note": "",
    "source": "hand-drawn",
    "applied": "2026-09-09T09:39:02"
   }
  },
  {
   "type": "Feature",
   "geometry": {
    "type": "Polygon",
    "coordinates": [
     [
      [
       35.62503100616004,
       33.975417345311286
      ],
      [
       35.62502875116658,
       33.975410800258025
      ],
      [
       35.625005073735274,
       33.975407060227354
      ],
      [
       35.624998308754904,
       33.975395840134354
      ],
      [
       35.62501183871565,
       33.975395840134354
      ],
      [
       35.62501183871565,
       33.97540332019651
      ],
      [
       35.62501973119275,
       33.97540332019652
      ],
      [
       35.625021986186205,
       33.975395840134375
      ],
      [
       35.62504228112733,
       33.97539584013436
      ],
      [
       35.625045663617506,
       33.97540612521966
      ],
      [
       35.62503100616004,
       33.975417345311286
      ]
     ]
    ]
   },
   "properties": {
    "kind": "remove",
    "note": "",
    "source": "hand-drawn",
    "applied": "2026-09-09T09:39:02"
   }
  },
  {
   "type": "Feature",
   "geometry": {
    "type": "Polygon",
    "coordinates": [
     [
      [
       35.624872029121306,
       33.97525465383761
      ],
      [
       35.624878794101676,
       33.97523314861952
      ],
      [
       35.624872029121306,
       33.975229408581015
      ],
      [
       35.624872029121306,
       33.975220058484105
      ],
      [
       35.624879921598406,
       33.975216318445035
      ],
      [
       35.62488104909513,
       33.97520883836645
      ],
      [
       35.624870901624575,
       33.97520416331697
      ],
      [
       35.624861881650745,
       33.97520883836645
      ],
      [
       35.6248562441671,
       33.97520322830704
      ],
      [
       35.62488217659187,
       33.97520042327721
      ],
      [
       35.62488555908205,
       33.97520416331697
      ],
      [
       35.62488555908205,
       33.97524997879066
      ],
      [
       35.624872029121306,
       33.97525465383761
      ]
     ]
    ]
   },
   "properties": {
    "kind": "remove",
    "note": "",
    "source": "hand-drawn",
    "applied": "2026-09-09T09:39:02"
   }
  },
  {
   "type": "Feature",
   "geometry": {
    "type": "Polygon",
    "coordinates": [
     [
      [
       35.625681571772525,
       33.97520135828717
      ],
      [
       35.625674806792155,
       33.97518733313676
      ],
      [
       35.62568495426272,
       33.97518546311652
      ],
      [
       35.62568608175944,
       33.97519200818715
      ],
      [
       35.62569284673982,
       33.9751910731771
      ],
      [
       35.62569622923,
       33.975196683237286
      ],
      [
       35.625689464249625,
       33.97520135828716
      ],
      [
       35.625681571772525,
       33.97520135828717
      ]
     ]
    ]
   },
   "properties": {
    "kind": "remove",
    "note": "",
    "source": "hand-drawn",
    "applied": "2026-09-09T09:39:02"
   }
  },
  {
   "type": "Feature",
   "geometry": {
    "type": "Polygon",
    "coordinates": [
     [
      [
       35.62546283740716,
       33.97559312655366
      ],
      [
       35.62546283740716,
       33.97556040134988
      ],
      [
       35.62546058241371,
       33.97556414137384
      ],
      [
       35.625450434943154,
       33.97556414137384
      ],
      [
       35.62544366996278,
       33.975558531337875
      ],
      [
       35.62543577748568,
       33.97555853133788
      ],
      [
       35.62542788500858,
       33.97554824627101
      ],
      [
       35.62544592495624,
       33.975545441252564
      ],
      [
       35.62543690498241,
       33.9755360911904
      ],
      [
       35.62543014000203,
       33.97553609119039
      ],
      [
       35.625432394995485,
       33.97552767613355
      ],
      [
       35.62544592495624,
       33.97553048115259
      ],
      [
       35.62544366996278,
       33.97551458604347
      ],
      [
       35.62543352249222,
       33.97551178102392
      ],
      [
       35.62542788500858,
       33.97551926107588
      ],
      [
       35.62541435504783,
       33.97551926107588
      ],
      [
       35.62542337502166,
       33.97551552104998
      ],
      [
       35.62541886503474,
       33.97550617098451
      ],
      [
       35.62542788500858,
       33.97550523597792
      ],
      [
       35.6254290125053,
       33.97549962593808
      ],
      [
       35.62543464998895,
       33.97550056094473
      ],
      [
       35.62544028747259,
       33.9754884058573
      ],
      [
       35.62544592495624,
       33.97548653584369
      ],
      [
       35.625466219897355,
       33.97548466583004
      ],
      [
       35.625480877354825,
       33.975486535843686
      ],
      [
       35.6254876423352,
       33.97549121087763
      ],
      [
       35.625491024825386,
       33.975488405857305
      ],
      [
       35.62552033974033,
       33.975487470850496
      ],
      [
       35.62552372223052,
       33.975482795816355
      ],
      [
       35.62554063468145,
       33.97548653584368
      ],
      [
       35.625572204589865,
       33.975486535843686
      ],
      [
       35.625572204589865,
       33.975549181277124
      ],
      [
       35.62556543960949,
       33.97555105128938
      ],
      [
       35.62556543960949,
       33.9755566613258
      ],
      [
       35.62555078215201,
       33.975558531337875
      ],
      [
       35.62554063468145,
       33.97556788139758
      ],
      [
       35.62552146723706,
       33.97555292130156
      ],
      [
       35.6255192122436,
       33.97556414137383
      ],
      [
       35.625514702256694,
       33.975568816403516
      ],
      [
       35.62550568228286,
       33.97556975140941
      ],
      [
       35.62550455478613,
       33.97557629645044
      ],
      [
       35.6254955348123,
       33.97558097147947
      ],
      [
       35.62549666230903,
       33.9755856465082
      ],
      [
       35.6254876423352,
       33.9755856465082
      ],
      [
       35.625482004851555,
       33.975591256542366
      ],
      [
       35.62546960238754,
       33.97558751651962
      ],
      [
       35.62546283740716,
       33.97559312655366
      ]
     ]
    ]
   },
   "properties": {
    "kind": "remove",
    "note": "",
    "source": "hand-drawn",
    "applied": "2026-09-09T09:39:02"
   }
  },
  {
   "type": "Feature",
   "geometry": {
    "type": "Polygon",
    "coordinates": [
     [
      [
       35.62493065895117,
       33.97585399272752
      ],
      [
       35.6249081090166,
       33.97583529267002
      ],
      [
       35.62490698151987,
       33.97582874764891
      ],
      [
       35.624926148964256,
       33.9758437076964
      ],
      [
       35.62492953145444,
       33.975837162675944
      ],
      [
       35.62493404144136,
       33.9758380976789
      ],
      [
       35.62493516893809,
       33.97584651270501
      ],
      [
       35.62492840395772,
       33.975843707696406
      ],
      [
       35.62492953145444,
       33.975850252716356
      ],
      [
       35.62493404144136,
       33.975851187719165
      ],
      [
       35.62493065895117,
       33.97585399272752
      ]
     ]
    ]
   },
   "properties": {
    "kind": "remove",
    "note": "",
    "source": "hand-drawn",
    "applied": "2026-09-09T09:39:02"
   }
  },
  {
   "type": "Feature",
   "geometry": {
    "type": "Polygon",
    "coordinates": [
     [
      [
       35.62493742393154,
       33.97596432298316
      ],
      [
       35.624910364010056,
       33.97596245298001
      ],
      [
       35.62492051148062,
       33.975956842970355
      ],
      [
       35.624910364010056,
       33.975958712973615
      ],
      [
       35.62490923651333,
       33.97595403796538
      ],
      [
       35.6249238939708,
       33.97594375294636
      ],
      [
       35.62493291394463,
       33.97594281794456
      ],
      [
       35.62494080642173,
       33.97594936295688
      ],
      [
       35.62494080642173,
       33.97595403796538
      ],
      [
       35.62493291394463,
       33.97595777797198
      ],
      [
       35.62493742393154,
       33.97596432298316
      ]
     ]
    ]
   },
   "properties": {
    "kind": "remove",
    "note": "",
    "source": "hand-drawn",
    "applied": "2026-09-09T09:39:02"
   }
  },
  {
   "type": "Feature",
   "geometry": {
    "type": "Polygon",
    "coordinates": [
     [
      [
       35.6248562441671,
       33.97605782308771
      ],
      [
       35.62482467425869,
       33.97605595308663
      ],
      [
       35.624813399291405,
       33.97605127808374
      ],
      [
       35.624804379317574,
       33.97604099307648
      ],
      [
       35.62481565428486,
       33.97603351307042
      ],
      [
       35.62480776180776,
       33.97602977306715
      ],
      [
       35.624806634311035,
       33.97602416306192
      ],
      [
       35.6247976143372,
       33.97602509806282
      ],
      [
       35.624796486840474,
       33.97602042305823
      ],
      [
       35.62479986933066,
       33.97601574805339
      ],
      [
       35.6248167817816,
       33.97601761805536
      ],
      [
       35.624821291768505,
       33.97600359303961
      ],
      [
       35.62482580175542,
       33.97600078803616
      ],
      [
       35.62483031174234,
       33.97600265803847
      ],
      [
       35.62483143923907,
       33.976013878051376
      ],
      [
       35.62483482172926,
       33.976014813052394
      ],
      [
       35.62483594922598,
       33.97599798303265
      ],
      [
       35.62484158670962,
       33.97599891803384
      ],
      [
       35.62484271420635,
       33.97600265803847
      ],
      [
       35.624844969199806,
       33.97599611303023
      ],
      [
       35.62485173418018,
       33.97599704803145
      ],
      [
       35.624872029121306,
       33.975976478002565
      ],
      [
       35.62488555908205,
       33.975974607999696
      ],
      [
       35.62488555908205,
       33.97605314808493
      ],
      [
       35.6248562441671,
       33.97605782308771
      ]
     ]
    ]
   },
   "properties": {
    "kind": "remove",
    "note": "",
    "source": "hand-drawn",
    "applied": "2026-09-09T09:39:02"
   }
  },
  {
   "type": "Feature",
   "geometry": {
    "type": "Polygon",
    "coordinates": [
     [
      [
       35.62491261900352,
       33.97628502791327
      ],
      [
       35.62490472652642,
       33.97627661293055
      ],
      [
       35.62489683404931,
       33.97627661293055
      ],
      [
       35.62488894157221,
       33.97628222291913
      ],
      [
       35.62488668657875,
       33.97622238302199
      ],
      [
       35.62489119656566,
       33.976203683045505
      ],
      [
       35.62489908904277,
       33.97620461804442
      ],
      [
       35.62491374650024,
       33.976195268054724
      ],
      [
       35.624919383983894,
       33.97619526805474
      ],
      [
       35.62494644390538,
       33.976203683045505
      ],
      [
       35.62494418891192,
       33.97621209803544
      ],
      [
       35.6249317864479,
       33.97620648804222
      ],
      [
       35.624900216539494,
       33.976208358040004
      ],
      [
       35.624895706552586,
       33.976223318020715
      ],
      [
       35.62491261900352,
       33.97622705801546
      ],
      [
       35.62491712899043,
       33.97622051302454
      ],
      [
       35.62492163897735,
       33.976238277998775
      ],
      [
       35.62493855142828,
       33.9762345380045
      ],
      [
       35.62494080642173,
       33.976228928012794
      ],
      [
       35.624958846369395,
       33.97622799301414
      ],
      [
       35.62496222885958,
       33.97623921299732
      ],
      [
       35.62496110136286,
       33.97624482298835
      ],
      [
       35.624950953892295,
       33.976248562982164
      ],
      [
       35.62495320888575,
       33.97625978296264
      ],
      [
       35.6249475714021,
       33.976261652959245
      ],
      [
       35.62494306141519,
       33.97625884796432
      ],
      [
       35.624939678925,
       33.97626258795752
      ],
      [
       35.62494306141519,
       33.97626913294522
      ],
      [
       35.62493855142828,
       33.97627287293797
      ],
      [
       35.62493291394463,
       33.976270067943425
      ],
      [
       35.62492727646099,
       33.9762719379398
      ],
      [
       35.624926148964256,
       33.97627661293055
      ],
      [
       35.62491261900352,
       33.97628502791327
      ]
     ]
    ]
   },
   "properties": {
    "kind": "remove",
    "note": "",
    "source": "hand-drawn",
    "applied": "2026-09-09T09:39:02"
   }
  },
  {
   "type": "Feature",
   "geometry": {
    "type": "Polygon",
    "coordinates": [
     [
      [
       35.62534783274083,
       33.976332712799575
      ],
      [
       35.62533543027681,
       33.976326167816765
      ],
      [
       35.62533543027681,
       33.97632055783109
      ],
      [
       35.625330920289905,
       33.97632429782157
      ],
      [
       35.6253230278128,
       33.97631868783578
      ],
      [
       35.62532528280626,
       33.97630840286086
      ],
      [
       35.625312880342236,
       33.976286897909304
      ],
      [
       35.6253151353357,
       33.97627848292678
      ],
      [
       35.62531851782588,
       33.9762784829268
      ],
      [
       35.62531851782588,
       33.976270067943425
      ],
      [
       35.625312880342236,
       33.976266327950526
      ],
      [
       35.62531851782588,
       33.97626445795405
      ],
      [
       35.62532190031607,
       33.976240147995846
      ],
      [
       35.62536474519176,
       33.97624201799288
      ],
      [
       35.62537940264924,
       33.97625323797421
      ],
      [
       35.62539631510017,
       33.97628315791718
      ],
      [
       35.625395187603445,
       33.976295312891004
      ],
      [
       35.625389550119806,
       33.97629998788049
      ],
      [
       35.625369255178676,
       33.97630092287832
      ],
      [
       35.625369255178676,
       33.97630559786749
      ],
      [
       35.62537489266232,
       33.976308402860845
      ],
      [
       35.62537263766886,
       33.9763121428519
      ],
      [
       35.62536587268849,
       33.97631214285189
      ],
      [
       35.6253624901983,
       33.97630746786307
      ],
      [
       35.62535347022447,
       33.976311207854145
      ],
      [
       35.625361362701575,
       33.97632616781676
      ],
      [
       35.62534783274083,
       33.976332712799575
      ]
     ]
    ]
   },
   "properties": {
    "kind": "remove",
    "note": "",
    "source": "hand-drawn",
    "applied": "2026-09-09T09:39:02"
   }
  },
  {
   "type": "Feature",
   "geometry": {
    "type": "Polygon",
    "coordinates": [
     [
      [
       35.62490165233613,
       33.97629222666736
      ],
      [
       35.6249687075615,
       33.976256638300306
      ],
      [
       35.62497943639756,
       33.97623661983729
      ],
      [
       35.62497407197953,
       33.976203255721785
      ],
      [
       35.624939203262336,
       33.97617878869543
      ],
      [
       35.62486410140992,
       33.976245516932536
      ],
      [
       35.62486410140992,
       33.97627220821271
      ],
      [
       35.6248962879181,
       33.976296675212204
      ],
      [
       35.62490165233613,
       33.97629222666736
      ]
     ]
    ]
   },
   "properties": {
    "kind": "add",
    "note": "",
    "source": "hand-drawn",
    "applied": "2026-09-09T09:39:02"
   }
  },
  {
   "type": "Feature",
   "geometry": {
    "type": "Polygon",
    "coordinates": [
     [
      [
       35.62442215792652,
       33.976230798010064
      ],
      [
       35.62441990293306,
       33.976227058015475
      ],
      [
       35.6244413253709,
       33.97621770802826
      ],
      [
       35.6244413253709,
       33.97621022803774
      ],
      [
       35.624449217848,
       33.97620648804222
      ],
      [
       35.624432305397065,
       33.976203683045505
      ],
      [
       35.62443681538399,
       33.976196203053746
      ],
      [
       35.62441652044287,
       33.97617656807228
      ],
      [
       35.62442103042979,
       33.97617563307304
      ],
      [
       35.62441990293306,
       33.9761728280753
      ],
      [
       35.624402990482125,
       33.97616067308396
      ],
      [
       35.624402990482125,
       33.97615412808791
      ],
      [
       35.624409755462494,
       33.9761466480918
      ],
      [
       35.62441539294614,
       33.97614197309389
      ],
      [
       35.624425540416695,
       33.97614103809429
      ],
      [
       35.62442215792652,
       33.976146648091806
      ],
      [
       35.624427795410156,
       33.97614851809089
      ],
      [
       35.62442103042979,
       33.976148518090895
      ],
      [
       35.62442103042979,
       33.97615412808793
      ],
      [
       35.624425540416695,
       33.97615319308842
      ],
      [
       35.624425540416695,
       33.97614945309042
      ],
      [
       35.624427795410156,
       33.976154128087884
      ],
      [
       35.62443568788726,
       33.976155063087376
      ],
      [
       35.62443681538399,
       33.976165348080826
      ],
      [
       35.62445260033819,
       33.97616534808084
      ],
      [
       35.62445711032511,
       33.976175633073034
      ],
      [
       35.624477405266234,
       33.97617563307305
      ],
      [
       35.624477405266234,
       33.97618124306829
      ],
      [
       35.624467257795665,
       33.9761849830649
      ],
      [
       35.624467257795665,
       33.976189658060434
      ],
      [
       35.62447402277605,
       33.97618965806043
      ],
      [
       35.62447853276295,
       33.976196203053746
      ],
      [
       35.624469512789126,
       33.97620274804657
      ],
      [
       35.624469512789126,
       33.97620929303888
      ],
      [
       35.624477405266234,
       33.97621022803774
      ],
      [
       35.624477405266234,
       33.976213968033065
      ],
      [
       35.624466130298934,
       33.97622051302452
      ],
      [
       35.624465002802204,
       33.97622518801812
      ],
      [
       35.62445711032511,
       33.97622518801812
      ],
      [
       35.62445485533165,
       33.97621957802577
      ],
      [
       35.624442452867626,
       33.97621957802578
      ],
      [
       35.62443907037744,
       33.97623079801007
      ],
      [
       35.62442215792652,
       33.976230798010064
      ]
     ]
    ]
   },
   "properties": {
    "kind": "remove",
    "note": "",
    "source": "hand-drawn",
    "applied": "2026-09-09T09:39:02"
   }
  },
  {
   "type": "Feature",
   "geometry": {
    "type": "Polygon",
    "coordinates": [
     [
      [
       35.62454505506995,
       33.97644678241907
      ],
      [
       35.62453603509613,
       33.97643649745965
      ],
      [
       35.62452250513538,
       33.97643275747409
      ],
      [
       35.62451348516154,
       33.976421537516444
      ],
      [
       35.624490935226966,
       33.97641873252681
      ],
      [
       35.62447289527931,
       33.976397227603144
      ],
      [
       35.62444470786109,
       33.97637665767111
      ],
      [
       35.624459365318565,
       33.976374787677045
      ],
      [
       35.624458237821834,
       33.976368242697454
      ],
      [
       35.624467257795665,
       33.97636824269746
      ],
      [
       35.624477405266234,
       33.97635328274227
      ],
      [
       35.624475150272765,
       33.97634767275838
      ],
      [
       35.624449217848,
       33.97635047775036
      ],
      [
       35.62443681538399,
       33.976346737761034
      ],
      [
       35.624427795410156,
       33.97635982772299
      ],
      [
       35.624443580364364,
       33.97636543770605
      ],
      [
       35.62442441291997,
       33.9763663727032
      ],
      [
       35.624418775436325,
       33.976362632714554
      ],
      [
       35.62441652044287,
       33.97635234774497
      ],
      [
       35.62442441291997,
       33.97634112777673
      ],
      [
       35.62441652044287,
       33.976340192779304
      ],
      [
       35.62442892290688,
       33.976339257781866
      ],
      [
       35.624427795410156,
       33.97633271279956
      ],
      [
       35.62443681538399,
       33.97633177780204
      ],
      [
       35.62445147284146,
       33.976310272856395
      ],
      [
       35.624467257795665,
       33.976309337858645
      ],
      [
       35.624476277769496,
       33.976313077849625
      ],
      [
       35.62447853276295,
       33.97631962283344
      ],
      [
       35.62448642524005,
       33.97632336282398
      ],
      [
       35.62448529774333,
       33.976330842804536
      ],
      [
       35.62449319022043,
       33.976328972809455
      ],
      [
       35.624490935226966,
       33.976340192779304
      ],
      [
       35.62449657271061,
       33.97634767275837
      ],
      [
       35.62450221019426,
       33.97635234774497
      ],
      [
       35.62451235766482,
       33.97635328274226
      ],
      [
       35.62451799514846,
       33.97636543770606
      ],
      [
       35.624523632632105,
       33.9763645027089
      ],
      [
       35.62451912264519,
       33.97636730770034
      ],
      [
       35.62452025014192,
       33.97637385267998
      ],
      [
       35.624498827704066,
       33.9763766576711
      ],
      [
       35.62449319022043,
       33.97637385267996
      ],
      [
       35.62448755273678,
       33.97638133265609
      ],
      [
       35.624477405266234,
       33.97638226765306
      ],
      [
       35.62447402277605,
       33.97638881263156
      ],
      [
       35.62448191525314,
       33.97639348761589
      ],
      [
       35.6244920627237,
       33.97638694263775
      ],
      [
       35.62450108269753,
       33.976401902587035
      ],
      [
       35.62450897517463,
       33.97640190258704
      ],
      [
       35.62451799514846,
       33.97640751256732
      ],
      [
       35.62452025014192,
       33.97641499254047
      ],
      [
       35.624540545083036,
       33.97642340750951
      ],
      [
       35.62454505506995,
       33.97642714749546
      ],
      [
       35.624547310063406,
       33.97643930244871
      ],
      [
       35.624555202540506,
       33.97644210743767
      ],
      [
       35.62455069255359,
       33.97644678241906
      ],
      [
       35.62454505506995,
       33.97644678241907
      ]
     ]
    ]
   },
   "properties": {
    "kind": "remove",
    "note": "",
    "source": "hand-drawn",
    "applied": "2026-09-09T09:39:02"
   }
  },
  {
   "type": "Feature",
   "geometry": {
    "type": "Polygon",
    "coordinates": [
     [
      [
       35.62514262833619,
       33.976888099505516
      ],
      [
       35.62514375583292,
       33.9768796845825
      ],
      [
       35.62512120589834,
       33.97687407463335
      ],
      [
       35.62511895090488,
       33.97686659470058
      ],
      [
       35.62511218592451,
       33.97686472471729
      ],
      [
       35.62511218592451,
       33.97685724478371
      ],
      [
       35.62510316595068,
       33.976859114767166
      ],
      [
       35.62509865596377,
       33.97687126965864
      ],
      [
       35.62508287100956,
       33.97685817977544
      ],
      [
       35.625070468545545,
       33.976874074633365
      ],
      [
       35.62507610602919,
       33.976878749591
      ],
      [
       35.625071596042275,
       33.97688248955692
      ],
      [
       35.62505806608153,
       33.97687220465022
      ],
      [
       35.62505581108807,
       33.976859114767166
      ],
      [
       35.62505919357825,
       33.97685256982488
      ],
      [
       35.62505242859788,
       33.97685069984127
      ],
      [
       35.62505355609461,
       33.97684602488208
      ],
      [
       35.6250411536306,
       33.97684321990643
      ],
      [
       35.62503551614695,
       33.97683200000297
      ],
      [
       35.625024241179666,
       33.97682452006652
      ],
      [
       35.62501860369602,
       33.976815170144995
      ],
      [
       35.625015221205835,
       33.976815170144995
      ],
      [
       35.625015221205835,
       33.97682171509015
      ],
      [
       35.62502085868948,
       33.97682919502688
      ],
      [
       35.62501634870256,
       33.976831065010956
      ],
      [
       35.62498590629088,
       33.97681891011372
      ],
      [
       35.62497914131052,
       33.97680582022247
      ],
      [
       35.62497237633014,
       33.97681049518386
      ],
      [
       35.6249746313236,
       33.97680395023782
      ],
      [
       35.62497914131052,
       33.976804885230145
      ],
      [
       35.6249825238007,
       33.976793665321615
      ],
      [
       35.62499154377453,
       33.976796470298886
      ],
      [
       35.62499154377453,
       33.97678712037428
      ],
      [
       35.624998308754904,
       33.976786185381776
      ],
      [
       35.625006201232004,
       33.97678992535177
      ],
      [
       35.62500394623854,
       33.97680301524549
      ],
      [
       35.62500845622546,
       33.976805820222474
      ],
      [
       35.625021986186205,
       33.97680208025315
      ],
      [
       35.625034388650235,
       33.97679366532161
      ],
      [
       35.62503777114041,
       33.976793665321615
      ],
      [
       35.62503777114041,
       33.976804885230145
      ],
      [
       35.625054683591344,
       33.97680208025315
      ],
      [
       35.625070468545545,
       33.97680488523014
      ],
      [
       35.62507610602919,
       33.976803015245494
      ],
      [
       35.62507497853246,
       33.97679460031405
      ],
      [
       35.625078361022645,
       33.976791795336716
      ],
      [
       35.62511669591143,
       33.97678151041904
      ],
      [
       35.625134735859085,
       33.97677122550012
      ],
      [
       35.62515052081329,
       33.9767712255001
      ],
      [
       35.62515615829694,
       33.97678057542646
      ],
      [
       35.62515503080021,
       33.97678431539671
      ],
      [
       35.62514601082638,
       33.9767824454116
      ],
      [
       35.62514488332965,
       33.97678992535178
      ],
      [
       35.62516405077403,
       33.976807690207046
      ],
      [
       35.62516066828385,
       33.97682545505861
      ],
      [
       35.62517081575441,
       33.97682919502688
      ],
      [
       35.62515390330348,
       33.9768404149307
      ],
      [
       35.62515390330348,
       33.976849764849455
      ],
      [
       35.625134735859085,
       33.976859114767144
      ],
      [
       35.62512909837544,
       33.97687033466706
      ],
      [
       35.62513022587218,
       33.97687500962489
      ],
      [
       35.62513811834927,
       33.97687220465022
      ],
      [
       35.62514826581983,
       33.976875009624905
      ],
      [
       35.62514826581983,
       33.97688435953983
      ],
      [
       35.62514262833619,
       33.976888099505516
      ]
     ]
    ]
   },
   "properties": {
    "kind": "remove",
    "note": "",
    "source": "hand-drawn",
    "applied": "2026-09-09T09:39:02"
   }
  },
  {
   "type": "Feature",
   "geometry": {
    "type": "Polygon",
    "coordinates": [
     [
      [
       35.62504904610769,
       33.976918019225074
      ],
      [
       35.625045663617506,
       33.97690960430501
      ],
      [
       35.625054683591344,
       33.976907734322666
      ],
      [
       35.62504904610769,
       33.97690212437537
      ],
      [
       35.62505017360443,
       33.9768955794364
      ],
      [
       35.625061448571714,
       33.9768899694883
      ],
      [
       35.6250648310619,
       33.97689464444506
      ],
      [
       35.62505242859788,
       33.97690118938411
      ],
      [
       35.62506708605536,
       33.97690492934906
      ],
      [
       35.625069341048814,
       33.976912409278455
      ],
      [
       35.62504904610769,
       33.976918019225074
      ]
     ]
    ]
   },
   "properties": {
    "kind": "remove",
    "note": "",
    "source": "hand-drawn",
    "applied": "2026-09-09T09:39:02"
   }
  },
  {
   "type": "Feature",
   "geometry": {
    "type": "Polygon",
    "coordinates": [
     [
      [
       35.62540322542191,
       33.97669704329416
      ],
      [
       35.625448822975166,
       33.97669926755602
      ],
      [
       35.62544077634812,
       33.97665923083371
      ],
      [
       35.62540858983994,
       33.97665923083371
      ],
      [
       35.62540322542191,
       33.97668814624616
      ],
      [
       35.62540322542191,
       33.97669704329416
      ]
     ]
    ]
   },
   "properties": {
    "kind": "add",
    "note": "",
    "source": "hand-drawn",
    "applied": "2026-09-09T09:39:02"
   }
  },
  {
   "type": "Feature",
   "geometry": {
    "type": "Polygon",
    "coordinates": [
     [
      [
       35.62444809035127,
       33.97655056693992
      ],
      [
       35.62444583535782,
       33.97654495696904
      ],
      [
       35.624450345344734,
       33.97653841200256
      ],
      [
       35.62444696285455,
       33.97653560701678
      ],
      [
       35.624466130298934,
       33.97653467202151
      ],
      [
       35.62446387530548,
       33.97654776195452
      ],
      [
       35.62444809035127,
       33.97655056693992
      ]
     ]
    ]
   },
   "properties": {
    "kind": "remove",
    "note": "",
    "source": "hand-drawn",
    "applied": "2026-09-09T09:39:02"
   }
  },
  {
   "type": "Feature",
   "geometry": {
    "type": "Polygon",
    "coordinates": [
     [
      [
       35.62479874183393,
       33.97645613238109
      ],
      [
       35.624796486840474,
       33.976451457400195
      ],
      [
       35.62478633936991,
       33.97644865241155
      ],
      [
       35.62478408437645,
       33.97643836745236
      ],
      [
       35.62479874183393,
       33.97644865241155
      ],
      [
       35.62480888930449,
       33.9764393024487
      ],
      [
       35.62481565428486,
       33.97644117244133
      ],
      [
       35.62481790927832,
       33.97645052240398
      ],
      [
       35.62479874183393,
       33.97645613238109
      ]
     ]
    ]
   },
   "properties": {
    "kind": "remove",
    "note": "",
    "source": "hand-drawn",
    "applied": "2026-09-09T09:39:02"
   }
  },
  {
   "type": "Feature",
   "geometry": {
    "type": "Polygon",
    "coordinates": [
     [
      [
       35.624540545083036,
       33.976856309791955
      ],
      [
       35.62453716259286,
       33.97685163483308
      ],
      [
       35.62452701512229,
       33.97685443980844
      ],
      [
       35.62451010267136,
       33.9768404149307
      ],
      [
       35.62450446518771,
       33.976827325042734
      ],
      [
       35.62451010267136,
       33.976807690207046
      ],
      [
       35.624524760128836,
       33.97680488523015
      ],
      [
       35.62453039761248,
       33.97680114526081
      ],
      [
       35.62452927011575,
       33.976795535306486
      ],
      [
       35.62455633003724,
       33.97680675521475
      ],
      [
       35.624555202540506,
       33.97681610513719
      ],
      [
       35.62456084002415,
       33.97682171509016
      ],
      [
       35.6245664775078,
       33.97682171509017
      ],
      [
       35.62456422251434,
       33.97682732504276
      ],
      [
       35.62456985999798,
       33.97683106501094
      ],
      [
       35.62456309501761,
       33.976832934994995
      ],
      [
       35.62456535001107,
       33.9768376099549
      ],
      [
       35.62456084002415,
       33.9768376099549
      ],
      [
       35.62456196752088,
       33.97684321990645
      ],
      [
       35.62455294754705,
       33.976853504816646
      ],
      [
       35.624540545083036,
       33.976856309791955
      ]
     ]
    ]
   },
   "properties": {
    "kind": "remove",
    "note": "",
    "source": "hand-drawn",
    "applied": "2026-09-09T09:39:02"
   }
  },
  {
   "type": "Feature",
   "geometry": {
    "type": "Polygon",
    "coordinates": [
     [
      [
       35.624467257795665,
       33.97688435953984
      ],
      [
       35.624459365318565,
       33.97687687960798
      ],
      [
       35.624460492815295,
       33.97686939967546
      ],
      [
       35.624449217848,
       33.97686285473396
      ],
      [
       35.62445147284146,
       33.976859114767166
      ],
      [
       35.624460492815295,
       33.97686378972561
      ],
      [
       35.624465002802204,
       33.97686378972563
      ],
      [
       35.624465002802204,
       33.976859114767166
      ],
      [
       35.62447966025969,
       33.97685911476715
      ],
      [
       35.624476277769496,
       33.9768778145995
      ],
      [
       35.624467257795665,
       33.97688435953984
      ]
     ]
    ]
   },
   "properties": {
    "kind": "remove",
    "note": "",
    "source": "hand-drawn",
    "applied": "2026-09-09T09:39:02"
   }
  },
  {
   "type": "Feature",
   "geometry": {
    "type": "Polygon",
    "coordinates": [
     [
      [
       35.62447966025969,
       33.97685817977545
      ],
      [
       35.62447853276295,
       33.97685443980844
      ],
      [
       35.624483042749866,
       33.97685163483307
      ],
      [
       35.624476277769496,
       33.97684789486579
      ],
      [
       35.624477405266234,
       33.97684508989021
      ],
      [
       35.62447064028586,
       33.97684415489833
      ],
      [
       35.624469512789126,
       33.97683854494686
      ],
      [
       35.62446274780875,
       33.97683667496294
      ],
      [
       35.62446274780875,
       33.97683013001893
      ],
      [
       35.62445260033819,
       33.97682919502686
      ],
      [
       35.62444019787417,
       33.97683667496293
      ],
      [
       35.6244334328938,
       33.97683386998699
      ],
      [
       35.62444583535782,
       33.97682639005069
      ],
      [
       35.624465002802204,
       33.97682826003482
      ],
      [
       35.624465002802204,
       33.97683200000298
      ],
      [
       35.62448642524005,
       33.97684882985764
      ],
      [
       35.62448529774333,
       33.97685817977544
      ],
      [
       35.62447966025969,
       33.97685817977545
      ]
     ]
    ]
   },
   "properties": {
    "kind": "remove",
    "note": "",
    "source": "hand-drawn",
    "applied": "2026-09-09T09:39:02"
   }
  },
  {
   "type": "Feature",
   "geometry": {
    "type": "Polygon",
    "coordinates": [
     [
      [
       35.62457549748163,
       33.97680956019159
      ],
      [
       35.62456535001107,
       33.97680769020706
      ],
      [
       35.62455971252742,
       33.976801145260794
      ],
      [
       35.62455294754705,
       33.9768011452608
      ],
      [
       35.624554075043775,
       33.976794600314044
      ],
      [
       35.624540545083036,
       33.97678431539671
      ],
      [
       35.62453941758631,
       33.97677777044867
      ],
      [
       35.62455182005032,
       33.97678338040417
      ],
      [
       35.62455182005032,
       33.97678899035929
      ],
      [
       35.62455745753397,
       33.97679273032916
      ],
      [
       35.6245664775078,
       33.97679273032917
      ],
      [
       35.624582262462006,
       33.97680395023782
      ],
      [
       35.62457549748163,
       33.97680956019159
      ]
     ]
    ]
   },
   "properties": {
    "kind": "remove",
    "note": "",
    "source": "hand-drawn",
    "applied": "2026-09-09T09:39:02"
   }
  },
  {
   "type": "Feature",
   "geometry": {
    "type": "Polygon",
    "coordinates": [
     [
      [
       35.62460124492646,
       33.97689500237146
      ],
      [
       35.624625384807594,
       33.97688165683017
      ],
      [
       35.624620020389564,
       33.97685274148352
      ],
      [
       35.62459588050843,
       33.97684829296779
      ],
      [
       35.624577105045326,
       33.97686386277188
      ],
      [
       35.62459588050843,
       33.9768838810872
      ],
      [
       35.62460124492646,
       33.97689500237146
      ]
     ]
    ]
   },
   "properties": {
    "kind": "add",
    "note": "",
    "source": "hand-drawn",
    "applied": "2026-09-09T09:39:02"
   }
  },
  {
   "type": "Feature",
   "geometry": {
    "type": "Polygon",
    "coordinates": [
     [
      [
       35.62454223632813,
       33.97685274148352
      ],
      [
       35.62457978725434,
       33.9768304989025
      ],
      [
       35.624587833881385,
       33.97680825631566
      ],
      [
       35.62451004981995,
       33.976743752780905
      ],
      [
       35.624493956565864,
       33.97673707999866
      ],
      [
       35.62446981668473,
       33.97674597704154
      ],
      [
       35.624461770057685,
       33.9767748924245
      ],
      [
       35.624477863311775,
       33.97680603205667
      ],
      [
       35.62451004981995,
       33.97683939593562
      ],
      [
       35.62455028295518,
       33.97685496574131
      ],
      [
       35.62454223632813,
       33.97685274148352
      ]
     ]
    ]
   },
   "properties": {
    "kind": "add",
    "note": "",
    "source": "hand-drawn",
    "applied": "2026-09-09T09:39:02"
   }
  },
  {
   "type": "Feature",
   "geometry": {
    "type": "Polygon",
    "coordinates": [
     [
      [
       35.62441885471345,
       33.976857189999045
      ],
      [
       35.62446981668473,
       33.976826050385604
      ],
      [
       35.62450736761094,
       33.97683939593562
      ],
      [
       35.624518096447,
       33.97685496574131
      ],
      [
       35.624518096447,
       33.97692391770371
      ],
      [
       35.62448054552079,
       33.97692614195964
      ],
      [
       35.62441617250443,
       33.97685051722571
      ],
      [
       35.62441885471345,
       33.976857189999045
      ]
     ]
    ]
   },
   "properties": {
    "kind": "add",
    "note": "",
    "source": "hand-drawn",
    "applied": "2026-09-09T09:39:02"
   }
  },
  {
   "type": "Feature",
   "geometry": {
    "type": "Polygon",
    "coordinates": [
     [
      [
       35.62380462884904,
       33.97692614195964
      ],
      [
       35.623869001865394,
       33.976906123654246
      ],
      [
       35.62382876873017,
       33.9768304989025
      ],
      [
       35.623809993267066,
       33.9768127048335
      ],
      [
       35.62380194664002,
       33.97684162019376
      ],
      [
       35.6237804889679,
       33.97684384445183
      ],
      [
       35.62377244234086,
       33.97682160186847
      ],
      [
       35.62373489141465,
       33.976801583538474
      ],
      [
       35.623737573623664,
       33.976757098343846
      ],
      [
       35.62368392944337,
       33.97674597704154
      ],
      [
       35.62366515398026,
       33.97679268650142
      ],
      [
       35.62381803989411,
       33.97691946919169
      ],
      [
       35.62380462884904,
       33.97692614195964
      ]
     ]
    ]
   },
   "properties": {
    "kind": "add",
    "note": "",
    "source": "hand-drawn",
    "applied": "2026-09-09T09:39:02"
   }
  },
  {
   "type": "Feature",
   "geometry": {
    "type": "Polygon",
    "coordinates": [
     [
      [
       35.62361419200898,
       33.976966178556246
      ],
      [
       35.62366515398026,
       33.97695060877091
      ],
      [
       35.62368124723435,
       33.97691057216697
      ],
      [
       35.62360882759095,
       33.97684384445183
      ],
      [
       35.62357127666474,
       33.97688165683017
      ],
      [
       35.62363028526307,
       33.976966178556246
      ],
      [
       35.62361419200898,
       33.976966178556246
      ]
     ]
    ]
   },
   "properties": {
    "kind": "add",
    "note": "",
    "source": "hand-drawn",
    "applied": "2026-09-09T09:39:02"
   }
  },
  {
   "type": "Feature",
   "geometry": {
    "type": "Polygon",
    "coordinates": [
     [
      [
       35.623726844787605,
       33.97594523945309
      ],
      [
       35.62376976013184,
       33.9759496880161
      ],
      [
       35.62378853559495,
       33.975900753810386
      ],
      [
       35.62375903129578,
       33.97589630524484
      ],
      [
       35.623732209205635,
       33.97590742665828
      ],
      [
       35.623721480369575,
       33.97594301517151
      ],
      [
       35.623726844787605,
       33.97594523945309
      ]
     ]
    ]
   },
   "properties": {
    "kind": "add",
    "note": "",
    "source": "hand-drawn",
    "applied": "2026-09-09T09:39:02"
   }
  },
  {
   "type": "Feature",
   "geometry": {
    "type": "Polygon",
    "coordinates": [
     [
      [
       35.62138242674577,
       33.97521070838615
      ],
      [
       35.62137904425558,
       33.975202293297095
      ],
      [
       35.62138242674577,
       33.975199488267236
      ],
      [
       35.62137678926213,
       33.97519200818714
      ],
      [
       35.621389191726145,
       33.97519574822728
      ],
      [
       35.62138242674577,
       33.975186398126645
      ],
      [
       35.62139257421633,
       33.975186398126645
      ],
      [
       35.62139257421633,
       33.975179853055586
      ],
      [
       35.621380171752314,
       33.975184528106396
      ],
      [
       35.62137002428175,
       33.97518078806577
      ],
      [
       35.62136664179157,
       33.975186398126645
      ],
      [
       35.62134747434718,
       33.975176113014754
      ],
      [
       35.62134634685045,
       33.975164892891286
      ],
      [
       35.6213519843341,
       33.97516115284981
      ],
      [
       35.621349729340636,
       33.97515647779771
      ],
      [
       35.62136664179157,
       33.975157412808144
      ],
      [
       35.62137678926213,
       33.97516863293263
      ],
      [
       35.621380171752314,
       33.97516769792229
      ],
      [
       35.62137791675885,
       33.9751639578809
      ],
      [
       35.6213835542425,
       33.97516395788093
      ],
      [
       35.62138693673269,
       33.975171437963496
      ],
      [
       35.621398211699976,
       33.975169567942906
      ],
      [
       35.621406104177076,
       33.97517517800453
      ],
      [
       35.621423016628015,
       33.975174242994285
      ],
      [
       35.62143654658875,
       33.9751789180454
      ],
      [
       35.62143767408548,
       33.975183593096254
      ],
      [
       35.62143429159529,
       33.975182658086105
      ],
      [
       35.62143090910511,
       33.97518920315694
      ],
      [
       35.621423016628015,
       33.97518639812665
      ],
      [
       35.62142752661492,
       33.97519855325726
      ],
      [
       35.621452331542955,
       33.97519294319719
      ],
      [
       35.621452331542955,
       33.975198553257265
      ],
      [
       35.62140272168689,
       33.975210708386136
      ],
      [
       35.62139933919671,
       33.97521070838614
      ],
      [
       35.62139933919671,
       33.97520416331697
      ],
      [
       35.62140272168689,
       33.97520416331697
      ],
      [
       35.62140272168689,
       33.97519761824728
      ],
      [
       35.62139257421633,
       33.97519761824728
      ],
      [
       35.62139595670652,
       33.97520416331697
      ],
      [
       35.62138242674577,
       33.97521070838615
      ]
     ]
    ]
   },
   "properties": {
    "kind": "remove",
    "note": "",
    "source": "hand-drawn",
    "applied": "2026-09-09T09:39:02"
   }
  },
  {
   "type": "Feature",
   "geometry": {
    "type": "Polygon",
    "coordinates": [
     [
      [
       35.62186274035222,
       33.975227538561725
      ],
      [
       35.62186386784895,
       33.97521538343525
      ],
      [
       35.6218852902868,
       33.97521070838615
      ],
      [
       35.62188190779661,
       33.97522099349384
      ],
      [
       35.62186274035222,
       33.975227538561725
      ]
     ]
    ]
   },
   "properties": {
    "kind": "remove",
    "note": "",
    "source": "hand-drawn",
    "applied": "2026-09-09T09:39:02"
   }
  },
  {
   "type": "Feature",
   "geometry": {
    "type": "Polygon",
    "coordinates": [
     [
      [
       35.622178439436276,
       33.975181723075934
      ],
      [
       35.622171674455906,
       33.97517050295321
      ],
      [
       35.62216490947553,
       33.975173307984015
      ],
      [
       35.622163781978806,
       33.97516956794289
      ],
      [
       35.622171674455906,
       33.97516863293261
      ],
      [
       35.622178439436276,
       33.975157412808144
      ],
      [
       35.62218858690684,
       33.97516208786018
      ],
      [
       35.62218971440357,
       33.975171437963496
      ],
      [
       35.62219309689375,
       33.975172372973766
      ],
      [
       35.62219760688067,
       33.975164892891286
      ],
      [
       35.62220888184796,
       33.97516769792228
      ],
      [
       35.6222224118087,
       33.97515647779771
      ],
      [
       35.62220888184796,
       33.97515647779771
      ],
      [
       35.622205499357776,
       33.97515273775585
      ],
      [
       35.62219986187413,
       33.97515554278726
      ],
      [
       35.622196479383945,
       33.975145257671635
      ],
      [
       35.622204371861045,
       33.97513777758679
      ],
      [
       35.62221564682834,
       33.9751340375441
      ],
      [
       35.62222128431197,
       33.975135907565466
      ],
      [
       35.622226921795615,
       33.9751293624905
      ],
      [
       35.62224721673673,
       33.97512375242587
      ],
      [
       35.62224721673673,
       33.97511627233913
      ],
      [
       35.62226525668439,
       33.975127492469014
      ],
      [
       35.62226412918767,
       33.9751480627033
      ],
      [
       35.622195351887214,
       33.97518078806577
      ],
      [
       35.622178439436276,
       33.975181723075934
      ]
     ]
    ]
   },
   "properties": {
    "kind": "remove",
    "note": "",
    "source": "hand-drawn",
    "applied": "2026-09-09T09:39:02"
   }
  },
  {
   "type": "Feature",
   "geometry": {
    "type": "Polygon",
    "coordinates": [
     [
      [
       35.62218457460404,
       33.97555376499846
      ],
      [
       35.62226504087449,
       33.975549316414764
      ],
      [
       35.62227308750153,
       33.975475914750014
      ],
      [
       35.62217921018601,
       33.97547813904381
      ],
      [
       35.62217116355897,
       33.975549316414764
      ],
      [
       35.62218457460404,
       33.97555376499846
      ]
     ]
    ]
   },
   "properties": {
    "kind": "add",
    "note": "",
    "source": "hand-drawn",
    "applied": "2026-09-09T09:39:02"
   }
  },
  {
   "type": "Feature",
   "geometry": {
    "type": "Polygon",
    "coordinates": [
     [
      [
       35.6225198507309,
       33.975520400615004
      ],
      [
       35.622586905956275,
       33.97552707349274
      ],
      [
       35.622592270374305,
       33.9754670175742
      ],
      [
       35.62265127897263,
       33.97546034469176
      ],
      [
       35.62267005443574,
       33.97545367180878
      ],
      [
       35.62268346548081,
       33.9754247559765
      ],
      [
       35.622707605361946,
       33.975426980271635
      ],
      [
       35.62252789735795,
       33.9754247559765
      ],
      [
       35.622498393058784,
       33.975433653156706
      ],
      [
       35.62251180410386,
       33.97551595202955
      ],
      [
       35.6225198507309,
       33.975520400615004
      ]
     ]
    ]
   },
   "properties": {
    "kind": "add",
    "note": "",
    "source": "hand-drawn",
    "applied": "2026-09-09T09:39:02"
   }
  },
  {
   "type": "Feature",
   "geometry": {
    "type": "Polygon",
    "coordinates": [
     [
      [
       35.62268882989884,
       33.975511503443855
      ],
      [
       35.62273174524308,
       33.97550927915093
      ],
      [
       35.622755885124214,
       33.975475914750014
      ],
      [
       35.622745156288154,
       33.97545367180878
      ],
      [
       35.62269419431687,
       33.975458120397484
      ],
      [
       35.6226807832718,
       33.9755181763223
      ],
      [
       35.62268882989884,
       33.975511503443855
      ]
     ]
    ]
   },
   "properties": {
    "kind": "add",
    "note": "",
    "source": "hand-drawn",
    "applied": "2026-09-09T09:39:02"
   }
  },
  {
   "type": "Feature",
   "geometry": {
    "type": "Polygon",
    "coordinates": [
     [
      [
       35.622814347591294,
       33.975610891659
      ],
      [
       35.62280420012073,
       33.975606216631626
      ],
      [
       35.6227793951927,
       33.975603411615104
      ],
      [
       35.622768120225416,
       33.975591256542366
      ],
      [
       35.622757972754854,
       33.97559312655366
      ],
      [
       35.62274782528429,
       33.97558938653101
      ],
      [
       35.62274782528429,
       33.97558190648523
      ],
      [
       35.6227557177614,
       33.97558003647369
      ],
      [
       35.62275459026467,
       33.975577231456285
      ],
      [
       35.622750080277754,
       33.97557816646209
      ],
      [
       35.62274895278102,
       33.97556975140942
      ],
      [
       35.622756845258124,
       33.975566946391666
      ],
      [
       35.622756845258124,
       33.975560401349924
      ],
      [
       35.622764737735224,
       33.97555198629548
      ],
      [
       35.622782777682886,
       33.975541701227826
      ],
      [
       35.62279292515344,
       33.97554918127715
      ],
      [
       35.62279856263709,
       33.975549181277145
      ],
      [
       35.62280194512728,
       33.975545441252564
      ],
      [
       35.62279856263709,
       33.97554170122782
      ],
      [
       35.6228109651011,
       33.97554637625873
      ],
      [
       35.62282562255858,
       33.97553889620915
      ],
      [
       35.62282562255858,
       33.97561089165901
      ],
      [
       35.622814347591294,
       33.975610891659
      ]
     ]
    ]
   },
   "properties": {
    "kind": "remove",
    "note": "",
    "source": "hand-drawn",
    "applied": "2026-09-09T09:39:02"
   }
  },
  {
   "type": "Feature",
   "geometry": {
    "type": "Polygon",
    "coordinates": [
     [
      [
       35.62371859996776,
       33.97589045782785
      ],
      [
       35.6237084524972,
       33.975881107803616
      ],
      [
       35.623706197503736,
       33.9758698877732
      ],
      [
       35.62371859996776,
       33.975865212760056
      ],
      [
       35.623721982457944,
       33.975854927730296
      ],
      [
       35.62371859996776,
       33.975848382710716
      ],
      [
       35.62372649244486,
       33.97583903268185
      ],
      [
       35.62373325742523,
       33.97583342266402
      ],
      [
       35.62374340489579,
       33.97583529267001
      ],
      [
       35.62375693485654,
       33.97583061765498
      ],
      [
       35.62376482733363,
       33.975837162675944
      ],
      [
       35.62377159231401,
       33.97583529267001
      ],
      [
       35.623769337320546,
       33.97585212272198
      ],
      [
       35.62377497480419,
       33.97585212272197
      ],
      [
       35.62378399477802,
       33.97583903268184
      ],
      [
       35.62377722979765,
       33.97583061765499
      ],
      [
       35.623770464817284,
       33.97583061765499
      ],
      [
       35.623770464817284,
       33.97582500763662
      ],
      [
       35.62377835729438,
       33.97582687764279
      ],
      [
       35.62378061228784,
       33.975823137630435
      ],
      [
       35.62377384730747,
       33.97582126762417
      ],
      [
       35.62377384730747,
       33.97581659260838
      ],
      [
       35.62377948479111,
       33.97581565760518
      ],
      [
       35.6237828672813,
       33.97582126762418
      ],
      [
       35.62378850476494,
       33.97582033262104
      ],
      [
       35.623794142248585,
       33.97581285259557
      ],
      [
       35.62379188725512,
       33.97580537256943
      ],
      [
       35.62379752473877,
       33.97579976254941
      ],
      [
       35.623804289719146,
       33.97580163255613
      ],
      [
       35.62383698712427,
       33.975791347518665
      ],
      [
       35.623858409562125,
       33.97579882754602
      ],
      [
       35.62389110696726,
       33.97582500763661
      ],
      [
       35.62389336196071,
       33.97583529267001
      ],
      [
       35.623888851973796,
       33.9758380976789
      ],
      [
       35.62388772447707,
       33.975847447707864
      ],
      [
       35.623895616954165,
       33.97585399272753
      ],
      [
       35.62389336196071,
       33.975868952770576
      ],
      [
       35.623864047045764,
       33.97588765282066
      ],
      [
       35.623858409562125,
       33.975882977808546
      ],
      [
       35.62383924211773,
       33.97588110780362
      ],
      [
       35.623833604634086,
       33.97587362778349
      ],
      [
       35.62381669218316,
       33.97587082277577
      ],
      [
       35.6238144371897,
       33.97586521276006
      ],
      [
       35.623794142248585,
       33.9758661477627
      ],
      [
       35.62378399477802,
       33.975856797735794
      ],
      [
       35.62378399477802,
       33.9758661477627
      ],
      [
       35.62377384730747,
       33.97586334275475
      ],
      [
       35.62376595483036,
       33.9758698877732
      ],
      [
       35.62376820982382,
       33.97587923779863
      ],
      [
       35.62376482733363,
       33.975882977808546
      ],
      [
       35.62375467986308,
       33.97588204280609
      ],
      [
       35.62374904237944,
       33.975884847813425
      ],
      [
       35.62374904237944,
       33.975889522825476
      ],
      [
       35.62373776741215,
       33.975886717818284
      ],
      [
       35.623731002431775,
       33.97589045782785
      ],
      [
       35.62371859996776,
       33.97589045782785
      ]
     ]
    ]
   },
   "properties": {
    "kind": "remove",
    "note": "",
    "source": "hand-drawn",
    "applied": "2026-09-09T09:39:02"
   }
  },
  {
   "type": "Feature",
   "geometry": {
    "type": "Polygon",
    "coordinates": [
     [
      [
       35.62378585338593,
       33.97585181957653
      ],
      [
       35.62385022640229,
       33.975874062413595
      ],
      [
       35.62388241291047,
       33.9758540438605
      ],
      [
       35.62389314174653,
       33.975831801018195
      ],
      [
       35.623858273029334,
       33.97580288531451
      ],
      [
       35.62381803989411,
       33.9757917638874
      ],
      [
       35.62375634908677,
       33.975847371008435
      ],
      [
       35.62378585338593,
       33.97585181957653
      ]
     ]
    ]
   },
   "properties": {
    "kind": "add",
    "note": "",
    "source": "hand-drawn",
    "applied": "2026-09-09T09:39:02"
   }
  },
  {
   "type": "Feature",
   "geometry": {
    "type": "Polygon",
    "coordinates": [
     [
      [
       35.62185033788821,
       33.97550523597791
      ],
      [
       35.62184808289476,
       33.97549495090458
      ],
      [
       35.62186386784895,
       33.97548560083687
      ],
      [
       35.621884162790074,
       33.975480925802614
      ],
      [
       35.62189656525409,
       33.97548186080948
      ],
      [
       35.62189656525409,
       33.97548560083686
      ],
      [
       35.6218852902868,
       33.97548653584368
      ],
      [
       35.6218852902868,
       33.97549121087763
      ],
      [
       35.62185710286858,
       33.97549682091802
      ],
      [
       35.62185033788821,
       33.97550523597791
      ]
     ]
    ]
   },
   "properties": {
    "kind": "remove",
    "note": "",
    "source": "hand-drawn",
    "applied": "2026-09-09T09:39:02"
   }
  },
  {
   "type": "Feature",
   "geometry": {
    "type": "Polygon",
    "coordinates": [
     [
      [
       35.62112310249816,
       33.974792757957154
      ],
      [
       35.621118592511245,
       33.97478808288481
      ],
      [
       35.62111070003415,
       33.97479088792824
      ],
      [
       35.621096042576674,
       33.97478808288481
      ],
      [
       35.62107687513228,
       33.97479088792824
      ],
      [
       35.62104530522388,
       33.974765642533974
      ],
      [
       35.621055452694435,
       33.97475068229679
      ],
      [
       35.621072365145366,
       33.97475348734147
      ],
      [
       35.621072365145366,
       33.97475068229679
      ],
      [
       35.621062217674805,
       33.97474787725202
      ],
      [
       35.62105996268135,
       33.97473385202682
      ],
      [
       35.62104643272062,
       33.97472076181453
      ],
      [
       35.621049815210796,
       33.97470954163097
      ],
      [
       35.621056580191166,
       33.97470486655405
      ],
      [
       35.62107011015191,
       33.97470486655404
      ],
      [
       35.6210734926421,
       33.97469738643042
      ],
      [
       35.62108476760938,
       33.97469364636837
      ],
      [
       35.6210892775963,
       33.97468429621254
      ],
      [
       35.62110055256359,
       33.974687101259406
      ],
      [
       35.62111182753088,
       33.974678686118544
      ],
      [
       35.62112310249816,
       33.97468149116558
      ],
      [
       35.621124229994884,
       33.9746861662438
      ],
      [
       35.62111746501452,
       33.974693646368394
      ],
      [
       35.62113099497526,
       33.97470019147687
      ],
      [
       35.62111070003415,
       33.974712346676995
      ],
      [
       35.621118592511245,
       33.97471889178404
      ],
      [
       35.621127612485076,
       33.97471515172293
      ],
      [
       35.62114001494909,
       33.97472263184497
      ],
      [
       35.62113212247199,
       33.9747319819966
      ],
      [
       35.62113324996872,
       33.97474320217722
      ],
      [
       35.62112310249816,
       33.97474600722212
      ],
      [
       35.621119720007975,
       33.97475255232657
      ],
      [
       35.62111182753088,
       33.974753487341474
      ],
      [
       35.62111521002106,
       33.97476096746015
      ],
      [
       35.621112955027606,
       33.97477218763693
      ],
      [
       35.62112197500143,
       33.97477779772475
      ],
      [
       35.621119720007975,
       33.97478434282675
      ],
      [
       35.621128739981806,
       33.97478621285578
      ],
      [
       35.621128739981806,
       33.97479088792823
      ],
      [
       35.62112310249816,
       33.974792757957154
      ]
     ]
    ]
   },
   "properties": {
    "kind": "remove",
    "note": "",
    "source": "hand-drawn",
    "applied": "2026-09-09T09:39:02"
   }
  },
  {
   "type": "Feature",
   "geometry": {
    "type": "Polygon",
    "coordinates": [
     [
      [
       35.62341302633286,
       33.975240139276956
      ],
      [
       35.6234559416771,
       33.97523791497693
      ],
      [
       35.623463988304145,
       33.975213447672765
      ],
      [
       35.62339693307877,
       33.975222344875114
      ],
      [
       35.6233835220337,
       33.97520677477042
      ],
      [
       35.623332560062416,
       33.97520677477042
      ],
      [
       35.6233298778534,
       33.97523124207649
      ],
      [
       35.62342643737794,
       33.97523791497693
      ],
      [
       35.62341302633286,
       33.975240139276956
      ]
     ]
    ]
   },
   "properties": {
    "kind": "add",
    "note": "",
    "source": "hand-drawn",
    "applied": "2026-09-09T09:39:02"
   }
  },
  {
   "type": "Feature",
   "geometry": {
    "type": "Polygon",
    "coordinates": [
     [
      [
       35.62348812818528,
       33.97510000826151
      ],
      [
       35.623480081558235,
       33.97512002699214
      ],
      [
       35.62355786561967,
       33.97511557838575
      ],
      [
       35.62355518341065,
       33.97510000826151
      ],
      [
       35.6235095858574,
       33.975091111046375
      ],
      [
       35.62351226806641,
       33.975066643699975
      ],
      [
       35.623447895050056,
       33.975066643699975
      ],
      [
       35.62344521284104,
       33.975088886742455
      ],
      [
       35.623485445976264,
       33.97510668117226
      ],
      [
       35.62348812818528,
       33.97510000826151
      ]
     ]
    ]
   },
   "properties": {
    "kind": "add",
    "note": "",
    "source": "hand-drawn",
    "applied": "2026-09-09T09:39:02"
   }
  },
  {
   "type": "Feature",
   "geometry": {
    "type": "Polygon",
    "coordinates": [
     [
      [
       35.62321460893,
       33.97493394502088
      ],
      [
       35.62319882397581,
       33.97493113998218
      ],
      [
       35.62318642151178,
       33.97492365987849
      ],
      [
       35.62317063655758,
       33.97492272486548
      ],
      [
       35.62316950906085,
       33.9749199198264
      ],
      [
       35.623204461459444,
       33.9749171147872
      ],
      [
       35.62324505134168,
       33.97491898481333
      ],
      [
       35.62323264887766,
       33.97493113998218
      ],
      [
       35.62321460893,
       33.97493394502088
      ]
     ]
    ]
   },
   "properties": {
    "kind": "remove",
    "note": "",
    "source": "hand-drawn",
    "applied": "2026-09-09T09:39:02"
   }
  },
  {
   "type": "Feature",
   "geometry": {
    "type": "Polygon",
    "coordinates": [
     [
      [
       35.62077909708024,
       33.974808623982035
      ],
      [
       35.62085688114167,
       33.97478415655434
      ],
      [
       35.620870292186744,
       33.97479527811325
      ],
      [
       35.620864927768714,
       33.97481084829328
      ],
      [
       35.62076568603516,
       33.97485311019614
      ],
      [
       35.620760321617134,
       33.97483086709202
      ],
      [
       35.62080055475236,
       33.97480639967071
      ],
      [
       35.62077909708024,
       33.974808623982035
      ]
     ]
    ]
   },
   "properties": {
    "kind": "add",
    "note": "",
    "source": "hand-drawn",
    "applied": "2026-09-09T09:39:02"
   }
  },
  {
   "type": "Feature",
   "geometry": {
    "type": "Polygon",
    "coordinates": [
     [
      [
       35.6203676796899,
       33.97534628470591
      ],
      [
       35.62035865971607,
       33.975344414689175
      ],
      [
       35.62035865971607,
       33.97534067465558
      ],
      [
       35.620365424696445,
       33.975333194587904
      ],
      [
       35.620365424696445,
       33.97532664952816
      ],
      [
       35.620373317173545,
       33.97532664952816
      ],
      [
       35.620373317173545,
       33.97531636443324
      ],
      [
       35.620403759585216,
       33.97532197448517
      ],
      [
       35.62039812210157,
       33.975324779511
      ],
      [
       35.620404887081946,
       33.97532851954528
      ],
      [
       35.62040150459176,
       33.9753322595794
      ],
      [
       35.620387974631015,
       33.9753322595794
      ],
      [
       35.62037782716045,
       33.975325714519585
      ],
      [
       35.620375572167,
       33.97533973964716
      ],
      [
       35.6203676796899,
       33.97534628470591
      ]
     ]
    ]
   },
   "properties": {
    "kind": "remove",
    "note": "",
    "source": "hand-drawn",
    "applied": "2026-09-09T09:39:02"
   }
  },
  {
   "type": "Feature",
   "geometry": {
    "type": "Polygon",
    "coordinates": [
     [
      [
       35.619294302804114,
       33.97530888436344
      ],
      [
       35.61928302783683,
       33.97530701434589
      ],
      [
       35.61928302783683,
       33.97530140429296
      ],
      [
       35.619278517849914,
       33.97530514432827
      ],
      [
       35.61926160539899,
       33.975300469284115
      ],
      [
       35.61923003549058,
       33.97526680895847
      ],
      [
       35.619210868046196,
       33.975266808958466
      ],
      [
       35.61921199554292,
       33.9752621339122
      ],
      [
       35.619223270510204,
       33.97525465383761
      ],
      [
       35.619223270510204,
       33.97524810877181
      ],
      [
       35.619232290484035,
       33.97524530374346
      ],
      [
       35.61923680047095,
       33.975230343590674
      ],
      [
       35.6192503304317,
       33.975229408581036
      ],
      [
       35.61925484041861,
       33.975220058484105
      ],
      [
       35.61926949787609,
       33.97522099349382
      ],
      [
       35.61927062537282,
       33.97521444842545
      ],
      [
       35.619272880366275,
       33.975225668542386
      ],
      [
       35.61927626285646,
       33.97522847357139
      ],
      [
       35.619279645346644,
       33.97522660355206
      ],
      [
       35.61928302783683,
       33.97523782366739
      ],
      [
       35.61930557777141,
       33.9752415637055
      ],
      [
       35.61932249022234,
       33.97525091380006
      ],
      [
       35.619321362725614,
       33.975259328884306
      ],
      [
       35.61930670526813,
       33.97525745886566
      ],
      [
       35.619288665320475,
       33.97526867897691
      ],
      [
       35.619286410327014,
       33.975277094059386
      ],
      [
       35.6192897928172,
       33.97528363912296
      ],
      [
       35.61930896026159,
       33.97528737915906
      ],
      [
       35.61931008775832,
       33.975291119194985
      ],
      [
       35.619288665320475,
       33.97529018418602
      ],
      [
       35.619287537823745,
       33.97529392422183
      ],
      [
       35.61929881279103,
       33.97530327431062
      ],
      [
       35.619294302804114,
       33.97530888436344
      ]
     ]
    ]
   },
   "properties": {
    "kind": "remove",
    "note": "",
    "source": "hand-drawn",
    "applied": "2026-09-09T09:39:02"
   }
  },
  {
   "type": "Feature",
   "geometry": {
    "type": "Polygon",
    "coordinates": [
     [
      [
       35.61904512602707,
       33.97549308089114
      ],
      [
       35.619042871033606,
       33.97548653584368
      ],
      [
       35.61903948854342,
       33.97548653584368
      ],
      [
       35.619041743536876,
       33.9754659656913
      ],
      [
       35.61903723354997,
       33.97546129065597
      ],
      [
       35.61904061604015,
       33.97545661562037
      ],
      [
       35.619049636013976,
       33.9754491355629
      ],
      [
       35.619065420968184,
       33.97544820055564
      ],
      [
       35.61907331344529,
       33.975442590512074
      ],
      [
       35.619094735883124,
       33.975442590512074
      ],
      [
       35.61910262836023,
       33.97545848563464
      ],
      [
       35.619094735883124,
       33.975460355648856
      ],
      [
       35.61908797090276,
       33.97545007057011
      ],
      [
       35.619083460915846,
       33.97545755062752
      ],
      [
       35.61909586337986,
       33.97546409567719
      ],
      [
       35.61910375585696,
       33.975463160670124
      ],
      [
       35.6191015008635,
       33.975472510740325
      ],
      [
       35.61909248088967,
       33.975473445747284
      ],
      [
       35.619089098399485,
       33.97547064072637
      ],
      [
       35.619089098399485,
       33.97547531576118
      ],
      [
       35.61909586337986,
       33.975478120781936
      ],
      [
       35.61909586337986,
       33.97548560083687
      ],
      [
       35.619066548464914,
       33.97548653584368
      ],
      [
       35.61905752849108,
       33.97549308089114
      ],
      [
       35.61904512602707,
       33.97549308089114
      ]
     ]
    ]
   },
   "properties": {
    "kind": "remove",
    "note": "",
    "source": "hand-drawn",
    "applied": "2026-09-09T09:39:02"
   }
  },
  {
   "type": "Feature",
   "geometry": {
    "type": "Polygon",
    "coordinates": [
     [
      [
       35.61998545829884,
       33.974909634682255
      ],
      [
       35.61998320330539,
       33.97490402460314
      ],
      [
       35.61997643832501,
       33.97490308958991
      ],
      [
       35.61998207580866,
       33.97489467447043
      ],
      [
       35.61996967334464,
       33.974893739457116
      ],
      [
       35.61996967334464,
       33.974826418470485
      ],
      [
       35.620029430671266,
       33.97482641847047
      ],
      [
       35.620026048181074,
       33.974836703624646
      ],
      [
       35.62003281316145,
       33.97484418373601
      ],
      [
       35.620028303174536,
       33.97484885880527
      ],
      [
       35.620036195651636,
       33.97485633891554
      ],
      [
       35.62002266569089,
       33.97486288401151
      ],
      [
       35.62002153819416,
       33.97486755907974
      ],
      [
       35.62001702820725,
       33.97486755907974
      ],
      [
       35.62000800823343,
       33.974876909215425
      ],
      [
       35.62000913573015,
       33.97488251929636
      ],
      [
       35.62001477321379,
       33.97488438932326
      ],
      [
       35.62001590071052,
       33.974893739457094
      ],
      [
       35.61998433080212,
       33.97490028455015
      ],
      [
       35.61998433080212,
       33.97490589462954
      ],
      [
       35.61998996828576,
       33.97490682964275
      ],
      [
       35.61998545829884,
       33.974909634682255
      ]
     ]
    ]
   },
   "properties": {
    "kind": "remove",
    "note": "",
    "source": "hand-drawn",
    "applied": "2026-09-09T09:39:02"
   }
  },
  {
   "type": "Feature",
   "geometry": {
    "type": "Polygon",
    "coordinates": [
     [
      [
       35.618272790767875,
       33.97349401297633
      ],
      [
       35.61825362332348,
       33.97348185760204
      ],
      [
       35.61825362332348,
       33.973473442341884
      ],
      [
       35.61826828078095,
       33.97346596210994
      ],
      [
       35.618293085708984,
       33.973468767197005
      ],
      [
       35.61829646819917,
       33.97347157228396
      ],
      [
       35.618294213205715,
       33.973479987544295
      ],
      [
       35.6182818107417,
       33.973483727659726
      ],
      [
       35.61827955574825,
       33.97349120789011
      ],
      [
       35.618272790767875,
       33.97349401297633
      ]
     ]
    ]
   },
   "properties": {
    "kind": "remove",
    "note": "",
    "source": "hand-drawn",
    "applied": "2026-09-09T09:39:02"
   }
  },
  {
   "type": "Feature",
   "geometry": {
    "type": "Polygon",
    "coordinates": [
     [
      [
       35.61840265989304,
       33.97345845631014
      ],
      [
       35.618442893028266,
       33.97345400761681
      ],
      [
       35.618448257446296,
       33.973425091104474
      ],
      [
       35.61840534210206,
       33.973411745018524
      ],
      [
       35.618375837802894,
       33.973438437188314
      ],
      [
       35.61839193105698,
       33.97345400761681
      ],
      [
       35.61840265989304,
       33.97345845631014
      ]
     ]
    ]
   },
   "properties": {
    "kind": "add",
    "note": "",
    "source": "hand-drawn",
    "applied": "2026-09-09T09:39:02"
   }
  },
  {
   "type": "Feature",
   "geometry": {
    "type": "Polygon",
    "coordinates": [
     [
      [
       35.618260502815254,
       33.973522962337334
      ],
      [
       35.61827659606934,
       33.97350739192146
      ],
      [
       35.618327558040626,
       33.97349182150273
      ],
      [
       35.61833560466767,
       33.973469578042454
      ],
      [
       35.6182873249054,
       33.973445110229456
      ],
      [
       35.61825782060624,
       33.973451783270065
      ],
      [
       35.618222951889045,
       33.97348514846528
      ],
      [
       35.61825782060624,
       33.97351406495718
      ],
      [
       35.618260502815254,
       33.973522962337334
      ]
     ]
    ]
   },
   "properties": {
    "kind": "add",
    "note": "",
    "source": "hand-drawn",
    "applied": "2026-09-09T09:39:02"
   }
  },
  {
   "type": "Feature",
   "geometry": {
    "type": "Polygon",
    "coordinates": [
     [
      [
       35.61836779117585,
       33.97277557915911
      ],
      [
       35.618375837802894,
       33.972762232971206
      ],
      [
       35.61839193105698,
       33.972762232971206
      ],
      [
       35.61839193105698,
       33.97278670098074
      ],
      [
       35.61836779117585,
       33.97281339334673
      ],
      [
       35.61837852001191,
       33.9728423100671
      ],
      [
       35.618327558040626,
       33.97286010496707
      ],
      [
       35.61829805374146,
       33.9728178420736
      ],
      [
       35.61830878257752,
       33.972806720256024
      ],
      [
       35.618359744548805,
       33.97281339334673
      ],
      [
       35.618370473384864,
       33.97276445733601
      ],
      [
       35.61836779117585,
       33.97277557915911
      ]
     ]
    ]
   },
   "properties": {
    "kind": "add",
    "note": "",
    "source": "hand-drawn",
    "applied": "2026-09-09T09:39:02"
   }
  },
  {
   "type": "Feature",
   "geometry": {
    "type": "Polygon",
    "coordinates": [
     [
      [
       35.618842542171485,
       33.972486411285956
      ],
      [
       35.618869364261634,
       33.9724686163078
      ],
      [
       35.618837177753456,
       33.97243747508708
      ],
      [
       35.61881840229035,
       33.97245527007175
      ],
      [
       35.61885595321656,
       33.972479738169596
      ],
      [
       35.618842542171485,
       33.972486411285956
      ]
     ]
    ]
   },
   "properties": {
    "kind": "add",
    "note": "",
    "source": "hand-drawn",
    "applied": "2026-09-09T09:39:02"
   }
  },
  {
   "type": "Feature",
   "geometry": {
    "type": "Polygon",
    "coordinates": [
     [
      [
       35.617508347985776,
       33.97262256173864
      ],
      [
       35.61750271050213,
       33.97261601647022
      ],
      [
       35.617498200515215,
       33.97261695150859
      ],
      [
       35.61748805304466,
       33.972610406239774
      ],
      [
       35.61745873812971,
       33.972609471201295
      ],
      [
       35.61745648313625,
       33.97259638066197
      ],
      [
       35.61744971815588,
       33.9725991857777
      ],
      [
       35.617442953175505,
       33.97259544562338
      ],
      [
       35.61743957068532,
       33.97260012081627
      ],
      [
       35.61743167820822,
       33.97260105585483
      ],
      [
       35.617432805704944,
       33.972592640507486
      ],
      [
       35.61744746316242,
       33.972588900352875
      ],
      [
       35.61744069818205,
       33.97257954996555
      ],
      [
       35.617459865626444,
       33.97254869368019
      ],
      [
       35.61749594552176,
       33.97255056375841
      ],
      [
       35.61748692554793,
       33.97255804407089
      ],
      [
       35.61747114059373,
       33.97255804407089
      ],
      [
       35.61745873812971,
       33.97257113461613
      ],
      [
       35.61745761063298,
       33.97257861492679
      ],
      [
       35.617475650580644,
       33.97258890035288
      ],
      [
       35.61749143553484,
       33.972585160198065
      ],
      [
       35.617506092992315,
       33.97258609523679
      ],
      [
       35.61750496549559,
       33.972591705468865
      ],
      [
       35.61749481802503,
       33.972589835391545
      ],
      [
       35.617490308038114,
       33.972591705468865
      ],
      [
       35.61748805304466,
       33.97259544562336
      ],
      [
       35.617515112966146,
       33.97259357554613
      ],
      [
       35.61752075044979,
       33.97259731570056
      ],
      [
       35.61751962295306,
       33.97261040623976
      ],
      [
       35.617508347985776,
       33.97262256173864
      ]
     ]
    ]
   },
   "properties": {
    "kind": "remove",
    "note": "",
    "source": "hand-drawn",
    "applied": "2026-09-09T09:39:02"
   }
  },
  {
   "type": "Feature",
   "geometry": {
    "type": "Polygon",
    "coordinates": [
     [
      [
       35.61620270677387,
       33.97193904598816
      ],
      [
       35.61619030430987,
       33.97193717589647
      ],
      [
       35.61619030430987,
       33.971927825437525
      ],
      [
       35.61619594179351,
       33.971925955345604
      ],
      [
       35.616194814296776,
       33.971908189470334
      ],
      [
       35.61619030430987,
       33.971904449285624
      ],
      [
       35.61618804931641,
       33.971890423591375
      ],
      [
       35.6161801568393,
       33.97188481331304
      ],
      [
       35.616179029342575,
       33.971876397894846
      ],
      [
       35.616183539329484,
       33.971866112382585
      ],
      [
       35.61619255930332,
       33.97185863200924
      ],
      [
       35.61621510923789,
       33.971866112382585
      ],
      [
       35.61621510923789,
       33.971877332941354
      ],
      [
       35.61622751170191,
       33.97187733294137
      ],
      [
       35.61624216915938,
       33.97188855349864
      ],
      [
       35.61624555164957,
       33.971896033869356
      ],
      [
       35.616250061636485,
       33.971896033869356
      ],
      [
       35.616251189133216,
       33.971904449285624
      ],
      [
       35.61623991416593,
       33.97189603386936
      ],
      [
       35.61623765917247,
       33.971897903961924
      ],
      [
       35.616251189133216,
       33.97191379974716
      ],
      [
       35.61625344412668,
       33.97192595534561
      ],
      [
       35.61622187421826,
       33.97193437075891
      ],
      [
       35.61621961922481,
       33.971938110942325
      ],
      [
       35.616209471754246,
       33.97193717589648
      ],
      [
       35.6162117267477,
       33.971931565621226
      ],
      [
       35.61620721676079,
       33.971930630575315
      ],
      [
       35.61620270677387,
       33.97193904598816
      ]
     ]
    ]
   },
   "properties": {
    "kind": "remove",
    "note": "",
    "source": "hand-drawn",
    "applied": "2026-09-09T09:39:02"
   }
  },
  {
   "type": "Feature",
   "geometry": {
    "type": "Polygon",
    "coordinates": [
     [
      [
       35.61616324438837,
       33.97192315020764
      ],
      [
       35.61615986189818,
       33.971920345069606
      ],
      [
       35.61616662687855,
       33.971916604885415
      ],
      [
       35.61615873440145,
       33.97191473479324
      ],
      [
       35.61615760690472,
       33.971903514239386
      ],
      [
       35.61616098939491,
       33.971901644146946
      ],
      [
       35.61616098939491,
       33.97189042359138
      ],
      [
       35.61616662687855,
       33.97188668340587
      ],
      [
       35.61617451935566,
       33.97190164414697
      ],
      [
       35.61617451935566,
       33.97191286470103
      ],
      [
       35.61616324438837,
       33.97192315020764
      ]
     ]
    ]
   },
   "properties": {
    "kind": "remove",
    "note": "",
    "source": "hand-drawn",
    "applied": "2026-09-09T09:39:02"
   }
  },
  {
   "type": "Feature",
   "geometry": {
    "type": "Polygon",
    "coordinates": [
     [
      [
       35.61633124140095,
       33.971722115080205
      ],
      [
       35.61632334892385,
       33.97171463469421
      ],
      [
       35.61632334892385,
       33.97170902440424
      ],
      [
       35.616333496394404,
       33.97170060896866
      ],
      [
       35.616343643864965,
       33.971700608968646
      ],
      [
       35.616344771361696,
       33.97168845333797
      ],
      [
       35.616338006381326,
       33.97168564819221
      ],
      [
       35.616342516368235,
       33.97168190799767
      ],
      [
       35.616344771361696,
       33.97168564819221
      ],
      [
       35.616359428819166,
       33.97168845333799
      ],
      [
       35.61636732129627,
       33.97169780382327
      ],
      [
       35.61635491883226,
       33.9717127645976
      ],
      [
       35.61633124140095,
       33.971722115080205
      ]
     ]
    ]
   },
   "properties": {
    "kind": "remove",
    "note": "",
    "source": "hand-drawn",
    "applied": "2026-09-09T09:39:02"
   }
  },
  {
   "type": "Feature",
   "geometry": {
    "type": "Polygon",
    "coordinates": [
     [
      [
       35.614086395414006,
       33.97203909583251
      ],
      [
       35.614068355466344,
       33.972031615474386
      ],
      [
       35.6140627179827,
       33.97203442060875
      ],
      [
       35.61403791305467,
       33.9720129145762
      ],
      [
       35.61402663808738,
       33.97201197953117
      ],
      [
       35.61402325559719,
       33.9720147846662
      ],
      [
       35.61402325559719,
       33.972004499170666
      ],
      [
       35.614015363120096,
       33.97200262908044
      ],
      [
       35.614014235623365,
       33.97199608376431
      ],
      [
       35.614005215649534,
       33.9719914085382
      ],
      [
       35.61398604820514,
       33.97199421367388
      ],
      [
       35.61397928322477,
       33.97198392817588
      ],
      [
       35.61398717570187,
       33.97198112303983
      ],
      [
       35.61399394068224,
       33.971985798266516
      ],
      [
       35.61399281318552,
       33.97197925294909
      ],
      [
       35.61411345533549,
       33.9719792529491
      ],
      [
       35.61410669035512,
       33.9719951487191
      ],
      [
       35.61411232783876,
       33.97200356412556
      ],
      [
       35.61411007284531,
       33.97202787529507
      ],
      [
       35.61410105287148,
       33.97202881033992
      ],
      [
       35.61409767038129,
       33.97203816078777
      ],
      [
       35.614086395414006,
       33.97203909583251
      ]
     ]
    ]
   },
   "properties": {
    "kind": "remove",
    "note": "",
    "source": "hand-drawn",
    "applied": "2026-09-09T09:39:02"
   }
  },
  {
   "type": "Feature",
   "geometry": {
    "type": "Polygon",
    "coordinates": [
     [
      [
       35.61393141746522,
       33.97205933078234
      ],
      [
       35.613958239555366,
       33.97205043324904
      ],
      [
       35.613958239555366,
       33.97203263817964
      ],
      [
       35.61393409967423,
       33.972023740643536
      ],
      [
       35.61390727758408,
       33.972054882015804
      ],
      [
       35.61392605304719,
       33.97205933078234
      ],
      [
       35.61393141746522,
       33.97205933078234
      ]
     ]
    ]
   },
   "properties": {
    "kind": "add",
    "note": "",
    "source": "hand-drawn",
    "applied": "2026-09-09T09:39:02"
   }
  },
  {
   "type": "Feature",
   "geometry": {
    "type": "Polygon",
    "coordinates": [
     [
      [
       35.613848268985755,
       33.97209714528847
      ],
      [
       35.613880455493934,
       33.97208157461151
      ],
      [
       35.61385095119477,
       33.972052657632446
      ],
      [
       35.613837540149696,
       33.972068228314704
      ],
      [
       35.613842904567726,
       33.97209492090624
      ],
      [
       35.613848268985755,
       33.97209714528847
      ]
     ]
    ]
   },
   "properties": {
    "kind": "add",
    "note": "",
    "source": "hand-drawn",
    "applied": "2026-09-09T09:39:02"
   }
  },
  {
   "type": "Feature",
   "geometry": {
    "type": "Polygon",
    "coordinates": [
     [
      [
       35.613135915671656,
       33.97302649732836
      ],
      [
       35.61312915069128,
       33.9730236922267
      ],
      [
       35.613133660678194,
       33.97301714698917
      ],
      [
       35.61312915069128,
       33.97301060175116
      ],
      [
       35.613133660678194,
       33.973006861614905
      ],
      [
       35.613135915671656,
       33.97300873168303
      ],
      [
       35.613132533181464,
       33.973004056512615
      ],
      [
       35.613142680652025,
       33.97299190106827
      ],
      [
       35.613134788174925,
       33.972989095965474
      ],
      [
       35.613120130717455,
       33.97297413541571
      ],
      [
       35.613120130717455,
       33.97294982451674
      ],
      [
       35.61314042565857,
       33.972952629620835
      ],
      [
       35.613142680652025,
       33.97296197996711
      ],
      [
       35.61316184809642,
       33.9729741354157
      ],
      [
       35.61316184809642,
       33.97298161569092
      ],
      [
       35.613169740573525,
       33.97298629086259
      ],
      [
       35.613169740573525,
       33.97299190106827
      ],
      [
       35.61316297559315,
       33.97299470617096
      ],
      [
       35.61316072059969,
       33.97300499154672
      ],
      [
       35.61317199556698,
       33.97300218644437
      ],
      [
       35.61318327053427,
       33.97299377113672
      ],
      [
       35.61319229050809,
       33.972992836102506
      ],
      [
       35.61319454550155,
       33.97299657623937
      ],
      [
       35.613185525527726,
       33.97300405651261
      ],
      [
       35.613190035514634,
       33.97301153678519
      ],
      [
       35.613182143037534,
       33.97301527692122
      ],
      [
       35.61317988804408,
       33.97300779664898
      ],
      [
       35.613174250560434,
       33.97300779664898
      ],
      [
       35.61317876054735,
       33.97301901705709
      ],
      [
       35.61317199556698,
       33.97302556229449
      ],
      [
       35.6131652305866,
       33.97302556229449
      ],
      [
       35.61316861307679,
       33.973017146989186
      ],
      [
       35.6131652305866,
       33.9730162119552
      ],
      [
       35.613135915671656,
       33.97302649732836
      ]
     ]
    ]
   },
   "properties": {
    "kind": "remove",
    "note": "",
    "source": "hand-drawn",
    "applied": "2026-09-09T09:39:02"
   }
  },
  {
   "type": "Feature",
   "geometry": {
    "type": "Polygon",
    "coordinates": [
     [
      [
       35.61168482738175,
       33.971821230132676
      ],
      [
       35.611680317394836,
       33.97182029508554
      ],
      [
       35.61167242491773,
       33.971806269377424
      ],
      [
       35.611679189898105,
       33.97180533433014
      ],
      [
       35.611679189898105,
       33.97180907451924
      ],
      [
       35.611688209871936,
       33.97181000956649
      ],
      [
       35.61168369988502,
       33.97180533433015
      ],
      [
       35.61168933736867,
       33.97180159414089
      ],
      [
       35.611680317394836,
       33.971800659093525
      ],
      [
       35.61167580740792,
       33.9717950488093
      ],
      [
       35.61166791493082,
       33.97179878899884
      ],
      [
       35.61166453244063,
       33.97178850347717
      ],
      [
       35.611647619989704,
       33.97177915300187
      ],
      [
       35.6116318350355,
       33.97175764690474
      ],
      [
       35.6116318350355,
       33.97174268613833
      ],
      [
       35.611623942558396,
       33.971738945946306
      ],
      [
       35.61161943257148,
       33.971730530513675
      ],
      [
       35.61163521752569,
       33.971726790321114
      ],
      [
       35.61163521752569,
       33.9717230501284
      ],
      [
       35.61164649249297,
       33.971728660417405
      ],
      [
       35.611647619989704,
       33.97172211508021
      ],
      [
       35.61166002245372,
       33.97172211508021
      ],
      [
       35.61166453244063,
       33.971726790321114
      ],
      [
       35.61167242491773,
       33.97172679032112
      ],
      [
       35.611688209871936,
       33.971739880994335
      ],
      [
       35.61171526979342,
       33.97175110156976
      ],
      [
       35.61170850481306,
       33.97175390671339
      ],
      [
       35.61171526979342,
       33.9717623221437
      ],
      [
       35.61171301479997,
       33.971767932430126
      ],
      [
       35.61170512232287,
       33.97177354271618
      ],
      [
       35.61168595487848,
       33.971774477763816
      ],
      [
       35.61168933736867,
       33.971792243667
      ],
      [
       35.61169722984577,
       33.971801594140885
      ],
      [
       35.61169271985885,
       33.97180720442472
      ],
      [
       35.61169610234904,
       33.971814684802574
      ],
      [
       35.61168482738175,
       33.971821230132676
      ]
     ]
    ]
   },
   "properties": {
    "kind": "remove",
    "note": "",
    "source": "hand-drawn",
    "applied": "2026-09-09T09:39:02"
   }
  },
  {
   "type": "Feature",
   "geometry": {
    "type": "Polygon",
    "coordinates": [
     [
      [
       35.61145573854447,
       33.971140655554535
      ],
      [
       35.61148256063462,
       33.97112508470244
      ],
      [
       35.61140477657319,
       33.97106725008393
      ],
      [
       35.611359179019935,
       33.97105835244684
      ],
      [
       35.611353814601905,
       33.97108059653786
      ],
      [
       35.61137259006501,
       33.971096167398095
      ],
      [
       35.6114611029625,
       33.971140655554535
      ],
      [
       35.61145573854447,
       33.971140655554535
      ]
     ]
    ]
   },
   "properties": {
    "kind": "add",
    "note": "",
    "source": "hand-drawn",
    "applied": "2026-09-09T09:39:02"
   }
  },
  {
   "type": "Feature",
   "geometry": {
    "type": "Polygon",
    "coordinates": [
     [
      [
       35.61039948111097,
       33.97179317871444
      ],
      [
       35.61040173610443,
       33.97177728290665
      ],
      [
       35.61038820614368,
       33.971771672620875
      ],
      [
       35.61038933364041,
       33.97176699738243
      ],
      [
       35.610381441163305,
       33.971759517000365
      ],
      [
       35.610375803679666,
       33.97175951700036
      ],
      [
       35.61036114622219,
       33.971774477763816
      ],
      [
       35.61035550873855,
       33.97177354271617
      ],
      [
       35.610353253745096,
       33.97178008804944
      ],
      [
       35.61034648876472,
       33.97178008804945
      ],
      [
       35.610371293692744,
       33.971751101569765
      ],
      [
       35.61038707864695,
       33.97175390671339
      ],
      [
       35.610390461137136,
       33.97175016652187
      ],
      [
       35.610415266065175,
       33.971767932430126
      ],
      [
       35.61041188357499,
       33.9717707375732
      ],
      [
       35.61041413856845,
       33.97178008804944
      ],
      [
       35.61039948111097,
       33.97179317871444
      ]
     ]
    ]
   },
   "properties": {
    "kind": "remove",
    "note": "",
    "source": "hand-drawn",
    "applied": "2026-09-09T09:39:02"
   }
  },
  {
   "type": "Feature",
   "geometry": {
    "type": "Polygon",
    "coordinates": [
     [
      [
       35.61038553714753,
       33.9717990775486
      ],
      [
       35.61040431261063,
       33.97177016047346
      ],
      [
       35.610372126102455,
       33.97175903851889
      ],
      [
       35.610339939594276,
       33.9717879555978
      ],
      [
       35.610339939594276,
       33.971805750718396
      ],
      [
       35.610366761684425,
       33.97181242388765
      ],
      [
       35.610382854938514,
       33.9718013019386
      ],
      [
       35.61038553714753,
       33.9717990775486
      ]
     ]
    ]
   },
   "properties": {
    "kind": "add",
    "note": "",
    "source": "hand-drawn",
    "applied": "2026-09-09T09:39:02"
   }
  },
  {
   "type": "Feature",
   "geometry": {
    "type": "Polygon",
    "coordinates": [
     [
      [
       35.60931482925791,
       33.9717436211863
      ],
      [
       35.60929904430371,
       33.97173801089827
      ],
      [
       35.60928213185278,
       33.97173707585023
      ],
      [
       35.60925056194437,
       33.971714634694195
      ],
      [
       35.609253944434556,
       33.97170621925915
      ],
      [
       35.609229139506525,
       33.971668817315546
      ],
      [
       35.60923477699017,
       33.97166507712028
      ],
      [
       35.60923477699017,
       33.971656661680335
      ],
      [
       35.60924266946728,
       33.97165853177817
      ],
      [
       35.60925732692474,
       33.971646376141486
      ],
      [
       35.609253944434556,
       33.9716435709943
      ],
      [
       35.60924943444764,
       33.97164731119051
      ],
      [
       35.60924492446073,
       33.971645441092434
      ],
      [
       35.60927423937567,
       33.971625805060064
      ],
      [
       35.60928889683315,
       33.97162674010931
      ],
      [
       35.60928664183969,
       33.97162019476426
      ],
      [
       35.60930580928408,
       33.97162019476427
      ],
      [
       35.60932046674155,
       33.971612714369286
      ],
      [
       35.60932835921865,
       33.97161645456686
      ],
      [
       35.6093339967023,
       33.97161645456685
      ],
      [
       35.6093339967023,
       33.971611779319865
      ],
      [
       35.60935316414669,
       33.971613649418686
      ],
      [
       35.609349781656505,
       33.97162019476425
      ],
      [
       35.60935880163033,
       33.971621129813585
      ],
      [
       35.60934414417286,
       33.97162674010933
      ],
      [
       35.60934301667613,
       33.971635155552214
      ],
      [
       35.60936556661071,
       33.97163048030626
      ],
      [
       35.60936556661071,
       33.971610844270444
      ],
      [
       35.609380224068175,
       33.97161738961621
      ],
      [
       35.609389244042006,
       33.97161738961623
      ],
      [
       35.60941066647985,
       33.97163235040468
      ],
      [
       35.609411793976584,
       33.97162767515857
      ],
      [
       35.609403901499476,
       33.97162019476427
      ],
      [
       35.6094084114864,
       33.97162019476428
      ],
      [
       35.609412921473314,
       33.97162767515859
      ],
      [
       35.6094163039635,
       33.971626740109336
      ],
      [
       35.60941404897004,
       33.97162019476426
      ],
      [
       35.609436598904615,
       33.97162019476427
      ],
      [
       35.60942645143406,
       33.971622999912206
      ],
      [
       35.609427578930784,
       33.97162861020781
      ],
      [
       35.609435471407885,
       33.97162954525706
      ],
      [
       35.609435471407885,
       33.97163422050305
      ],
      [
       35.6094320889177,
       33.971637025650544
      ],
      [
       35.60942306894387,
       33.97163422050306
      ],
      [
       35.60942645143406,
       33.97164357099431
      ],
      [
       35.609420813950415,
       33.97164263594524
      ],
      [
       35.609421941447145,
       33.97164824623953
      ],
      [
       35.60941404897004,
       33.971661336924846
      ],
      [
       35.609355419140144,
       33.97169593372628
      ],
      [
       35.60934752666304,
       33.971703414113954
      ],
      [
       35.609348654159774,
       33.97170902440424
      ],
      [
       35.609340761682674,
       33.971710894500944
      ],
      [
       35.60934301667613,
       33.97171743983902
      ],
      [
       35.6093339967023,
       33.971718374887274
      ],
      [
       35.60933850668921,
       33.97172024498376
      ],
      [
       35.60933850668921,
       33.97172679032112
      ],
      [
       35.60933625169575,
       33.97172398517658
      ],
      [
       35.6093339967023,
       33.97172866041741
      ],
      [
       35.60931257426445,
       33.97173146556179
      ],
      [
       35.60931933924482,
       33.971738010898285
      ],
      [
       35.60931482925791,
       33.9717436211863
      ]
     ]
    ]
   },
   "properties": {
    "kind": "remove",
    "note": "",
    "source": "hand-drawn",
    "applied": "2026-09-09T09:39:02"
   }
  },
  {
   "type": "Feature",
   "geometry": {
    "type": "Polygon",
    "coordinates": [
     [
      [
       35.60936782160417,
       33.97178289319209
      ],
      [
       35.609350909153235,
       33.971774477763816
      ],
      [
       35.60933512419903,
       33.97175951700036
      ],
      [
       35.60933737919249,
       33.97175203661766
      ],
      [
       35.6093339967023,
       33.97174455623427
      ],
      [
       35.609324976728466,
       33.971737075850235
      ],
      [
       35.60932835921865,
       33.97173146556178
      ],
      [
       35.60935316414669,
       33.97173146556178
      ],
      [
       35.609356546636874,
       33.971741751090335
      ],
      [
       35.60936556661071,
       33.97174455623427
      ],
      [
       35.60937007659762,
       33.971741751090335
      ],
      [
       35.609372331591075,
       33.971747361378114
      ],
      [
       35.609364439113975,
       33.97174642633018
      ],
      [
       35.60936894910089,
       33.97175484176123
      ],
      [
       35.60939037153874,
       33.971751101569765
      ],
      [
       35.609386989048545,
       33.9717623221437
      ],
      [
       35.609380224068175,
       33.971766062334694
      ],
      [
       35.60938247906163,
       33.971774477763816
      ],
      [
       35.60937571408126,
       33.971774477763816
      ],
      [
       35.60936782160417,
       33.97178289319209
      ]
     ]
    ]
   },
   "properties": {
    "kind": "remove",
    "note": "",
    "source": "hand-drawn",
    "applied": "2026-09-09T09:39:02"
   }
  },
  {
   "type": "Feature",
   "geometry": {
    "type": "Polygon",
    "coordinates": [
     [
      [
       35.6095301811331,
       33.971878267987854
      ],
      [
       35.60951890616581,
       33.971855826869074
      ],
      [
       35.609522288655995,
       33.97184460630745
      ],
      [
       35.60952003366254,
       33.97183432079134
      ],
      [
       35.609531308629826,
       33.97181936003841
      ],
      [
       35.60953694611347,
       33.971823100226885
      ],
      [
       35.609554986061134,
       33.97181000956649
      ],
      [
       35.60954822108076,
       33.971806269377424
      ],
      [
       35.609571898512066,
       33.97179972404618
      ],
      [
       35.60958993845972,
       33.97178382823966
      ],
      [
       35.6095967034401,
       33.97178289319211
      ],
      [
       35.60959895843355,
       33.97177634785907
      ],
      [
       35.6096124883943,
       33.97177167262088
      ],
      [
       35.60961474338776,
       33.97176512728697
      ],
      [
       35.60962150836813,
       33.97176606233469
      ],
      [
       35.609633910832144,
       33.97177634785907
      ],
      [
       35.609633910832144,
       33.97176793243013
      ],
      [
       35.609640675812514,
       33.97176793243013
      ],
      [
       35.60965307827654,
       33.97178195814456
      ],
      [
       35.60966209825036,
       33.97178756842969
      ],
      [
       35.60966660823728,
       33.971784763287154
      ],
      [
       35.60966660823728,
       33.971817489944115
      ],
      [
       35.60966322574709,
       33.97180813947198
      ],
      [
       35.6096519507798,
       33.97180907451924
      ],
      [
       35.609648568289614,
       33.97181936003841
      ],
      [
       35.60962489085831,
       33.97182590536814
      ],
      [
       35.60961699838122,
       33.971840866119905
      ],
      [
       35.6095301811331,
       33.971878267987854
      ]
     ]
    ]
   },
   "properties": {
    "kind": "remove",
    "note": "",
    "source": "hand-drawn",
    "applied": "2026-09-09T09:39:02"
   }
  },
  {
   "type": "Feature",
   "geometry": {
    "type": "Polygon",
    "coordinates": [
     [
      [
       35.60928851366044,
       33.97173012143011
      ],
      [
       35.60937702655793,
       33.97170787750901
      ],
      [
       35.60941189527512,
       33.97167006282976
      ],
      [
       35.60941457748414,
       33.97164114571075
      ],
      [
       35.609363615512855,
       33.97158331144322
      ],
      [
       35.609336793422706,
       33.971587760234435
      ],
      [
       35.609226822853095,
       33.971667838436325
      ],
      [
       35.609232187271125,
       33.971687857975034
      ],
      [
       35.60929387807847,
       33.97173012143011
      ],
      [
       35.60928851366044,
       33.97173012143011
      ]
     ]
    ]
   },
   "properties": {
    "kind": "add",
    "note": "",
    "source": "hand-drawn",
    "applied": "2026-09-09T09:39:02"
   }
  },
  {
   "type": "Feature",
   "geometry": {
    "type": "Polygon",
    "coordinates": [
     [
      [
       35.60952454805375,
       33.971865809222926
      ],
      [
       35.60960769653321,
       33.971843565337316
      ],
      [
       35.6096237897873,
       33.97180797510821
      ],
      [
       35.60961306095124,
       33.971792404378306
      ],
      [
       35.609578192234046,
       33.971790179988076
      ],
      [
       35.60954868793488,
       33.97180352632852
      ],
      [
       35.609521865844734,
       33.97183466778142
      ],
      [
       35.609521865844734,
       33.97185691166939
      ],
      [
       35.60952454805375,
       33.971865809222926
      ]
     ]
    ]
   },
   "properties": {
    "kind": "add",
    "note": "",
    "source": "hand-drawn",
    "applied": "2026-09-09T09:39:02"
   }
  },
  {
   "type": "Feature",
   "geometry": {
    "type": "Polygon",
    "coordinates": [
     [
      [
       35.60940116643906,
       33.97182132144586
      ],
      [
       35.60946553945542,
       33.971805750718396
      ],
      [
       35.60944676399232,
       33.9717634873009
      ],
      [
       35.60941457748414,
       33.971750140954164
      ],
      [
       35.609379708766944,
       33.97179462876848
      ],
      [
       35.60943335294724,
       33.97182132144586
      ],
      [
       35.60940116643906,
       33.97182132144586
      ]
     ]
    ]
   },
   "properties": {
    "kind": "add",
    "note": "",
    "source": "hand-drawn",
    "applied": "2026-09-09T09:39:02"
   }
  },
  {
   "type": "Feature",
   "geometry": {
    "type": "Polygon",
    "coordinates": [
     [
      [
       35.60830008220203,
       33.97265528807312
      ],
      [
       35.60829669971184,
       33.97264500265505
      ],
      [
       35.60829331722165,
       33.97264874280722
      ],
      [
       35.608278659764174,
       33.972639392426515
      ],
      [
       35.60823919737867,
       33.97259731570053
      ],
      [
       35.60823919737867,
       33.97257206965499
      ],
      [
       35.60825949231979,
       33.97256832949945
      ],
      [
       35.60826174731326,
       33.972573939732676
      ],
      [
       35.608280914757636,
       33.972583290120625
      ],
      [
       35.6082910622282,
       33.97258422515934
      ],
      [
       35.608295572215106,
       33.972591705468865
      ],
      [
       35.60829782720857,
       33.972589835391545
      ],
      [
       35.60831022967259,
       33.97259731570056
      ],
      [
       35.60830910217585,
       33.972602925931895
      ],
      [
       35.6083147396595,
       33.97260479600892
      ],
      [
       35.60831699465296,
       33.97261508143183
      ],
      [
       35.608329397116975,
       33.972622561738625
      ],
      [
       35.60832714212352,
       33.97263565227393
      ],
      [
       35.60831022967259,
       33.97263939242651
      ],
      [
       35.608304592188944,
       33.972654353035175
      ],
      [
       35.60830008220203,
       33.97265528807312
      ]
     ]
    ]
   },
   "properties": {
    "kind": "remove",
    "note": "",
    "source": "hand-drawn",
    "applied": "2026-09-09T09:39:02"
   }
  },
  {
   "type": "Feature",
   "geometry": {
    "type": "Polygon",
    "coordinates": [
     [
      [
       35.61419012511305,
       33.97535937482188
      ],
      [
       35.61418336013267,
       33.97535563478896
      ],
      [
       35.61417434015885,
       33.975357504805444
      ],
      [
       35.61416081019811,
       33.97535095974756
      ],
      [
       35.61415968270137,
       33.975348154722596
      ],
      [
       35.61416644768175,
       33.97534441468917
      ],
      [
       35.614158555204654,
       33.97534067465559
      ],
      [
       35.614158555204654,
       33.97533319458791
      ],
      [
       35.6141450252439,
       33.97532851954529
      ],
      [
       35.61411345533549,
       33.97535095974756
      ],
      [
       35.614108945348576,
       33.975346284705914
      ],
      [
       35.614114582832215,
       33.97534534969753
      ],
      [
       35.61411571032895,
       33.975341609664
      ],
      [
       35.61410443536166,
       33.975340674655584
      ],
      [
       35.61409992537475,
       33.975335999613364
      ],
      [
       35.61410669035512,
       33.97533038956236
      ],
      [
       35.614107817851846,
       33.97532290949378
      ],
      [
       35.61413487777334,
       33.975316364433255
      ],
      [
       35.61413826026352,
       33.975305144328274
      ],
      [
       35.61415404521773,
       33.97530233930181
      ],
      [
       35.61416193769483,
       33.97529672924856
      ],
      [
       35.61419012511305,
       33.975297664257475
      ],
      [
       35.61420140008033,
       33.97531168938968
      ],
      [
       35.61420929255743,
       33.97531355940713
      ],
      [
       35.61420252757706,
       33.97532571451958
      ],
      [
       35.61420703756398,
       33.9753341295964
      ],
      [
       35.61419914508687,
       33.975345349697534
      ],
      [
       35.61419576259669,
       33.97534160966398
      ],
      [
       35.61419012511305,
       33.97535937482188
      ]
     ]
    ]
   },
   "properties": {
    "kind": "remove",
    "note": "",
    "source": "hand-drawn",
    "applied": "2026-09-09T09:39:02"
   }
  },
  {
   "type": "Feature",
   "geometry": {
    "type": "Polygon",
    "coordinates": [
     [
      [
       35.614496804223265,
       33.97520603333678
      ],
      [
       35.61448214676579,
       33.975196683237286
      ],
      [
       35.61449116673962,
       33.975177048024975
      ],
      [
       35.61449116673962,
       33.975159282828976
      ],
      [
       35.61450018671345,
       33.97514432266109
      ],
      [
       35.61451709916438,
       33.97514151762929
      ],
      [
       35.61452724663494,
       33.97515273775585
      ],
      [
       35.614532884118596,
       33.975152737755856
      ],
      [
       35.61452611913822,
       33.97517517800453
      ],
      [
       35.614532884118596,
       33.97519387820723
      ],
      [
       35.61452499164148,
       33.97519294319719
      ],
      [
       35.61453062912513,
       33.975202293297095
      ],
      [
       35.614496804223265,
       33.97520603333678
      ]
     ]
    ]
   },
   "properties": {
    "kind": "remove",
    "note": "",
    "source": "hand-drawn",
    "applied": "2026-09-09T09:39:02"
   }
  },
  {
   "type": "Feature",
   "geometry": {
    "type": "Polygon",
    "coordinates": [
     [
      [
       35.61535482923385,
       33.97493488003379
      ],
      [
       35.615350319246936,
       33.97493020496926
      ],
      [
       35.61535370173712,
       33.97492459489149
      ],
      [
       35.61537737916843,
       33.974925529904475
      ],
      [
       35.61537737916843,
       33.97492926995632
      ],
      [
       35.61535482923385,
       33.97493488003379
      ]
     ]
    ]
   },
   "properties": {
    "kind": "remove",
    "note": "",
    "source": "hand-drawn",
    "applied": "2026-09-09T09:39:02"
   }
  },
  {
   "type": "Feature",
   "geometry": {
    "type": "Polygon",
    "coordinates": [
     [
      [
       35.61568744076884,
       33.974326184469724
      ],
      [
       35.615691950755746,
       33.97432150937172
      ],
      [
       35.61569082325902,
       33.97431309419466
      ],
      [
       35.6156705283179,
       33.97431963933246
      ],
      [
       35.61566940082117,
       33.97431309419468
      ],
      [
       35.61568067578846,
       33.97430841909596
      ],
      [
       35.61569307825248,
       33.97430935411572
      ],
      [
       35.61570548071649,
       33.97430000391763
      ],
      [
       35.61570548071649,
       33.9743205743521
      ],
      [
       35.61569758823939,
       33.97431870431281
      ],
      [
       35.61569533324593,
       33.974325249450146
      ],
      [
       35.61568744076884,
       33.974326184469724
      ]
     ]
    ]
   },
   "properties": {
    "kind": "remove",
    "note": "",
    "source": "hand-drawn",
    "applied": "2026-09-09T09:39:02"
   }
  },
  {
   "type": "Feature",
   "geometry": {
    "type": "Polygon",
    "coordinates": [
     [
      [
       35.61552620873662,
       33.97404474311206
      ],
      [
       35.61552057125298,
       33.974033522839306
      ],
      [
       35.615534101213726,
       33.974027912702354
      ],
      [
       35.61554537618101,
       33.9740288477252
      ],
      [
       35.61554763117447,
       33.97403632790761
      ],
      [
       35.615541993690826,
       33.97404193804403
      ],
      [
       35.61552620873662,
       33.97404474311206
      ]
     ]
    ]
   },
   "properties": {
    "kind": "remove",
    "note": "",
    "source": "hand-drawn",
    "applied": "2026-09-09T09:39:02"
   }
  },
  {
   "type": "Feature",
   "geometry": {
    "type": "Polygon",
    "coordinates": [
     [
      [
       35.615849800297774,
       33.97360154121177
      ],
      [
       35.615849800297774,
       33.97358190563108
      ],
      [
       35.61585656527814,
       33.9735744254087
      ],
      [
       35.61585543778141,
       33.973567880213544
      ],
      [
       35.615849800297774,
       33.97356694518563
      ],
      [
       35.61585318278796,
       33.97356320507386
      ],
      [
       35.61585318278796,
       33.973542634456145
      ],
      [
       35.61587009523889,
       33.973545439540686
      ],
      [
       35.615875732722536,
       33.97353795931507
      ],
      [
       35.61589377267019,
       33.97353795931507
      ],
      [
       35.61590166514729,
       33.97353234914544
      ],
      [
       35.61591406761131,
       33.97353328417375
      ],
      [
       35.61591857759822,
       33.973522998861874
      ],
      [
       35.61591632260477,
       33.9735155186343
      ],
      [
       35.61592083259168,
       33.97351177852026
      ],
      [
       35.615944510023,
       33.9735155186343
      ],
      [
       35.6159490200099,
       33.97351177852027
      ],
      [
       35.615943382526254,
       33.973505233320296
      ],
      [
       35.61592421508187,
       33.973503363263085
      ],
      [
       35.6159253425786,
       33.973499623148506
      ],
      [
       35.615938872539346,
       33.97350242823445
      ],
      [
       35.615959167480455,
       33.973500558177165
      ],
      [
       35.615959167480455,
       33.973534219202016
      ],
      [
       35.6159490200099,
       33.973534219202016
      ],
      [
       35.61595240250009,
       33.973538894343314
      ],
      [
       35.615945637519715,
       33.97354263445615
      ],
      [
       35.615944510023,
       33.97355104970946
      ],
      [
       35.61593436255243,
       33.97355104970945
      ],
      [
       35.61593210755897,
       33.97355759490589
      ],
      [
       35.6159253425786,
       33.97355946496191
      ],
      [
       35.61592647007532,
       33.97356601015771
      ],
      [
       35.61592308758514,
       33.973568815241464
      ],
      [
       35.61591406761131,
       33.97356694518564
      ],
      [
       35.61591068512112,
       33.973575360436534
      ],
      [
       35.61589490016692,
       33.97358751579747
      ],
      [
       35.61587798771599,
       33.97358658076976
      ],
      [
       35.61587798771599,
       33.97358938585284
      ],
      [
       35.61588475269636,
       33.973588450825154
      ],
      [
       35.6158858801931,
       33.97359125590817
      ],
      [
       35.615874605225805,
       33.97359125590816
      ],
      [
       35.61586784024543,
       33.97358564574205
      ],
      [
       35.615872350232344,
       33.973582840658864
      ],
      [
       35.61587122273561,
       33.973579100547774
      ],
      [
       35.615864457755244,
       33.973579100547774
      ],
      [
       35.615865585251974,
       33.97358751579747
      ],
      [
       35.61585543778141,
       33.973590320880504
      ],
      [
       35.61586333025852,
       33.97359593104632
      ],
      [
       35.615849800297774,
       33.97360154121177
      ]
     ]
    ]
   },
   "properties": {
    "kind": "remove",
    "note": "",
    "source": "hand-drawn",
    "applied": "2026-09-09T09:39:02"
   }
  },
  {
   "type": "Feature",
   "geometry": {
    "type": "Polygon",
    "coordinates": [
     [
      [
       35.61382412910462,
       33.97499324161854
      ],
      [
       35.61387240886689,
       33.97498212008551
      ],
      [
       35.613875091075904,
       33.97496432562965
      ],
      [
       35.61386168003083,
       33.97495320409285
      ],
      [
       35.61381071805955,
       33.974955428400335
      ],
      [
       35.61381608247758,
       33.97498212008551
      ],
      [
       35.61382412910462,
       33.97499324161854
      ]
     ]
    ]
   },
   "properties": {
    "kind": "add",
    "note": "",
    "source": "hand-drawn",
    "applied": "2026-09-09T09:39:02"
   }
  },
  {
   "type": "Feature",
   "geometry": {
    "type": "Polygon",
    "coordinates": [
     [
      [
       35.6159269809723,
       33.97440157404193
      ],
      [
       35.61596721410752,
       33.97440379836381
      ],
      [
       35.61597794294358,
       33.974374882174466
      ],
      [
       35.61592966318131,
       33.974370433529096
      ],
      [
       35.6159269809723,
       33.97439712539793
      ],
      [
       35.6159269809723,
       33.97440157404193
      ]
     ]
    ]
   },
   "properties": {
    "kind": "add",
    "note": "",
    "source": "hand-drawn",
    "applied": "2026-09-09T09:39:02"
   }
  },
  {
   "type": "Feature",
   "geometry": {
    "type": "Polygon",
    "coordinates": [
     [
      [
       35.61241657275871,
       33.9755594663439
      ],
      [
       35.61241657275871,
       33.975549181277124
      ],
      [
       35.612410935275065,
       33.975550116283266
      ],
      [
       35.61239853281105,
       33.9755435712402
      ],
      [
       35.612401915301234,
       33.975531416158894
      ],
      [
       35.6123928953274,
       33.97552674112718
      ],
      [
       35.61239966030778,
       33.975523001101614
      ],
      [
       35.612396277817595,
       33.97551645605647
      ],
      [
       35.612401915301234,
       33.97551365103697
      ],
      [
       35.612409807778334,
       33.97551645605647
      ],
      [
       35.612412062771796,
       33.97551178102392
      ],
      [
       35.61241431776525,
       33.97551645605647
      ],
      [
       35.61241657275871,
       33.97551271603045
      ],
      [
       35.61242897522273,
       33.97551458604347
      ],
      [
       35.61245378015076,
       33.97552393610802
      ],
      [
       35.61245378015076,
       33.975531416158915
      ],
      [
       35.61244927016384,
       33.9755342211778
      ],
      [
       35.61245265265403,
       33.97554076622162
      ],
      [
       35.61243799519656,
       33.97554263623403
      ],
      [
       35.61242221024236,
       33.97555853133788
      ],
      [
       35.61241657275871,
       33.9755594663439
      ]
     ]
    ]
   },
   "properties": {
    "kind": "remove",
    "note": "",
    "source": "hand-drawn",
    "applied": "2026-09-09T09:39:02"
   }
  },
  {
   "type": "Feature",
   "geometry": {
    "type": "Polygon",
    "coordinates": [
     [
      [
       35.61389021098319,
       33.97607652309629
      ],
      [
       35.61387217103553,
       33.97606810809294
      ],
      [
       35.613875553525716,
       33.976057823087714
      ],
      [
       35.61389472097011,
       33.976060628089265
      ],
      [
       35.61389697596356,
       33.976074653095615
      ],
      [
       35.61389021098319,
       33.97607652309629
      ]
     ]
    ]
   },
   "properties": {
    "kind": "remove",
    "note": "",
    "source": "hand-drawn",
    "applied": "2026-09-09T09:39:02"
   }
  },
  {
   "type": "Feature",
   "geometry": {
    "type": "Polygon",
    "coordinates": [
     [
      [
       35.613868788545346,
       33.97605595308665
      ],
      [
       35.61386540605516,
       33.97605221308434
      ],
      [
       35.613866533551885,
       33.97604005807573
      ],
      [
       35.61387217103553,
       33.976035383072
      ],
      [
       35.61388006351263,
       33.97605408308551
      ],
      [
       35.61389810346029,
       33.97605314808493
      ],
      [
       35.61389810346029,
       33.97605595308662
      ],
      [
       35.613868788545346,
       33.97605595308665
      ]
     ]
    ]
   },
   "properties": {
    "kind": "remove",
    "note": "",
    "source": "hand-drawn",
    "applied": "2026-09-09T09:39:02"
   }
  },
  {
   "type": "Feature",
   "geometry": {
    "type": "Polygon",
    "coordinates": [
     [
      [
       35.61443028191626,
       33.97607278309489
      ],
      [
       35.614434791903186,
       33.976066238092066
      ],
      [
       35.61442915441954,
       33.976055953086615
      ],
      [
       35.61439983950459,
       33.976055953086636
      ],
      [
       35.61438856453731,
       33.976049408082524
      ],
      [
       35.61438179955693,
       33.97605408308551
      ],
      [
       35.61436714209946,
       33.97604379807858
      ],
      [
       35.614368269596184,
       33.976031643068815
      ],
      [
       35.614364887106,
       33.9760381880743
      ],
      [
       35.61435924962235,
       33.9760381880743
      ],
      [
       35.614353612138714,
       33.97601948805729
      ],
      [
       35.614340082177975,
       33.97600733304404
      ],
      [
       35.6143445921649,
       33.97600546304183
      ],
      [
       35.61435248464199,
       33.976010138047236
      ],
      [
       35.61435248464199,
       33.976006398042934
      ],
      [
       35.6143491021518,
       33.97600265803847
      ],
      [
       35.614338954681244,
       33.97600265803847
      ],
      [
       35.614340082177975,
       33.97598956802151
      ],
      [
       35.614345719661614,
       33.97599330802655
      ],
      [
       35.61434346466816,
       33.97599704803145
      ],
      [
       35.614347974655075,
       33.975997983032656
      ],
      [
       35.61434684715835,
       33.975983023012276
      ],
      [
       35.61435924962235,
       33.97599611303024
      ],
      [
       35.61437954456348,
       33.97599237302531
      ],
      [
       35.6143806720602,
       33.97599891803383
      ],
      [
       35.61437390707983,
       33.97599891803383
      ],
      [
       35.61437390707983,
       33.9760035930396
      ],
      [
       35.61437954456348,
       33.97600733304404
      ],
      [
       35.6143806720602,
       33.97601481305239
      ],
      [
       35.614385182047116,
       33.976014813052394
      ],
      [
       35.61438743704058,
       33.97602509806282
      ],
      [
       35.61439081953076,
       33.97602509806282
      ],
      [
       35.61439081953076,
       33.97601574805339
      ],
      [
       35.61439532951768,
       33.97601387805138
      ],
      [
       35.61439081953076,
       33.976007333044045
      ],
      [
       35.61438292705366,
       33.97600733304403
      ],
      [
       35.61438179955693,
       33.97599985303501
      ],
      [
       35.61438743704058,
       33.975993308026574
      ],
      [
       35.61439871200787,
       33.9760035930396
      ],
      [
       35.61441111447188,
       33.97600733304403
      ],
      [
       35.61441111447188,
       33.97600078803617
      ],
      [
       35.614403221994785,
       33.975994243027806
      ],
      [
       35.61440547698824,
       33.975989568021525
      ],
      [
       35.614416751955524,
       33.975998918033824
      ],
      [
       35.61443704689664,
       33.97600733304402
      ],
      [
       35.614441556883556,
       33.97602042305823
      ],
      [
       35.61445057685739,
       33.97601948805729
      ],
      [
       35.61445959683122,
       33.97602509806282
      ],
      [
       35.614473126791964,
       33.97604099307649
      ],
      [
       35.614475381785425,
       33.97605501808607
      ],
      [
       35.61446861680505,
       33.976055953086636
      ],
      [
       35.61446861680505,
       33.97605969308875
      ],
      [
       35.61446636181159,
       33.97605595308665
      ],
      [
       35.61445621434103,
       33.976055953086636
      ],
      [
       35.61445283185084,
       33.97606904309335
      ],
      [
       35.6144471943672,
       33.97605875808825
      ],
      [
       35.61445283185084,
       33.976055953086636
      ],
      [
       35.614432536909725,
       33.97605127808374
      ],
      [
       35.61443591939991,
       33.97605408308551
      ],
      [
       35.614432536909725,
       33.97605782308772
      ],
      [
       35.61444606687047,
       33.97606997809376
      ],
      [
       35.614434791903186,
       33.97606810809294
      ],
      [
       35.61443028191626,
       33.97607278309489
      ]
     ]
    ]
   },
   "properties": {
    "kind": "remove",
    "note": "",
    "source": "hand-drawn",
    "applied": "2026-09-09T09:39:02"
   }
  },
  {
   "type": "Feature",
   "geometry": {
    "type": "Polygon",
    "coordinates": [
     [
      [
       35.61478544338583,
       33.97569504210754
      ],
      [
       35.614776423412,
       33.975681952043224
      ],
      [
       35.61477078592836,
       33.975682887047874
      ],
      [
       35.614776423412,
       33.97567447200558
      ],
      [
       35.61478544338583,
       33.97567634201505
      ],
      [
       35.61478657088256,
       33.97568288704789
      ],
      [
       35.61479446335966,
       33.97568849707565
      ],
      [
       35.61479446335966,
       33.97569317209849
      ],
      [
       35.61478544338583,
       33.97569504210754
      ]
     ]
    ]
   },
   "properties": {
    "kind": "remove",
    "note": "",
    "source": "hand-drawn",
    "applied": "2026-09-09T09:39:02"
   }
  },
  {
   "type": "Feature",
   "geometry": {
    "type": "Polygon",
    "coordinates": [
     [
      [
       35.617373048378326,
       33.976888099505516
      ],
      [
       35.617371920881595,
       33.97688435953984
      ],
      [
       35.617356135927395,
       33.976883424548376
      ],
      [
       35.61735500843067,
       33.97687874959099
      ],
      [
       35.61735049844375,
       33.976879684582485
      ],
      [
       35.617342605966655,
       33.97687407463335
      ],
      [
       35.61734598845684,
       33.976862854733966
      ],
      [
       35.61733696848301,
       33.97686098475057
      ],
      [
       35.61733358599282,
       33.97685350481666
      ],
      [
       35.61733696848301,
       33.976816105137196
      ],
      [
       35.61735951841759,
       33.97681891011373
      ],
      [
       35.61735951841759,
       33.97682639005068
      ],
      [
       35.617364028404495,
       33.97682826003483
      ],
      [
       35.61736177341104,
       33.97684134992264
      ],
      [
       35.617357263424125,
       33.97684134992264
      ],
      [
       35.617356135927395,
       33.97682545505861
      ],
      [
       35.617348243450294,
       33.97682732504277
      ],
      [
       35.617342605966655,
       33.97683667496294
      ],
      [
       35.617349370947025,
       33.97684041493073
      ],
      [
       35.617347115953564,
       33.97684789486578
      ],
      [
       35.617357263424125,
       33.97685350481666
      ],
      [
       35.617365155901226,
       33.97687033466706
      ],
      [
       35.61737755836524,
       33.97687220465022
      ],
      [
       35.61738319584888,
       33.9768778145995
      ],
      [
       35.61738319584888,
       33.97688248955693
      ],
      [
       35.61737755836524,
       33.97688248955693
      ],
      [
       35.617373048378326,
       33.976888099505516
      ]
     ]
    ]
   },
   "properties": {
    "kind": "remove",
    "note": "",
    "source": "hand-drawn",
    "applied": "2026-09-09T09:39:02"
   }
  },
  {
   "type": "Feature",
   "geometry": {
    "type": "Polygon",
    "coordinates": [
     [
      [
       35.617282848640016,
       33.97637198268585
      ],
      [
       35.61727270116946,
       33.976373852679956
      ],
      [
       35.6172625536989,
       33.97636543770605
      ],
      [
       35.617235493777414,
       33.97636450270889
      ],
      [
       35.61720843385592,
       33.976344867766294
      ],
      [
       35.61720617886247,
       33.97633645278951
      ],
      [
       35.6172230913134,
       33.9763055978675
      ],
      [
       35.61724225875779,
       33.97629998788048
      ],
      [
       35.617249023738154,
       33.976308402860866
      ],
      [
       35.61726029870544,
       33.976311207854145
      ],
      [
       35.61726142620217,
       33.97631868783578
      ],
      [
       35.61727270116946,
       33.97632803781189
      ],
      [
       35.61727946614983,
       33.97632990780699
      ],
      [
       35.61728059364656,
       33.97634860775572
      ],
      [
       35.617290741117124,
       33.976347672758365
      ],
      [
       35.61728961362039,
       33.9763551527368
      ],
      [
       35.61727721115637,
       33.97635234774498
      ],
      [
       35.61727833865311,
       33.9763570227313
      ],
      [
       35.61728735862693,
       33.976359827722966
      ],
      [
       35.61728510363348,
       33.97636543770605
      ],
      [
       35.61727833865311,
       33.97636730770032
      ],
      [
       35.617282848640016,
       33.97637198268585
      ]
     ]
    ]
   },
   "properties": {
    "kind": "remove",
    "note": "",
    "source": "hand-drawn",
    "applied": "2026-09-09T09:39:02"
   }
  },
  {
   "type": "Feature",
   "geometry": {
    "type": "Polygon",
    "coordinates": [
     [
      [
       35.61695587458868,
       33.97653373702622
      ],
      [
       35.61696263956906,
       33.97652625706349
      ],
      [
       35.61694347212467,
       33.97652438707273
      ],
      [
       35.61695023710504,
       33.97651877710012
      ],
      [
       35.61696263956906,
       33.97651784210466
      ],
      [
       35.61695812958214,
       33.97651316712717
      ],
      [
       35.616972787039614,
       33.976515972113695
      ],
      [
       35.6169761695298,
       33.9765112971361
      ],
      [
       35.61699420947746,
       33.97651223213164
      ],
      [
       35.61700210195456,
       33.97650849214943
      ],
      [
       35.61700097445783,
       33.97650194718014
      ],
      [
       35.61700886693493,
       33.97650194718013
      ],
      [
       35.617003229451285,
       33.976507557153845
      ],
      [
       35.617003229451285,
       33.97651877710013
      ],
      [
       35.61700999443166,
       33.976519712095595
      ],
      [
       35.61700661194147,
       33.976522517081904
      ],
      [
       35.61700886693493,
       33.97652532206813
      ],
      [
       35.61697842452326,
       33.97652719205885
      ],
      [
       35.616980679516715,
       33.97653093204027
      ],
      [
       35.61699533697419,
       33.9765318670356
      ],
      [
       35.61699308198074,
       33.976533737026216
      ],
      [
       35.61695587458868,
       33.97653373702622
      ]
     ]
    ]
   },
   "properties": {
    "kind": "remove",
    "note": "",
    "source": "hand-drawn",
    "applied": "2026-09-09T09:39:02"
   }
  },
  {
   "type": "Feature",
   "geometry": {
    "type": "Polygon",
    "coordinates": [
     [
      [
       35.616975042033076,
       33.9764767022939
      ],
      [
       35.61695587458868,
       33.97647670229392
      ],
      [
       35.61696263956906,
       33.97647296231014
      ],
      [
       35.616964894562514,
       33.976465482342086
      ],
      [
       35.6169524920985,
       33.976457067377204
      ],
      [
       35.61695925707887,
       33.97645706737723
      ],
      [
       35.61697955201999,
       33.97646828733017
      ],
      [
       35.616975042033076,
       33.9764767022939
      ]
     ]
    ]
   },
   "properties": {
    "kind": "remove",
    "note": "",
    "source": "hand-drawn",
    "applied": "2026-09-09T09:39:02"
   }
  },
  {
   "type": "Feature",
   "geometry": {
    "type": "Polygon",
    "coordinates": [
     [
      [
       35.61817018856555,
       33.97756690055246
      ],
      [
       35.618166806075365,
       33.97756129064866
      ],
      [
       35.61815553110809,
       33.97755848569663
      ],
      [
       35.61815553110809,
       33.977551005824076
      ],
      [
       35.61816455108191,
       33.97754072099824
      ],
      [
       35.61818033603611,
       33.9775341761084
      ],
      [
       35.61818259102957,
       33.97753978601401
      ],
      [
       35.618191611003404,
       33.977538851029756
      ],
      [
       35.618191611003404,
       33.97754446093506
      ],
      [
       35.61818033603611,
       33.97756129064867
      ],
      [
       35.61817018856555,
       33.97756690055246
      ]
     ]
    ]
   },
   "properties": {
    "kind": "remove",
    "note": "",
    "source": "hand-drawn",
    "applied": "2026-09-09T09:39:02"
   }
  },
  {
   "type": "Feature",
   "geometry": {
    "type": "Polygon",
    "coordinates": [
     [
      [
       35.61871815197573,
       33.97689464444507
      ],
      [
       35.61871589698227,
       33.97687874959099
      ],
      [
       35.61871251449209,
       33.976883424548376
      ],
      [
       35.61870913200191,
       33.97688155456547
      ],
      [
       35.618705749511726,
       33.97686565970895
      ],
      [
       35.61870913200191,
       33.976789925351774
      ],
      [
       35.61871815197573,
       33.976795535306486
      ],
      [
       35.61871927947246,
       33.97680114526081
      ],
      [
       35.61872604445283,
       33.97679834028366
      ],
      [
       35.6187519768776,
       33.97680956019159
      ],
      [
       35.618741829407035,
       33.97682265008229
      ],
      [
       35.61872153446592,
       33.976831065010956
      ],
      [
       35.61872153446592,
       33.97683480497897
      ],
      [
       35.618724916956104,
       33.976831065010956
      ],
      [
       35.61872942694301,
       33.97683386998698
      ],
      [
       35.61872153446592,
       33.97683854494685
      ],
      [
       35.61872266196264,
       33.97684882985762
      ],
      [
       35.618732809433205,
       33.97685630979195
      ],
      [
       35.61873731942012,
       33.976856309791955
      ],
      [
       35.618735064426666,
       33.97685069984126
      ],
      [
       35.618741829407035,
       33.976850699841265
      ],
      [
       35.618748594387405,
       33.976856309791955
      ],
      [
       35.61874746689068,
       33.97683947993879
      ],
      [
       35.6187598693547,
       33.97683947993879
      ],
      [
       35.61875423187105,
       33.97681984510588
      ],
      [
       35.61876212434815,
       33.97681984510587
      ],
      [
       35.61876437934161,
       33.97681517014498
      ],
      [
       35.61876663433507,
       33.97681984510589
      ],
      [
       35.61876325184488,
       33.976823585074406
      ],
      [
       35.618768889328535,
       33.97682826003482
      ],
      [
       35.6187677618318,
       33.9768553748002
      ],
      [
       35.61876212434815,
       33.976854439808434
      ],
      [
       35.61876099685143,
       33.97685817977544
      ],
      [
       35.61875310437432,
       33.976860049758876
      ],
      [
       35.618748594387405,
       33.97686939967545
      ],
      [
       35.618741829407035,
       33.976865659708956
      ],
      [
       35.618740701910305,
       33.97687500962489
      ],
      [
       35.61872829944629,
       33.97687687960797
      ],
      [
       35.61872153446592,
       33.97687220465022
      ],
      [
       35.61871815197573,
       33.97687781459949
      ],
      [
       35.61872604445283,
       33.976878749590995
      ],
      [
       35.618723789459374,
       33.97689277446239
      ],
      [
       35.61871815197573,
       33.97689464444507
      ]
     ]
    ]
   },
   "properties": {
    "kind": "remove",
    "note": "",
    "source": "hand-drawn",
    "applied": "2026-09-09T09:39:02"
   }
  },
  {
   "type": "Feature",
   "geometry": {
    "type": "Polygon",
    "coordinates": [
     [
      [
       35.61891884639344,
       33.976814235152794
      ],
      [
       35.6189053164327,
       33.976812365168335
      ],
      [
       35.6189053164327,
       33.97679647029889
      ],
      [
       35.61891659139999,
       33.97678992535178
      ],
      [
       35.61891884639344,
       33.97678431539672
      ],
      [
       35.61893463134765,
       33.97678899035929
      ],
      [
       35.618948161308396,
       33.97678805536679
      ],
      [
       35.618963946262596,
       33.97677403047814
      ],
      [
       35.6189560537855,
       33.976791795336716
      ],
      [
       35.61896056377241,
       33.97679273032917
      ],
      [
       35.61896281876587,
       33.9767880553668
      ],
      [
       35.6189797312168,
       33.97679086034426
      ],
      [
       35.61896732875278,
       33.97680114526081
      ],
      [
       35.61896507375933,
       33.976808625199325
      ],
      [
       35.61896958374624,
       33.97681330016058
      ],
      [
       35.6189560537855,
       33.97681236516834
      ],
      [
       35.61894365132148,
       33.976803015245494
      ],
      [
       35.618940268831295,
       33.976795535306486
      ],
      [
       35.618933503850926,
       33.97679460031405
      ],
      [
       35.61893688634111,
       33.97680769020704
      ],
      [
       35.61891997389018,
       33.9768095601916
      ],
      [
       35.61891884639344,
       33.976814235152794
      ]
     ]
    ]
   },
   "properties": {
    "kind": "remove",
    "note": "",
    "source": "hand-drawn",
    "applied": "2026-09-09T09:39:02"
   }
  },
  {
   "type": "Feature",
   "geometry": {
    "type": "Polygon",
    "coordinates": [
     [
      [
       35.61901806610558,
       33.97678431539671
      ],
      [
       35.619011301125205,
       33.97678057542646
      ],
      [
       35.619011301125205,
       33.97677590046342
      ],
      [
       35.61902032109904,
       33.976762810565525
      ],
      [
       35.619032723563045,
       33.97675439563011
      ],
      [
       35.61903610605323,
       33.976760940579936
      ],
      [
       35.61903046856959,
       33.97676842052201
      ],
      [
       35.619032723563045,
       33.97678338040417
      ],
      [
       35.619025958582675,
       33.976781510419045
      ],
      [
       35.61901806610558,
       33.97678431539671
      ]
     ]
    ]
   },
   "properties": {
    "kind": "remove",
    "note": "",
    "source": "hand-drawn",
    "applied": "2026-09-09T09:39:02"
   }
  },
  {
   "type": "Feature",
   "geometry": {
    "type": "Polygon",
    "coordinates": [
     [
      [
       35.61936308010457,
       33.9765524369301
      ],
      [
       35.619350677640554,
       33.97654869694964
      ],
      [
       35.6193563151242,
       33.97654495696902
      ],
      [
       35.61933714767981,
       33.9765346720215
      ],
      [
       35.61936308010457,
       33.9765346720215
      ],
      [
       35.6193642076013,
       33.97653841200258
      ],
      [
       35.61936984508495,
       33.97653841200258
      ],
      [
       35.61936984508495,
       33.976550566939906
      ],
      [
       35.61936308010457,
       33.9765524369301
      ]
     ]
    ]
   },
   "properties": {
    "kind": "remove",
    "note": "",
    "source": "hand-drawn",
    "applied": "2026-09-09T09:39:02"
   }
  },
  {
   "type": "Feature",
   "geometry": {
    "type": "Polygon",
    "coordinates": [
     [
      [
       35.61982084377645,
       33.97656459186544
      ],
      [
       35.61979265635823,
       33.97655337192519
      ],
      [
       35.6197836363844,
       33.97654682695937
      ],
      [
       35.61977687140403,
       33.9765346720215
      ],
      [
       35.61985241368485,
       33.9765346720215
      ],
      [
       35.619853541181584,
       33.97653934699782
      ],
      [
       35.61984790369794,
       33.97654308697868
      ],
      [
       35.61985015869139,
       33.97655150193502
      ],
      [
       35.61982084377645,
       33.97656459186544
      ]
     ]
    ]
   },
   "properties": {
    "kind": "remove",
    "note": "",
    "source": "hand-drawn",
    "applied": "2026-09-09T09:39:02"
   }
  },
  {
   "type": "Feature",
   "geometry": {
    "type": "Polygon",
    "coordinates": [
     [
      [
       35.619966387748725,
       33.976421234373056
      ],
      [
       35.62001734972001,
       33.976421234373056
      ],
      [
       35.62002271413804,
       33.976376748979426
      ],
      [
       35.61996906995774,
       33.976381197519835
      ],
      [
       35.619966387748725,
       33.976421234373056
      ],
      [
       35.619966387748725,
       33.976421234373056
      ]
     ]
    ]
   },
   "properties": {
    "kind": "add",
    "note": "",
    "source": "hand-drawn",
    "applied": "2026-09-09T09:39:02"
   }
  },
  {
   "type": "Feature",
   "geometry": {
    "type": "Polygon",
    "coordinates": [
     [
      [
       35.619828736253545,
       33.977541655982456
      ],
      [
       35.61982648126009,
       33.97753511109271
      ],
      [
       35.619817461286274,
       33.9775341761084
      ],
      [
       35.619818588783,
       33.977528566202466
      ],
      [
       35.61981295129935,
       33.977526696233724
      ],
      [
       35.619815206292806,
       33.97751267146691
      ],
      [
       35.61985015869139,
       33.9774593773319
      ],
      [
       35.61985917866522,
       33.977463117272265
      ],
      [
       35.61985128618812,
       33.977468727182575
      ],
      [
       35.61985128618812,
       33.97747714204729
      ],
      [
       35.619869326135785,
       33.977486491895995
      ],
      [
       35.61988736608345,
       33.97748462192634
      ],
      [
       35.61989638605728,
       33.977467792197544
      ],
      [
       35.61990427853437,
       33.97746592222748
      ],
      [
       35.619900896044186,
       33.97747246712255
      ],
      [
       35.61990653352783,
       33.97748275195663
      ],
      [
       35.61990202354092,
       33.977496776728394
      ],
      [
       35.619897513554,
       33.97749490675895
      ],
      [
       35.619900896044186,
       33.977486491895995
      ],
      [
       35.619894131063816,
       33.97748088198689
      ],
      [
       35.61988849358018,
       33.97748462192633
      ],
      [
       35.619893003567086,
       33.97750238663645
      ],
      [
       35.6198896210769,
       33.977507996544134
      ],
      [
       35.619880601103084,
       33.97751173648237
      ],
      [
       35.619870453632515,
       33.9775313711555
      ],
      [
       35.61986256115541,
       33.97753324112412
      ],
      [
       35.61985692367177,
       33.97753978601401
      ],
      [
       35.61984452120775,
       33.977536046077
      ],
      [
       35.619828736253545,
       33.977541655982456
      ]
     ]
    ]
   },
   "properties": {
    "kind": "remove",
    "note": "",
    "source": "hand-drawn",
    "applied": "2026-09-09T09:39:02"
   }
  },
  {
   "type": "Feature",
   "geometry": {
    "type": "Polygon",
    "coordinates": [
     [
      [
       35.619062038478,
       33.97823541143785
      ],
      [
       35.61906091098127,
       33.97823167153143
      ],
      [
       35.619074440942015,
       33.97823167153144
      ],
      [
       35.619076695935476,
       33.978226061671506
      ],
      [
       35.61905865598781,
       33.978223256741394
      ],
      [
       35.61905978348454,
       33.97821764688092
      ],
      [
       35.619066548464914,
       33.97821951683445
      ],
      [
       35.61908571590931,
       33.97821390697372
      ],
      [
       35.6190936083864,
       33.97821671190413
      ],
      [
       35.6190936083864,
       33.97822980157817
      ],
      [
       35.61908007842567,
       33.978235411437865
      ],
      [
       35.619062038478,
       33.97823541143785
      ]
     ]
    ]
   },
   "properties": {
    "kind": "remove",
    "note": "",
    "source": "hand-drawn",
    "applied": "2026-09-09T09:39:02"
   }
  },
  {
   "type": "Feature",
   "geometry": {
    "type": "Polygon",
    "coordinates": [
     [
      [
       35.6191917006018,
       33.978333583922435
      ],
      [
       35.619160130693395,
       33.97833358392242
      ],
      [
       35.619161258190125,
       33.97831862431306
      ],
      [
       35.61917140566069,
       33.97831955928871
      ],
      [
       35.619177043144326,
       33.97830833958005
      ],
      [
       35.61918268062797,
       33.978305534652684
      ],
      [
       35.619192828098534,
       33.978308339580074
      ],
      [
       35.61919733808545,
       33.978313949434565
      ],
      [
       35.61918493562143,
       33.978322364215636
      ],
      [
       35.6191917006018,
       33.978333583922435
      ]
     ]
    ]
   },
   "properties": {
    "kind": "remove",
    "note": "",
    "source": "hand-drawn",
    "applied": "2026-09-09T09:39:02"
   }
  },
  {
   "type": "Feature",
   "geometry": {
    "type": "Polygon",
    "coordinates": [
     [
      [
       35.619288665320475,
       33.978141913728116
      ],
      [
       35.619272880366275,
       33.97813069399605
      ],
      [
       35.61926611538591,
       33.97812227919603
      ],
      [
       35.61926724288263,
       33.978115734350965
      ],
      [
       35.61928077284337,
       33.97812414915164
      ],
      [
       35.619293175307384,
       33.97811947426249
      ],
      [
       35.61931459774524,
       33.978123214173834
      ],
      [
       35.619303322777945,
       33.97813910879523
      ],
      [
       35.619288665320475,
       33.978141913728116
      ]
     ]
    ]
   },
   "properties": {
    "kind": "remove",
    "note": "",
    "source": "hand-drawn",
    "applied": "2026-09-09T09:39:02"
   }
  },
  {
   "type": "Feature",
   "geometry": {
    "type": "Polygon",
    "coordinates": [
     [
      [
       35.61943636739195,
       33.97806431055095
      ],
      [
       35.61942509242466,
       33.97805028587281
      ],
      [
       35.61941156246392,
       33.97805309080864
      ],
      [
       35.619402542490086,
       33.978043741022226
      ],
      [
       35.61942170993448,
       33.97801943157276
      ],
      [
       35.61942509242466,
       33.97803532621357
      ],
      [
       35.61943298490176,
       33.978042806043526
      ],
      [
       35.61944764235924,
       33.97804841591556
      ],
      [
       35.61944764235924,
       33.97805496076578
      ],
      [
       35.61943636739195,
       33.97806431055095
      ]
     ]
    ]
   },
   "properties": {
    "kind": "remove",
    "note": "",
    "source": "hand-drawn",
    "applied": "2026-09-09T09:39:02"
   }
  },
  {
   "type": "Feature",
   "geometry": {
    "type": "Polygon",
    "coordinates": [
     [
      [
       35.619754321469465,
       33.97830459967687
      ],
      [
       35.619752066475996,
       33.978295249918126
      ],
      [
       35.61972387905778,
       33.97828216025415
      ],
      [
       35.61971598658067,
       33.97828216025415
      ],
      [
       35.61969118165265,
       33.97826533068326
      ],
      [
       35.619686671665725,
       33.9782578508729
      ],
      [
       35.61969005415592,
       33.9782428912502
      ],
      [
       35.61970358411666,
       33.97824289125018
      ],
      [
       35.61971260409049,
       33.9782578508729
      ],
      [
       35.619720496567595,
       33.978260655801854
      ],
      [
       35.619720496567595,
       33.97827374546913
      ],
      [
       35.619737409018526,
       33.978278420349824
      ],
      [
       35.619736281521796,
       33.97828403020629
      ],
      [
       35.61975770395965,
       33.97829244499031
      ],
      [
       35.61976221394656,
       33.97830179474937
      ],
      [
       35.619754321469465,
       33.97830459967687
      ]
     ]
    ]
   },
   "properties": {
    "kind": "remove",
    "note": "",
    "source": "hand-drawn",
    "applied": "2026-09-09T09:39:02"
   }
  },
  {
   "type": "Feature",
   "geometry": {
    "type": "Polygon",
    "coordinates": [
     [
      [
       35.62183117044382,
       33.978266265659514
      ],
      [
       35.62181764048307,
       33.978257850872886
      ],
      [
       35.621819895476534,
       33.9782428912502
      ],
      [
       35.621828915450365,
       33.97824289125018
      ],
      [
       35.621828915450365,
       33.97825317599108
      ],
      [
       35.621835680430735,
       33.97825691589656
      ],
      [
       35.62185033788821,
       33.97825598092021
      ],
      [
       35.6218537203784,
       33.978243826226695
      ],
      [
       35.621866122842405,
       33.978245696179656
      ],
      [
       35.6218616128555,
       33.978249436085456
      ],
      [
       35.62187176032605,
       33.978253175991085
      ],
      [
       35.62187401531951,
       33.9782428912502
      ],
      [
       35.62187965280315,
       33.97824289125019
      ],
      [
       35.62187401531951,
       33.978251306038295
      ],
      [
       35.6218773978097,
       33.97825878584922
      ],
      [
       35.621859357862036,
       33.97825878584922
      ],
      [
       35.6218616128555,
       33.97826346073073
      ],
      [
       35.62183229794055,
       33.97826252575445
      ],
      [
       35.62183117044382,
       33.978266265659514
      ]
     ]
    ]
   },
   "properties": {
    "kind": "remove",
    "note": "",
    "source": "hand-drawn",
    "applied": "2026-09-09T09:39:02"
   }
  },
  {
   "type": "Feature",
   "geometry": {
    "type": "Polygon",
    "coordinates": [
     [
      [
       35.61984790369794,
       33.97719384114375
      ],
      [
       35.61983211874374,
       33.97719103617961
      ],
      [
       35.61983099124701,
       33.97717420639268
      ],
      [
       35.61983550123392,
       33.97717420639268
      ],
      [
       35.619836628730646,
       33.9771807513102
      ],
      [
       35.61985241368485,
       33.977181686298366
      ],
      [
       35.61985692367177,
       33.97718542625099
      ],
      [
       35.6198580511685,
       33.977190101191496
      ],
      [
       35.61984790369794,
       33.97719384114375
      ]
     ]
    ]
   },
   "properties": {
    "kind": "remove",
    "note": "",
    "source": "hand-drawn",
    "applied": "2026-09-09T09:39:02"
   }
  },
  {
   "type": "Feature",
   "geometry": {
    "type": "Polygon",
    "coordinates": [
     [
      [
       35.619462132453926,
       33.97767571289059
      ],
      [
       35.619478225708015,
       33.977682385599174
      ],
      [
       35.619505047798164,
       33.977644573576974
      ],
      [
       35.619483590126045,
       33.977644573576974
      ],
      [
       35.619467496871955,
       33.97767571289059
      ],
      [
       35.619462132453926,
       33.97767571289059
      ]
     ]
    ]
   },
   "properties": {
    "kind": "add",
    "note": "",
    "source": "hand-drawn",
    "applied": "2026-09-09T09:39:02"
   }
  },
  {
   "type": "Feature",
   "geometry": {
    "type": "Polygon",
    "coordinates": [
     [
      [
       35.61980277299882,
       33.978587644874644
      ],
      [
       35.619824230670936,
       33.97855428168176
      ],
      [
       35.61979472637177,
       33.97853426375976
      ],
      [
       35.61977058649064,
       33.978580972237104
      ],
      [
       35.61979472637177,
       33.978587644874644
      ],
      [
       35.61980277299882,
       33.978587644874644
      ]
     ]
    ]
   },
   "properties": {
    "kind": "add",
    "note": "",
    "source": "hand-drawn",
    "applied": "2026-09-09T09:39:02"
   }
  },
  {
   "type": "Feature",
   "geometry": {
    "type": "Polygon",
    "coordinates": [
     [
      [
       35.62129139900208,
       33.97839191395617
      ],
      [
       35.6213665008545,
       33.97840970769468
      ],
      [
       35.6213665008545,
       33.978436398295415
      ],
      [
       35.621336996555335,
       33.97843862251175
      ],
      [
       35.62129676342011,
       33.97842305299608
      ],
      [
       35.62128335237504,
       33.97841193191171
      ],
      [
       35.62128603458405,
       33.97839413817371
      ],
      [
       35.62129139900208,
       33.97839191395617
      ]
     ]
    ]
   },
   "properties": {
    "kind": "add",
    "note": "",
    "source": "hand-drawn",
    "applied": "2026-09-09T09:39:02"
   }
  },
  {
   "type": "Feature",
   "geometry": {
    "type": "Polygon",
    "coordinates": [
     [
      [
       35.62162596603919,
       33.976934849062694
      ],
      [
       35.621628221032644,
       33.976927369135275
      ],
      [
       35.6216146910719,
       33.97692643414428
      ],
      [
       35.62161581856863,
       33.97692175918928
      ],
      [
       35.62161130858171,
       33.97691801922506
      ],
      [
       35.62161807356208,
       33.97691334426958
      ],
      [
       35.621645133483575,
       33.97690679933147
      ],
      [
       35.62165189846395,
       33.97691147428733
      ],
      [
       35.62164738847704,
       33.97691240927846
      ],
      [
       35.62165189846395,
       33.97693110909907
      ],
      [
       35.62162596603919,
       33.976934849062694
      ]
     ]
    ]
   },
   "properties": {
    "kind": "remove",
    "note": "",
    "source": "hand-drawn",
    "applied": "2026-09-09T09:39:02"
   }
  },
  {
   "type": "Feature",
   "geometry": {
    "type": "Polygon",
    "coordinates": [
     [
      [
       35.62188867277698,
       33.97676655053654
      ],
      [
       35.621884162790074,
       33.97674598069387
      ],
      [
       35.62186837783587,
       33.976744110707905
      ],
      [
       35.62187288782278,
       33.9767366307637
      ],
      [
       35.621867250339136,
       33.97672915081885
      ],
      [
       35.62187401531951,
       33.976720735880086
      ],
      [
       35.62186499534568,
       33.976715125920464
      ],
      [
       35.621866122842405,
       33.97670110101976
      ],
      [
       35.62188190779661,
       33.976699231032825
      ],
      [
       35.6218852902868,
       33.976693621071774
      ],
      [
       35.62186837783587,
       33.97668988109753
      ],
      [
       35.62187965280315,
       33.97668894610395
      ],
      [
       35.621884162790074,
       33.97668427113589
      ],
      [
       35.62188641778353,
       33.976687076116754
      ],
      [
       35.62188867277698,
       33.97667024623009
      ],
      [
       35.62190671272466,
       33.97667585619267
      ],
      [
       35.62190445773119,
       33.97667118122387
      ],
      [
       35.62191009521484,
       33.97666837624247
      ],
      [
       35.62192588016903,
       33.976672116217635
      ],
      [
       35.62196083256762,
       33.97666931123627
      ],
      [
       35.62196083256762,
       33.97667211621765
      ],
      [
       35.62194730260688,
       33.97667492119893
      ],
      [
       35.62194955760034,
       33.9766992310328
      ],
      [
       35.62194166512324,
       33.97670110101976
      ],
      [
       35.62194504761342,
       33.97670671098032
      ],
      [
       35.62193377264613,
       33.976710450953824
      ],
      [
       35.62193377264613,
       33.976731020805126
      ],
      [
       35.62194053762651,
       33.976740370735875
      ],
      [
       35.62193264514941,
       33.97674037073589
      ],
      [
       35.62193377264613,
       33.97674411070791
      ],
      [
       35.62191347770502,
       33.97674504570088
      ],
      [
       35.62190671272466,
       33.976754395630095
      ],
      [
       35.62188980027371,
       33.976758135601514
      ],
      [
       35.62188867277698,
       33.97676655053654
      ]
     ]
    ]
   },
   "properties": {
    "kind": "remove",
    "note": "",
    "source": "hand-drawn",
    "applied": "2026-09-09T09:39:02"
   }
  },
  {
   "type": "Feature",
   "geometry": {
    "type": "Polygon",
    "coordinates": [
     [
      [
       35.62194955760034,
       33.97674504570089
      ],
      [
       35.62194166512324,
       33.97674037073589
      ],
      [
       35.62194504761342,
       33.97673102080511
      ],
      [
       35.62195068509707,
       33.9767366307637
      ],
      [
       35.621956322580715,
       33.97673195579824
      ],
      [
       35.62195857757417,
       33.97673569577062
      ],
      [
       35.62196647005127,
       33.976733825784464
      ],
      [
       35.621965342554546,
       33.97673756575674
      ],
      [
       35.621993529972755,
       33.976743175714915
      ],
      [
       35.62194955760034,
       33.97674504570089
      ]
     ]
    ]
   },
   "properties": {
    "kind": "remove",
    "note": "",
    "source": "hand-drawn",
    "applied": "2026-09-09T09:39:02"
   }
  },
  {
   "type": "Feature",
   "geometry": {
    "type": "Polygon",
    "coordinates": [
     [
      [
       35.62219196939703,
       33.97674504570088
      ],
      [
       35.62218520441665,
       33.97674224072193
      ],
      [
       35.6221829494232,
       33.97672541084617
      ],
      [
       35.62217956693301,
       33.97672354085977
      ],
      [
       35.62218407691992,
       33.97671606091376
      ],
      [
       35.6221829494232,
       33.97670671098032
      ],
      [
       35.62217618444282,
       33.97671138594716
      ],
      [
       35.62217392944937,
       33.976702036013194
      ],
      [
       35.62217731193955,
       33.976693621071774
      ],
      [
       35.622171674455906,
       33.97668240114856
      ],
      [
       35.62217505694609,
       33.97667866117383
      ],
      [
       35.62218407691992,
       33.97668240114856
      ],
      [
       35.622196479383945,
       33.976678661173835
      ],
      [
       35.62219422439048,
       33.97666931123627
      ],
      [
       35.62218407691992,
       33.97666650625481
      ],
      [
       35.62218407691992,
       33.97666370127326
      ],
      [
       35.62218858690684,
       33.976660896291584
      ],
      [
       35.622196479383945,
       33.97666370127326
      ],
      [
       35.6221908419003,
       33.97665061135808
      ],
      [
       35.62219760688067,
       33.9766459363879
      ],
      [
       35.622220156815246,
       33.97665715631592
      ],
      [
       35.62222466680216,
       33.976667441248644
      ],
      [
       35.6222303042858,
       33.976670246230086
      ],
      [
       35.62223143178253,
       33.976680531161215
      ],
      [
       35.622226921795615,
       33.97667772618012
      ],
      [
       35.62220775435123,
       33.976687076116754
      ],
      [
       35.62219422439048,
       33.976687076116754
      ],
      [
       35.62218633191338,
       33.97669549105883
      ],
      [
       35.622203244364314,
       33.976695491058834
      ],
      [
       35.62222128431197,
       33.97671793090032
      ],
      [
       35.6222224118087,
       33.97670858096709
      ],
      [
       35.62223255927926,
       33.976711385947155
      ],
      [
       35.6222303042858,
       33.97671699590704
      ],
      [
       35.62223706926617,
       33.976721670873324
      ],
      [
       35.622233686775985,
       33.97673195579825
      ],
      [
       35.62224157925309,
       33.97673569577062
      ],
      [
       35.62223932425963,
       33.97674037073589
      ],
      [
       35.62221564682834,
       33.97674037073586
      ],
      [
       35.62219196939703,
       33.97674504570088
      ]
     ]
    ]
   },
   "properties": {
    "kind": "remove",
    "note": "",
    "source": "hand-drawn",
    "applied": "2026-09-09T09:39:02"
   }
  },
  {
   "type": "Feature",
   "geometry": {
    "type": "Polygon",
    "coordinates": [
     [
      [
       35.622266384181124,
       33.97668427113589
      ],
      [
       35.62226300169094,
       33.97668146615489
      ],
      [
       35.62226525668439,
       33.97666089629161
      ],
      [
       35.62225736420729,
       33.976659026303786
      ],
      [
       35.62225736420729,
       33.976656221321974
      ],
      [
       35.62226525668439,
       33.976649676364076
      ],
      [
       35.622277659148416,
       33.97664874137004
      ],
      [
       35.62227878664514,
       33.97663752144091
      ],
      [
       35.622274276658224,
       33.97663565145258
      ],
      [
       35.622290061612425,
       33.97663097648156
      ],
      [
       35.62232388651429,
       33.976629106493085
      ],
      [
       35.622331778991395,
       33.97663097648156
      ],
      [
       35.622331778991395,
       33.976635651452575
      ],
      [
       35.622339671468495,
       33.976638456435055
      ],
      [
       35.62233516148158,
       33.97664874137004
      ],
      [
       35.62232614150775,
       33.97665061135807
      ],
      [
       35.62232726900447,
       33.97667118122387
      ],
      [
       35.62231824903064,
       33.97666931123628
      ],
      [
       35.622312611547,
       33.976655286328025
      ],
      [
       35.622290061612425,
       33.9766599612977
      ],
      [
       35.62227540415496,
       33.97665809130986
      ],
      [
       35.62226976667131,
       33.9766608962916
      ],
      [
       35.62226863917458,
       33.976666506254816
      ],
      [
       35.6222810416386,
       33.97668240114856
      ],
      [
       35.622266384181124,
       33.97668427113589
      ]
     ]
    ]
   },
   "properties": {
    "kind": "remove",
    "note": "",
    "source": "hand-drawn",
    "applied": "2026-09-09T09:39:02"
   }
  },
  {
   "type": "Feature",
   "geometry": {
    "type": "Polygon",
    "coordinates": [
     [
      [
       35.62264522308198,
       33.97674411070791
      ],
      [
       35.62262943812778,
       33.97673476077755
      ],
      [
       35.62265198806236,
       33.97671699590704
      ],
      [
       35.62265198806236,
       33.976721670873324
      ],
      [
       35.62264635057871,
       33.976724475852954
      ],
      [
       35.62265086056563,
       33.976731020805104
      ],
      [
       35.622648605572174,
       33.976738500749796
      ],
      [
       35.62266326302964,
       33.97674411070791
      ],
      [
       35.62264522308198,
       33.97674411070791
      ]
     ]
    ]
   },
   "properties": {
    "kind": "remove",
    "note": "",
    "source": "hand-drawn",
    "applied": "2026-09-09T09:39:02"
   }
  },
  {
   "type": "Feature",
   "geometry": {
    "type": "Polygon",
    "coordinates": [
     [
      [
       35.62260237820629,
       33.976744110707905
      ],
      [
       35.622575318284795,
       33.976742240721904
      ],
      [
       35.62257644578153,
       33.97673008581198
      ],
      [
       35.62258208326517,
       33.97672728083251
      ],
      [
       35.622575318284795,
       33.97672260586656
      ],
      [
       35.622575318284795,
       33.976698296039345
      ],
      [
       35.622586593252095,
       33.97669268607823
      ],
      [
       35.622626055637596,
       33.97669923103282
      ],
      [
       35.622621545650674,
       33.97670297100666
      ],
      [
       35.62260801568993,
       33.976701101019756
      ],
      [
       35.62260012321283,
       33.97670390600009
      ],
      [
       35.62259786821937,
       33.976712320940514
      ],
      [
       35.62258884824554,
       33.976715125920464
      ],
      [
       35.62258433825864,
       33.976732890791354
      ],
      [
       35.62258772074882,
       33.97673850074981
      ],
      [
       35.62259786821937,
       33.976733825784464
      ],
      [
       35.62260350570301,
       33.97674130572891
      ],
      [
       35.62260237820629,
       33.976744110707905
      ]
     ]
    ]
   },
   "properties": {
    "kind": "remove",
    "note": "",
    "source": "hand-drawn",
    "applied": "2026-09-09T09:39:02"
   }
  },
  {
   "type": "Feature",
   "geometry": {
    "type": "Polygon",
    "coordinates": [
     [
      [
       35.6211680173874,
       33.97629000239484
      ],
      [
       35.621090233325965,
       33.97627888103145
      ],
      [
       35.62109291553498,
       33.97623661983729
      ],
      [
       35.62113851308823,
       33.97622994701522
      ],
      [
       35.62113583087922,
       33.97626331112026
      ],
      [
       35.62117338180543,
       33.9762677596666
      ],
      [
       35.62118142843247,
       33.976281105304246
      ],
      [
       35.62118142843247,
       33.97629000239484
      ],
      [
       35.62115997076035,
       33.97629222666736
      ],
      [
       35.6211680173874,
       33.97629000239484
      ]
     ]
    ]
   },
   "properties": {
    "kind": "add",
    "note": "",
    "source": "hand-drawn",
    "applied": "2026-09-09T09:39:02"
   }
  },
  {
   "type": "Feature",
   "geometry": {
    "type": "Polygon",
    "coordinates": [
     [
      [
       35.62108218669892,
       33.97622772274109
      ],
      [
       35.621090233325965,
       33.97615209738591
      ],
      [
       35.62103927135468,
       33.97614097600448
      ],
      [
       35.62102586030961,
       33.97622327419264
      ],
      [
       35.621079504489906,
       33.97622994701522
      ],
      [
       35.62108218669892,
       33.97622772274109
      ]
     ]
    ]
   },
   "properties": {
    "kind": "add",
    "note": "",
    "source": "hand-drawn",
    "applied": "2026-09-09T09:39:02"
   }
  },
  {
   "type": "Feature",
   "geometry": {
    "type": "Polygon",
    "coordinates": [
     [
      [
       35.62116533517838,
       33.97612540606803
      ],
      [
       35.621237754821784,
       33.97609649046419
      ],
      [
       35.62126457691193,
       33.97607424768531
      ],
      [
       35.621227025985725,
       33.976020864992265
      ],
      [
       35.62120288610459,
       33.976007519313775
      ],
      [
       35.62118142843247,
       33.976011967873504
      ],
      [
       35.62115997076035,
       33.976034210668686
      ],
      [
       35.621122419834144,
       33.976092041908885
      ],
      [
       35.62115728855134,
       33.97613207889829
      ],
      [
       35.62116533517838,
       33.97612540606803
      ]
     ]
    ]
   },
   "properties": {
    "kind": "add",
    "note": "",
    "source": "hand-drawn",
    "applied": "2026-09-09T09:39:02"
   }
  },
  {
   "type": "Feature",
   "geometry": {
    "type": "Polygon",
    "coordinates": [
     [
      [
       35.621868073940284,
       33.97600529503383
      ],
      [
       35.62186539173127,
       33.97596970654667
      ],
      [
       35.62181174755097,
       33.975960809422546
      ],
      [
       35.62181174755097,
       33.976000846473745
      ],
      [
       35.6218707561493,
       33.97601641643302
      ],
      [
       35.6218707561493,
       33.97599639791344
      ],
      [
       35.621868073940284,
       33.97600529503383
      ]
     ]
    ]
   },
   "properties": {
    "kind": "add",
    "note": "",
    "source": "hand-drawn",
    "applied": "2026-09-09T09:39:02"
   }
  },
  {
   "type": "Feature",
   "geometry": {
    "type": "Polygon",
    "coordinates": [
     [
      [
       35.620968635446324,
       33.97712278202316
      ],
      [
       35.620962997962685,
       33.97711717209007
      ],
      [
       35.62096525295614,
       33.97710408224471
      ],
      [
       35.620969762943055,
       33.977104082244715
      ],
      [
       35.62097314543324,
       33.97711249714551
      ],
      [
       35.62098554789726,
       33.977113432134445
      ],
      [
       35.620984420400525,
       33.97711997705665
      ],
      [
       35.620968635446324,
       33.97712278202316
      ]
     ]
    ]
   },
   "properties": {
    "kind": "remove",
    "note": "",
    "source": "hand-drawn",
    "applied": "2026-09-09T09:39:02"
   }
  },
  {
   "type": "Feature",
   "geometry": {
    "type": "Polygon",
    "coordinates": [
     [
      [
       35.621118592511245,
       33.977673488654276
      ],
      [
       35.62110844504069,
       33.97766974872312
      ],
      [
       35.62110844504069,
       33.97766413882614
      ],
      [
       35.62107800262901,
       33.97766507380896
      ],
      [
       35.6210734926421,
       33.97767068370594
      ],
      [
       35.62105996268135,
       33.97767068370593
      ],
      [
       35.62105432519771,
       33.97766507380898
      ],
      [
       35.621056580191166,
       33.97763795930185
      ],
      [
       35.62105207020426,
       33.977633284385945
      ],
      [
       35.62105883518462,
       33.97762580451998
      ],
      [
       35.621056580191166,
       33.97759682003312
      ],
      [
       35.621071237648636,
       33.97759682003312
      ],
      [
       35.62106785515845,
       33.97759027514762
      ],
      [
       35.62106109017808,
       33.97759027514762
      ],
      [
       35.621064472668266,
       33.977584665245374
      ],
      [
       35.62107011015191,
       33.977589340163945
      ],
      [
       35.62107800262901,
       33.977584665245374
      ],
      [
       35.621080257622474,
       33.9775762503913
      ],
      [
       35.621094915079944,
       33.97757905534275
      ],
      [
       35.621096042576674,
       33.977569705504216
      ],
      [
       35.62108251261593,
       33.97756783553638
      ],
      [
       35.621080257622474,
       33.97755848569663
      ],
      [
       35.621064472668266,
       33.97756222563267
      ],
      [
       35.62105883518462,
       33.97755848569662
      ],
      [
       35.621055452694435,
       33.97756503058457
      ],
      [
       35.621048687714065,
       33.97753791604553
      ],
      [
       35.62107800262901,
       33.97752856620247
      ],
      [
       35.62108589510611,
       33.97752856620247
      ],
      [
       35.62110844504069,
       33.977537916045506
      ],
      [
       35.62110957253743,
       33.977550070839946
      ],
      [
       35.62109829757013,
       33.97756877052032
      ],
      [
       35.62110055256359,
       33.97757905534275
      ],
      [
       35.62110731754396,
       33.977581860294094
      ],
      [
       35.62111070003415,
       33.97758840518025
      ],
      [
       35.621124229994884,
       33.97758840518025
      ],
      [
       35.621128739981806,
       33.97759308009862
      ],
      [
       35.621124229994884,
       33.97760710485219
      ],
      [
       35.62113099497526,
       33.97760803983566
      ],
      [
       35.621125357491614,
       33.97762580451998
      ],
      [
       35.62111746501452,
       33.977617389669966
      ],
      [
       35.62111182753088,
       33.977618324653356
      ],
      [
       35.62110731754396,
       33.97762486953668
      ],
      [
       35.62109829757013,
       33.97762486953669
      ],
      [
       35.62109266008649,
       33.97761364973637
      ],
      [
       35.621071237648636,
       33.97761925963672
      ],
      [
       35.62107687513228,
       33.977627674486534
      ],
      [
       35.62108476760938,
       33.97762954445305
      ],
      [
       35.62108589510611,
       33.97763795930185
      ],
      [
       35.621097170073405,
       33.97765011408199
      ],
      [
       35.621096042576674,
       33.97765478899695
      ],
      [
       35.62108476760938,
       33.977656658962886
      ],
      [
       35.62108364011266,
       33.977660398894585
      ],
      [
       35.62109153258976,
       33.977663203843235
      ],
      [
       35.62110957253743,
       33.97766133387748
      ],
      [
       35.62111070003415,
       33.97765665896287
      ],
      [
       35.62110619004724,
       33.97765291903099
      ],
      [
       35.621114082524336,
       33.977649179098954
      ],
      [
       35.621114082524336,
       33.977642634217496
      ],
      [
       35.621119720007975,
       33.97763889428499
      ],
      [
       35.62113212247199,
       33.97763795930185
      ],
      [
       35.621134377465445,
       33.97764356920058
      ],
      [
       35.621143397439276,
       33.97764637414981
      ],
      [
       35.621198644778985,
       33.977650114081975
      ],
      [
       35.62119751728226,
       33.97767348865426
      ],
      [
       35.621118592511245,
       33.977673488654276
      ]
     ]
    ]
   },
   "properties": {
    "kind": "remove",
    "note": "",
    "source": "hand-drawn",
    "applied": "2026-09-09T09:39:02"
   }
  },
  {
   "type": "Feature",
   "geometry": {
    "type": "Polygon",
    "coordinates": [
     [
      [
       35.62129222700749,
       33.97746685721253
      ],
      [
       35.62127869704673,
       33.97744254759813
      ],
      [
       35.62129899198785,
       33.97744628753922
      ],
      [
       35.62129673699439,
       33.977432262759166
      ],
      [
       35.62131364944531,
       33.97742945780287
      ],
      [
       35.62132154192242,
       33.97743413272997
      ],
      [
       35.62131928692896,
       33.97745096246544
      ],
      [
       35.62131477694205,
       33.97745096246543
      ],
      [
       35.62131252194859,
       33.97744441756869
      ],
      [
       35.621309139458404,
       33.97744441756869
      ],
      [
       35.621294482000934,
       33.977460312317014
      ],
      [
       35.621295609497665,
       33.97746685721254
      ],
      [
       35.62129222700749,
       33.97746685721253
      ]
     ]
    ]
   },
   "properties": {
    "kind": "remove",
    "note": "",
    "source": "hand-drawn",
    "applied": "2026-09-09T09:39:02"
   }
  },
  {
   "type": "Feature",
   "geometry": {
    "type": "Polygon",
    "coordinates": [
     [
      [
       35.62166430092797,
       33.97761645468659
      ],
      [
       35.62166881091488,
       33.977608039835665
      ],
      [
       35.62167444839852,
       33.97760897481915
      ],
      [
       35.62167783088871,
       33.97760523488516
      ],
      [
       35.62169812582983,
       33.97760616986868
      ],
      [
       35.62169587083637,
       33.97761271475295
      ],
      [
       35.621689105856,
       33.977608974819134
      ],
      [
       35.62167895838544,
       33.97761551970319
      ],
      [
       35.62166430092797,
       33.97761645468659
      ]
     ]
    ]
   },
   "properties": {
    "kind": "remove",
    "note": "",
    "source": "hand-drawn",
    "applied": "2026-09-09T09:39:02"
   }
  },
  {
   "type": "Feature",
   "geometry": {
    "type": "Polygon",
    "coordinates": [
     [
      [
       35.62163160352283,
       33.977636089335526
      ],
      [
       35.621629348529375,
       33.97762954445305
      ],
      [
       35.621622583549,
       33.97762954445305
      ],
      [
       35.621628221032644,
       33.97761271475296
      ],
      [
       35.62166091843779,
       33.97760897481915
      ],
      [
       35.62165640845087,
       33.97762019462005
      ],
      [
       35.62165302596068,
       33.97762019462005
      ],
      [
       35.62165189846395,
       33.977614584719774
      ],
      [
       35.62163385851629,
       33.97761645468658
      ],
      [
       35.621637241006475,
       33.97762673950325
      ],
      [
       35.62163160352283,
       33.977636089335526
      ]
     ]
    ]
   },
   "properties": {
    "kind": "remove",
    "note": "",
    "source": "hand-drawn",
    "applied": "2026-09-09T09:39:02"
   }
  },
  {
   "type": "Feature",
   "geometry": {
    "type": "Polygon",
    "coordinates": [
     [
      [
       35.62203750234519,
       33.977104082244686
      ],
      [
       35.62197436252837,
       33.97710314725567
      ],
      [
       35.621965342554546,
       33.97710034228851
      ],
      [
       35.62197774501856,
       33.977098472310345
      ],
      [
       35.621970980038185,
       33.9770919273865
      ],
      [
       35.621973235031646,
       33.97708912241898
      ],
      [
       35.6219833825022,
       33.977088187429764
      ],
      [
       35.621994657469486,
       33.97709286237566
      ],
      [
       35.62200931492696,
       33.97708725244058
      ],
      [
       35.62200593243677,
       33.9770844474729
      ],
      [
       35.62200818743023,
       33.97708070751585
      ],
      [
       35.62201946239752,
       33.97708351248365
      ],
      [
       35.62203073736481,
       33.977077902547954
      ],
      [
       35.62203862984191,
       33.97708257749441
      ],
      [
       35.62204426732555,
       33.977099407299434
      ],
      [
       35.62203750234519,
       33.977104082244686
      ]
     ]
    ]
   },
   "properties": {
    "kind": "remove",
    "note": "",
    "source": "hand-drawn",
    "applied": "2026-09-09T09:39:02"
   }
  },
  {
   "type": "Feature",
   "geometry": {
    "type": "Polygon",
    "coordinates": [
     [
      [
       35.62145501375199,
       33.97774243995282
      ],
      [
       35.62149792909623,
       33.97774243995282
      ],
      [
       35.62150329351426,
       33.97771797336943
      ],
      [
       35.621446967124946,
       33.97771352489896
      ],
      [
       35.62144964933396,
       33.97774021571826
      ],
      [
       35.62145501375199,
       33.97774243995282
      ]
     ]
    ]
   },
   "properties": {
    "kind": "add",
    "note": "",
    "source": "hand-drawn",
    "applied": "2026-09-09T09:39:02"
   }
  },
  {
   "type": "Feature",
   "geometry": {
    "type": "Polygon",
    "coordinates": [
     [
      [
       35.62241295875585,
       33.97823821636756
      ],
      [
       35.622401683788574,
       33.97823915134411
      ],
      [
       35.62240055629185,
       33.97822886660152
      ],
      [
       35.622393791311474,
       33.97823167153144
      ],
      [
       35.6223870263311,
       33.978229801578166
      ],
      [
       35.62238251634418,
       33.97822325674141
      ],
      [
       35.62236673138998,
       33.97822232176468
      ],
      [
       35.62236673138998,
       33.97821764688092
      ],
      [
       35.622379133854,
       33.97822138678795
      ],
      [
       35.62239266381474,
       33.9782204518112
      ],
      [
       35.6223870263311,
       33.97821671190416
      ],
      [
       35.622376878860535,
       33.9782176468809
      ],
      [
       35.62237462386708,
       33.9782092320895
      ],
      [
       35.62237800635727,
       33.97820642715884
      ],
      [
       35.62238928132456,
       33.97820455720502
      ],
      [
       35.622426488716606,
       33.97820829711262
      ],
      [
       35.62242761621333,
       33.97821484195054
      ],
      [
       35.62242197872968,
       33.978215776927335
      ],
      [
       35.622423106226414,
       33.97822606167152
      ],
      [
       35.62241408625259,
       33.97822980157819
      ],
      [
       35.6224107037624,
       33.97823447646127
      ],
      [
       35.62241295875585,
       33.97823821636756
      ]
     ]
    ]
   },
   "properties": {
    "kind": "remove",
    "note": "",
    "source": "hand-drawn",
    "applied": "2026-09-09T09:39:02"
   }
  },
  {
   "type": "Feature",
   "geometry": {
    "type": "Polygon",
    "coordinates": [
     [
      [
       35.622379133854,
       33.97839342233358
      ],
      [
       35.62236560389325,
       33.978386877509415
      ],
      [
       35.62235771141615,
       33.97837565780964
      ],
      [
       35.622361093906335,
       33.97835695830679
      ],
      [
       35.62238589883437,
       33.978346673578464
      ],
      [
       35.62240619377549,
       33.9783494785045
      ],
      [
       35.6224107037624,
       33.97835602333153
      ],
      [
       35.622408448768944,
       33.97837191790942
      ],
      [
       35.62241183125913,
       33.97838033268474
      ],
      [
       35.622408448768944,
       33.97838874745921
      ],
      [
       35.6223983012984,
       33.97839155238387
      ],
      [
       35.62240619377549,
       33.97837846273474
      ],
      [
       35.62240619377549,
       33.97837098293434
      ],
      [
       35.62239604630493,
       33.97836817800902
      ],
      [
       35.62238138884746,
       33.97837565780966
      ],
      [
       35.622370113880166,
       33.978372852884505
      ],
      [
       35.622370113880166,
       33.97838313760966
      ],
      [
       35.62237349637035,
       33.978385007559545
      ],
      [
       35.622379133854,
       33.978380332684736
      ],
      [
       35.62238928132456,
       33.97838874745922
      ],
      [
       35.62238815382783,
       33.97839248735873
      ],
      [
       35.622379133854,
       33.97839342233358
      ]
     ]
    ]
   },
   "properties": {
    "kind": "remove",
    "note": "",
    "source": "hand-drawn",
    "applied": "2026-09-09T09:39:02"
   }
  },
  {
   "type": "Feature",
   "geometry": {
    "type": "Polygon",
    "coordinates": [
     [
      [
       35.6223750114441,
       33.97839191395617
      ],
      [
       35.62241792678834,
       33.97839191395617
      ],
      [
       35.62240183353425,
       33.978347429593704
      ],
      [
       35.622361600399024,
       33.97835410224955
      ],
      [
       35.62235891819001,
       33.978378568649894
      ],
      [
       35.6223750114441,
       33.97839191395617
      ],
      [
       35.6223750114441,
       33.97839191395617
      ]
     ]
    ]
   },
   "properties": {
    "kind": "add",
    "note": "",
    "source": "hand-drawn",
    "applied": "2026-09-09T09:39:02"
   }
  },
  {
   "type": "Feature",
   "geometry": {
    "type": "Polygon",
    "coordinates": [
     [
      [
       35.620323121547706,
       33.977651246288005
      ],
      [
       35.620349943637855,
       33.97760898577599
      ],
      [
       35.62039554119111,
       33.977611210014004
      ],
      [
       35.62046259641648,
       33.97763122815334
      ],
      [
       35.620470643043525,
       33.97768460983526
      ],
      [
       35.62042504549027,
       33.97770462795732
      ],
      [
       35.62040358781815,
       33.97768683407129
      ],
      [
       35.62041699886323,
       33.977657918998496
      ],
      [
       35.620376765728004,
       33.97764679781403
      ],
      [
       35.620333850383766,
       33.977715749134234
      ],
      [
       35.62031239271165,
       33.97773354301423
      ],
      [
       35.6202855706215,
       33.97773576724897
      ],
      [
       35.62028020620347,
       33.97772019760457
      ],
      [
       35.62032580375672,
       33.97763567662811
      ],
      [
       35.620323121547706,
       33.977651246288005
      ]
     ]
    ]
   },
   "properties": {
    "kind": "add",
    "note": "",
    "source": "hand-drawn",
    "applied": "2026-09-09T09:39:02"
   }
  },
  {
   "type": "Feature",
   "geometry": {
    "type": "Polygon",
    "coordinates": [
     [
      [
       35.62109827995301,
       33.977128549004796
      ],
      [
       35.62114655971528,
       33.97713299750587
      ],
      [
       35.62115728855134,
       33.97709518523931
      ],
      [
       35.6211867928505,
       33.97708851248464
      ],
      [
       35.62118411064149,
       33.97704625169291
      ],
      [
       35.62114655971528,
       33.97704847594564
      ],
      [
       35.62113583087922,
       33.97709518523931
      ],
      [
       35.62109291553498,
       33.97709518523931
      ],
      [
       35.62109827995301,
       33.97711965200193
      ],
      [
       35.62109827995301,
       33.977128549004796
      ]
     ]
    ]
   },
   "properties": {
    "kind": "add",
    "note": "",
    "source": "hand-drawn",
    "applied": "2026-09-09T09:39:02"
   }
  },
  {
   "type": "Feature",
   "geometry": {
    "type": "Polygon",
    "coordinates": [
     [
      [
       35.621064472668266,
       33.97508635198551
      ],
      [
       35.62105207020426,
       33.97507793688416
      ],
      [
       35.621055452694435,
       33.975059236655966
      ],
      [
       35.62107462013883,
       33.975061106678965
      ],
      [
       35.621080257622474,
       33.975070456793375
      ],
      [
       35.62109040509303,
       33.97507606686151
      ],
      [
       35.621080257622474,
       33.975077001872855
      ],
      [
       35.62107574763555,
       33.975084481963066
      ],
      [
       35.621064472668266,
       33.97508635198551
      ]
     ]
    ]
   },
   "properties": {
    "kind": "remove",
    "note": "",
    "source": "hand-drawn",
    "applied": "2026-09-09T09:39:02"
   }
  },
  {
   "type": "Feature",
   "geometry": {
    "type": "Polygon",
    "coordinates": [
     [
      [
       35.62108755111695,
       33.97507776522194
      ],
      [
       35.62113851308823,
       33.975037727736066
      ],
      [
       35.62108755111695,
       33.97501993329183
      ],
      [
       35.62105268239976,
       33.975059970786106
      ],
      [
       35.621084868907936,
       33.97507331661333
      ],
      [
       35.62108755111695,
       33.97507776522194
      ]
     ]
    ]
   },
   "properties": {
    "kind": "add",
    "note": "",
    "source": "hand-drawn",
    "applied": "2026-09-09T09:39:02"
   }
  },
  {
   "type": "Feature",
   "geometry": {
    "type": "Polygon",
    "coordinates": [
     [
      [
       35.62457775247508,
       33.97834106372612
      ],
      [
       35.62458338995873,
       33.97833638884888
      ],
      [
       35.62457775247508,
       33.97833358392242
      ],
      [
       35.62454956505687,
       33.97833358392242
      ],
      [
       35.62454505506995,
       33.97833077899586
      ],
      [
       35.624540545083036,
       33.97831862431306
      ],
      [
       35.62455182005032,
       33.97831301445886
      ],
      [
       35.62455182005032,
       33.97830927455585
      ],
      [
       35.62453941758631,
       33.97829711986996
      ],
      [
       35.62454956505687,
       33.97828496518235
      ],
      [
       35.62456196752088,
       33.97828496518234
      ],
      [
       35.6245585850307,
       33.97827655039756
      ],
      [
       35.62456196752088,
       33.978272810492946
      ],
      [
       35.6245664775078,
       33.97827281049296
      ],
      [
       35.62456873250126,
       33.97828122527809
      ],
      [
       35.6245743699849,
       33.97828216025417
      ],
      [
       35.624570987494714,
       33.978267200635734
      ],
      [
       35.624590154939106,
       33.978262525754445
      ],
      [
       35.6246138323704,
       33.97828122527809
      ],
      [
       35.62462172484751,
       33.978281225278096
      ],
      [
       35.62462623483442,
       33.9782877701104
      ],
      [
       35.62463187231807,
       33.97828496518233
      ],
      [
       35.62463187231807,
       33.978292444990316
      ],
      [
       35.624636382304985,
       33.9782924449903
      ],
      [
       35.624645402278816,
       33.97831020953162
      ],
      [
       35.624638637298446,
       33.97833358392242
      ],
      [
       35.6246329998148,
       33.978329844020315
      ],
      [
       35.62461608736386,
       33.978329844020315
      ],
      [
       35.6246138323704,
       33.978333583922414
      ],
      [
       35.624589027442376,
       33.97833358392242
      ],
      [
       35.62457775247508,
       33.97834106372612
      ]
     ]
    ]
   },
   "properties": {
    "kind": "remove",
    "note": "",
    "source": "hand-drawn",
    "applied": "2026-09-09T09:39:02"
   }
  },
  {
   "type": "Feature",
   "geometry": {
    "type": "Polygon",
    "coordinates": [
     [
      [
       35.62465103976246,
       33.97826252575445
      ],
      [
       35.624648784769,
       33.9782559809202
      ],
      [
       35.62465893223956,
       33.97825411096747
      ],
      [
       35.62465554974938,
       33.97824289125018
      ],
      [
       35.6246803546774,
       33.97824289125018
      ],
      [
       35.62468260967086,
       33.978249436085456
      ],
      [
       35.62467922718068,
       33.97825411096747
      ],
      [
       35.624683737167594,
       33.9782578508729
      ],
      [
       35.624666824716655,
       33.97825317599108
      ],
      [
       35.62466005973629,
       33.97825691589656
      ],
      [
       35.62466005973629,
       33.97826159077817
      ],
      [
       35.62465103976246,
       33.97826252575445
      ]
     ]
    ]
   },
   "properties": {
    "kind": "remove",
    "note": "",
    "source": "hand-drawn",
    "applied": "2026-09-09T09:39:02"
   }
  },
  {
   "type": "Feature",
   "geometry": {
    "type": "Polygon",
    "coordinates": [
     [
      [
       35.62477844689281,
       33.97861594605558
      ],
      [
       35.62477844689281,
       33.978611271193444
      ],
      [
       35.62479874183393,
       33.978605661358564
      ],
      [
       35.624804379317574,
       33.97859818157815
      ],
      [
       35.62477731939609,
       33.978597246605545
      ],
      [
       35.62477619189936,
       33.97859163676975
      ],
      [
       35.624812271794674,
       33.97858135206981
      ],
      [
       35.62481790927832,
       33.978576677205766
      ],
      [
       35.62483031174234,
       33.97857948212421
      ],
      [
       35.62482918424561,
       33.97858509196082
      ],
      [
       35.62483594922598,
       33.978587896879
      ],
      [
       35.62483707672271,
       33.978597246605545
      ],
      [
       35.624844969199806,
       33.978600986495884
      ],
      [
       35.624844969199806,
       33.97860753130357
      ],
      [
       35.62483933171617,
       33.97861033622099
      ],
      [
       35.624838204219444,
       33.97861594605557
      ],
      [
       35.624821291768505,
       33.97860846627606
      ],
      [
       35.62481001680122,
       33.97860846627606
      ],
      [
       35.62477844689281,
       33.97861594605558
      ]
     ]
    ]
   },
   "properties": {
    "kind": "remove",
    "note": "",
    "source": "hand-drawn",
    "applied": "2026-09-09T09:39:02"
   }
  },
  {
   "type": "Feature",
   "geometry": {
    "type": "Polygon",
    "coordinates": [
     [
      [
       35.62374904237944,
       33.978860908470935
      ],
      [
       35.62374227739906,
       33.978852493743176
      ],
      [
       35.62373438492197,
       33.97885342871298
      ],
      [
       35.623729874935044,
       33.97884968883375
      ],
      [
       35.623715217477574,
       33.97885249374319
      ],
      [
       35.62370507000701,
       33.9788440790146
      ],
      [
       35.62369830502664,
       33.97885342871298
      ],
      [
       35.623692667543004,
       33.978852493743176
      ],
      [
       35.62368928505281,
       33.97884688392421
      ],
      [
       35.62369154004627,
       33.97883659925514
      ],
      [
       35.62368703005936,
       33.978834729315196
      ],
      [
       35.62369154004627,
       33.97882537961476
      ],
      [
       35.62370281501355,
       33.978821639734285
      ],
      [
       35.62370957999393,
       33.97882911949506
      ],
      [
       35.62370957999393,
       33.97883753422512
      ],
      [
       35.62373551241869,
       33.97884314404471
      ],
      [
       35.62374227739906,
       33.978835664285185
      ],
      [
       35.623747914882706,
       33.97883659925517
      ],
      [
       35.62374340489579,
       33.97882070476417
      ],
      [
       35.62375355236635,
       33.978817899853674
      ],
      [
       35.623755807359814,
       33.978812290032415
      ],
      [
       35.6238223296668,
       33.97881229003244
      ],
      [
       35.623811054699516,
       33.9788141599729
      ],
      [
       35.62381218219625,
       33.97882350967455
      ],
      [
       35.623804289719146,
       33.97882537961475
      ],
      [
       35.62381556468644,
       33.97882724955494
      ],
      [
       35.62381556468644,
       33.97883098943513
      ],
      [
       35.62377722979765,
       33.9788440790146
      ],
      [
       35.623762572340176,
       33.97885997350123
      ],
      [
       35.62374904237944,
       33.978860908470935
      ]
     ]
    ]
   },
   "properties": {
    "kind": "remove",
    "note": "",
    "source": "hand-drawn",
    "applied": "2026-09-09T09:39:02"
   }
  },
  {
   "type": "Feature",
   "geometry": {
    "type": "Polygon",
    "coordinates": [
     [
      [
       35.623750169876175,
       33.978925421356045
      ],
      [
       35.62375355236635,
       33.97891420172736
      ],
      [
       35.623746787385976,
       33.97890485203568
      ],
      [
       35.62377835729438,
       33.9789029820972
      ],
      [
       35.62378850476494,
       33.97890485203568
      ],
      [
       35.62378399477802,
       33.978910461850795
      ],
      [
       35.62379301475186,
       33.978910461850795
      ],
      [
       35.6237828672813,
       33.97892168147998
      ],
      [
       35.623750169876175,
       33.978925421356045
      ]
     ]
    ]
   },
   "properties": {
    "kind": "remove",
    "note": "",
    "source": "hand-drawn",
    "applied": "2026-09-09T09:39:02"
   }
  },
  {
   "type": "Feature",
   "geometry": {
    "type": "Polygon",
    "coordinates": [
     [
      [
       35.62517870823151,
       33.97809703479091
      ],
      [
       35.62516405077403,
       33.97808207513993
      ],
      [
       35.62516405077403,
       33.97807740024845
      ],
      [
       35.62516856076095,
       33.97807366033509
      ],
      [
       35.625176453238055,
       33.97807740024845
      ],
      [
       35.625183218218424,
       33.97807553029178
      ],
      [
       35.62518096322496,
       33.97806898544315
      ],
      [
       35.62518660070861,
       33.97806711548628
      ],
      [
       35.625192238192255,
       33.978069920421554
      ],
      [
       35.62520238566282,
       33.97809235990028
      ],
      [
       35.6251978756759,
       33.97809422985655
      ],
      [
       35.62519449318571,
       33.97808861998756
      ],
      [
       35.62518660070861,
       33.978087685009356
      ],
      [
       35.625183218218424,
       33.97809703479092
      ],
      [
       35.62517870823151,
       33.97809703479091
      ]
     ]
    ]
   },
   "properties": {
    "kind": "remove",
    "note": "",
    "source": "hand-drawn",
    "applied": "2026-09-09T09:39:02"
   }
  },
  {
   "type": "Feature",
   "geometry": {
    "type": "Polygon",
    "coordinates": [
     [
      [
       35.622464823605384,
       33.97920497662574
      ],
      [
       35.62245467613482,
       33.97920217172795
      ],
      [
       35.62245242114137,
       33.97918627730528
      ],
      [
       35.62244452866426,
       33.97918440737302
      ],
      [
       35.62245467613482,
       33.97917599267728
      ],
      [
       35.622459186121745,
       33.97916477308169
      ],
      [
       35.62246369610866,
       33.97916477308167
      ],
      [
       35.622459186121745,
       33.979172252812255
      ],
      [
       35.62247384357921,
       33.979178797575976
      ],
      [
       35.62247609857267,
       33.97918440737301
      ],
      [
       35.6224693335923,
       33.97918814723754
      ],
      [
       35.62247158858575,
       33.97919749689805
      ],
      [
       35.622464823605384,
       33.97920497662574
      ]
     ]
    ]
   },
   "properties": {
    "kind": "remove",
    "note": "",
    "source": "hand-drawn",
    "applied": "2026-09-09T09:39:02"
   }
  },
  {
   "type": "Feature",
   "geometry": {
    "type": "Polygon",
    "coordinates": [
     [
      [
       35.62252007094509,
       33.97919095213579
      ],
      [
       35.6225087959778,
       33.97918814723752
      ],
      [
       35.6225087959778,
       33.979180667508345
      ],
      [
       35.62252232593855,
       33.979164773081685
      ],
      [
       35.622513305964716,
       33.97916383811531
      ],
      [
       35.622504285990885,
       33.97917225281225
      ],
      [
       35.6225009035007,
       33.97916290314894
      ],
      [
       35.622487373539954,
       33.9791582283169
      ],
      [
       35.622489628533415,
       33.9791535534846
      ],
      [
       35.62250203099743,
       33.9791526185181
      ],
      [
       35.62250992347453,
       33.97915635838401
      ],
      [
       35.62251443346145,
       33.979153553484586
      ],
      [
       35.62252458093201,
       33.97915916328331
      ],
      [
       35.62253134591238,
       33.979182537440714
      ],
      [
       35.62252458093201,
       33.97918440737302
      ],
      [
       35.62252007094509,
       33.97919095213579
      ]
     ]
    ]
   },
   "properties": {
    "kind": "remove",
    "note": "",
    "source": "hand-drawn",
    "applied": "2026-09-09T09:39:02"
   }
  },
  {
   "type": "Feature",
   "geometry": {
    "type": "Polygon",
    "coordinates": [
     [
      [
       35.62214235954096,
       33.9792451801508
      ],
      [
       35.622138977050774,
       33.97924050532328
      ],
      [
       35.622138977050774,
       33.979173187778514
      ],
      [
       35.62214235954096,
       33.979162903148946
      ],
      [
       35.62215250701153,
       33.979165708048036
      ],
      [
       35.62215814449517,
       33.97916103321616
      ],
      [
       35.62216603697227,
       33.97916103321615
      ],
      [
       35.6221987343774,
       33.97916664301437
      ],
      [
       35.62219422439048,
       33.97916944791335
      ],
      [
       35.622195351887214,
       33.97917505771104
      ],
      [
       35.62220775435123,
       33.979175057711025
      ],
      [
       35.62220888184796,
       33.97918534233914
      ],
      [
       35.622196479383945,
       33.979193757033975
      ],
      [
       35.622212264338145,
       33.979198431864056
      ],
      [
       35.622210009344684,
       33.97920310669389
      ],
      [
       35.62220211686759,
       33.97920310669388
      ],
      [
       35.62219986187413,
       33.97920871648934
      ],
      [
       35.622212264338145,
       33.979214326284435
      ],
      [
       35.62221564682834,
       33.979222740976354
      ],
      [
       35.62219986187413,
       33.97922367594209
      ],
      [
       35.62219760688067,
       33.97923022070184
      ],
      [
       35.622204371861045,
       33.97922648083918
      ],
      [
       35.62220888184796,
       33.97923022070184
      ],
      [
       35.62219760688067,
       33.97923115566748
      ],
      [
       35.622196479383945,
       33.97923489552991
      ],
      [
       35.62214235954096,
       33.9792451801508
      ]
     ]
    ]
   },
   "properties": {
    "kind": "remove",
    "note": "",
    "source": "hand-drawn",
    "applied": "2026-09-09T09:39:02"
   }
  },
  {
   "type": "Feature",
   "geometry": {
    "type": "Polygon",
    "coordinates": [
     [
      [
       35.622099514665265,
       33.979221806010635
      ],
      [
       35.62209613217508,
       33.97921432628444
      ],
      [
       35.6220814747176,
       33.97921152138692
      ],
      [
       35.62207921972415,
       33.97920591159166
      ],
      [
       35.62209613217508,
       33.97920310669389
      ],
      [
       35.62210740714236,
       33.97919749689805
      ],
      [
       35.62210740714236,
       33.97919375703397
      ],
      [
       35.62211417212273,
       33.97919282206791
      ],
      [
       35.62211868210965,
       33.97920030179601
      ],
      [
       35.622113044626005,
       33.979214326284435
      ],
      [
       35.622115299619466,
       33.97921993607914
      ],
      [
       35.62210853463909,
       33.97921806614762
      ],
      [
       35.622099514665265,
       33.979221806010635
      ]
     ]
    ]
   },
   "properties": {
    "kind": "remove",
    "note": "",
    "source": "hand-drawn",
    "applied": "2026-09-09T09:39:02"
   }
  },
  {
   "type": "Feature",
   "geometry": {
    "type": "Polygon",
    "coordinates": [
     [
      [
       35.622863957447365,
       33.97997164522293
      ],
      [
       35.622863957447365,
       33.97996510052026
      ],
      [
       35.62284929998989,
       33.9799641655627
      ],
      [
       35.6228459174997,
       33.97995762085945
      ],
      [
       35.62283126004223,
       33.97995949077473
      ],
      [
       35.62282900504878,
       33.979951076155714
      ],
      [
       35.62288425238848,
       33.979951076155714
      ],
      [
       35.62288425238848,
       33.97996042573232
      ],
      [
       35.62289439985904,
       33.97996229564754
      ],
      [
       35.62289327236231,
       33.97996603547782
      ],
      [
       35.622879742401565,
       33.9799641655627
      ],
      [
       35.62288199739503,
       33.97997071026544
      ],
      [
       35.622863957447365,
       33.97997164522293
      ]
     ]
    ]
   },
   "properties": {
    "kind": "remove",
    "note": "",
    "source": "hand-drawn",
    "applied": "2026-09-09T09:39:02"
   }
  },
  {
   "type": "Feature",
   "geometry": {
    "type": "Polygon",
    "coordinates": [
     [
      [
       35.62305112190434,
       33.97997632001024
      ],
      [
       35.62303308195667,
       33.97996977530794
      ],
      [
       35.62303646444686,
       33.97995107615572
      ],
      [
       35.623064651865086,
       33.97995201111342
      ],
      [
       35.623069161851994,
       33.97995575094416
      ],
      [
       35.62306803435527,
       33.979958555817085
      ],
      [
       35.62305901438144,
       33.97995855581707
      ],
      [
       35.62305675938798,
       33.97997258018041
      ],
      [
       35.62305112190434,
       33.97997632001024
      ]
     ]
    ]
   },
   "properties": {
    "kind": "remove",
    "note": "",
    "source": "hand-drawn",
    "applied": "2026-09-09T09:39:02"
   }
  },
  {
   "type": "Feature",
   "geometry": {
    "type": "Polygon",
    "coordinates": [
     [
      [
       35.623419813334635,
       33.97981924701582
      ],
      [
       35.62341417585099,
       33.97981550717907
      ],
      [
       35.62341643084445,
       33.97980802750511
      ],
      [
       35.623409665864074,
       33.979802417749205
      ],
      [
       35.623410793360804,
       33.979796807992905
      ],
      [
       35.623402900883704,
       33.979794003114634
      ],
      [
       35.62339726340006,
       33.979780913681445
      ],
      [
       35.62338486093604,
       33.9797846535197
      ],
      [
       35.62338373343932,
       33.979805222627185
      ],
      [
       35.62336682098838,
       33.9798108323829
      ],
      [
       35.62337471346549,
       33.97977904376225
      ],
      [
       35.62338147844586,
       33.97977623888339
      ],
      [
       35.62339049841969,
       33.97977623888339
      ],
      [
       35.623395008406604,
       33.97977997872185
      ],
      [
       35.623402900883704,
       33.97977810880264
      ],
      [
       35.623388243426234,
       33.97977530392374
      ],
      [
       35.62338598843277,
       33.97977156408506
      ],
      [
       35.623402900883704,
       33.97977343400442
      ],
      [
       35.62340515587716,
       33.97977062912539
      ],
      [
       35.62347055068742,
       33.9797893283173
      ],
      [
       35.62347055068742,
       33.979792133195716
      ],
      [
       35.62349422811873,
       33.97979400311461
      ],
      [
       35.62348859063509,
       33.9797996128711
      ],
      [
       35.623493100622,
       33.97980896246438
      ],
      [
       35.62348633564163,
       33.97981363726065
      ],
      [
       35.62344236326921,
       33.97981270230141
      ],
      [
       35.623419813334635,
       33.97981924701582
      ]
     ]
    ]
   },
   "properties": {
    "kind": "remove",
    "note": "",
    "source": "hand-drawn",
    "applied": "2026-09-09T09:39:02"
   }
  },
  {
   "type": "Feature",
   "geometry": {
    "type": "Polygon",
    "coordinates": [
     [
      [
       35.62182102297326,
       33.980551316889
      ],
      [
       35.62182102297326,
       33.980544772230964
      ],
      [
       35.62181313049616,
       33.980545707182145
      ],
      [
       35.62181538548962,
       33.980541032426146
      ],
      [
       35.62182215046999,
       33.98054383727978
      ],
      [
       35.62182440546345,
       33.980541032426146
      ],
      [
       35.62182215046999,
       33.98052607320522
      ],
      [
       35.62181764048307,
       33.98052607320521
      ],
      [
       35.62181651298634,
       33.9805204634967
      ],
      [
       35.62183906292093,
       33.98052046349671
      ],
      [
       35.621843572907835,
       33.98053074796205
      ],
      [
       35.62183342543728,
       33.980543837279775
      ],
      [
       35.62183455293401,
       33.9805485120356
      ],
      [
       35.62182102297326,
       33.980551316889
      ]
     ]
    ]
   },
   "properties": {
    "kind": "remove",
    "note": "",
    "source": "hand-drawn",
    "applied": "2026-09-09T09:39:02"
   }
  },
  {
   "type": "Feature",
   "geometry": {
    "type": "Polygon",
    "coordinates": [
     [
      [
       35.622433253696975,
       33.97988656404897
      ],
      [
       35.622424233723144,
       33.97987534454714
      ],
      [
       35.62241521374931,
       33.979880954298245
      ],
      [
       35.62241521374931,
       33.97987534454714
      ],
      [
       35.622402811285305,
       33.97987440958858
      ],
      [
       35.622408448768944,
       33.97986879983706
      ],
      [
       35.622401683788574,
       33.97986692991981
      ],
      [
       35.62241295875585,
       33.97986692991981
      ],
      [
       35.6224185962395,
       33.97985290553905
      ],
      [
       35.622417468742775,
       33.979822051893244
      ],
      [
       35.62242874371006,
       33.97982111693411
      ],
      [
       35.62242987120679,
       33.97981457221985
      ],
      [
       35.62243550869043,
       33.97981083238292
      ],
      [
       35.62244678365772,
       33.97981176734218
      ],
      [
       35.62244678365772,
       33.97980896246439
      ],
      [
       35.62245805862501,
       33.979806157586495
      ],
      [
       35.62246820609557,
       33.97980989742365
      ],
      [
       35.62247384357921,
       33.9798061575865
      ],
      [
       35.62248060855958,
       33.97981083238291
      ],
      [
       35.6224930110236,
       33.97981176734218
      ],
      [
       35.62253360090583,
       33.979803352708544
      ],
      [
       35.62253923838947,
       33.979822986852376
      ],
      [
       35.62254487587312,
       33.979822051893265
      ],
      [
       35.62254262087966,
       33.97984916570378
      ],
      [
       35.622529090918924,
       33.97984168603279
      ],
      [
       35.62252232593855,
       33.979845425868376
      ],
      [
       35.62251556095818,
       33.979843555950595
      ],
      [
       35.622513305964716,
       33.97984823074496
      ],
      [
       35.62252570842874,
       33.979847295786094
      ],
      [
       35.62252683592547,
       33.97985290553905
      ],
      [
       35.62252119844183,
       33.97985290553905
      ],
      [
       35.62252007094509,
       33.97985758033289
      ],
      [
       35.6225009035007,
       33.979865060002496
      ],
      [
       35.622497521010516,
       33.979872539671454
      ],
      [
       35.62249075603014,
       33.979867864878436
      ],
      [
       35.62248399104977,
       33.979872539671476
      ],
      [
       35.62247609857267,
       33.979870669754284
      ],
      [
       35.62247384357921,
       33.97987534454714
      ],
      [
       35.62247158858575,
       33.979865060002496
      ],
      [
       35.62249075603014,
       33.979857580332904
      ],
      [
       35.622489628533415,
       33.979851970580256
      ],
      [
       35.62247835356612,
       33.97985010066263
      ],
      [
       35.6224693335923,
       33.97985851529163
      ],
      [
       35.62244678365772,
       33.97985664537414
      ],
      [
       35.62244340116754,
       33.979859450250345
      ],
      [
       35.62244452866426,
       33.97986692991981
      ],
      [
       35.62243663618717,
       33.9798669299198
      ],
      [
       35.62243550869043,
       33.979872539671454
      ],
      [
       35.62244565616099,
       33.979870669754284
      ],
      [
       35.62245129364464,
       33.97988095429824
      ],
      [
       35.62244452866426,
       33.979880019339745
      ],
      [
       35.622433253696975,
       33.97988656404897
      ]
     ]
    ]
   },
   "properties": {
    "kind": "remove",
    "note": "",
    "source": "hand-drawn",
    "applied": "2026-09-09T09:39:02"
   }
  },
  {
   "type": "Feature",
   "geometry": {
    "type": "Polygon",
    "coordinates": [
     [
      [
       35.62226412918767,
       33.98074578649791
      ],
      [
       35.62219986187413,
       33.98073924185487
      ],
      [
       35.622196479383945,
       33.98073643700769
      ],
      [
       35.62218858690684,
       33.98073830690582
      ],
      [
       35.6221829494232,
       33.98073082731304
      ],
      [
       35.62219309689375,
       33.980729892363904
      ],
      [
       35.62217956693301,
       33.980726152567215
      ],
      [
       35.62215927199189,
       33.98072802246556
      ],
      [
       35.622155889501705,
       33.980717738024104
      ],
      [
       35.62214686952789,
       33.98071119337888
      ],
      [
       35.62216039948862,
       33.98069810408689
      ],
      [
       35.622161526985344,
       33.980690624490606
      ],
      [
       35.622155889501705,
       33.980689689541
      ],
      [
       35.62215476200498,
       33.980685949742565
      ],
      [
       35.622170546959175,
       33.980677535195454
      ],
      [
       35.62218745941011,
       33.9806803400446
      ],
      [
       35.62216941946245,
       33.98068407984328
      ],
      [
       35.622170546959175,
       33.98068968954101
      ],
      [
       35.62217618444282,
       33.98069249438973
      ],
      [
       35.62219196939703,
       33.9806868846922
      ],
      [
       35.622195351887214,
       33.980679405094904
      ],
      [
       35.622276531651686,
       33.98068127499429
      ],
      [
       35.62227991414187,
       33.980685949742565
      ],
      [
       35.622297954089525,
       33.980684079843286
      ],
      [
       35.62230922905682,
       33.98069155944017
      ],
      [
       35.62231035655354,
       33.98070090893537
      ],
      [
       35.6223205040241,
       33.980713998226896
      ],
      [
       35.62231148405027,
       33.980728957414755
      ],
      [
       35.622304719069895,
       33.980730827313046
      ],
      [
       35.62231824903064,
       33.98073176226218
      ],
      [
       35.62230810156009,
       33.98073830690579
      ],
      [
       35.62228555162551,
       33.980740176803884
      ],
      [
       35.62229344410261,
       33.98074485154896
      ],
      [
       35.62226412918767,
       33.98074578649791
      ]
     ]
    ]
   },
   "properties": {
    "kind": "remove",
    "note": "",
    "source": "hand-drawn",
    "applied": "2026-09-09T09:39:02"
   }
  },
  {
   "type": "Feature",
   "geometry": {
    "type": "Polygon",
    "coordinates": [
     [
      [
       35.622161526985344,
       33.98074859134481
      ],
      [
       35.622161526985344,
       33.98074391659996
      ],
      [
       35.622157016998436,
       33.98074204670196
      ],
      [
       35.62216039948862,
       33.980730827313046
      ],
      [
       35.622171674455906,
       33.98073082731304
      ],
      [
       35.622178439436276,
       33.98074204670196
      ],
      [
       35.62216716446899,
       33.98074204670194
      ],
      [
       35.62216716446899,
       33.980747656395856
      ],
      [
       35.622161526985344,
       33.98074859134481
      ]
     ]
    ]
   },
   "properties": {
    "kind": "remove",
    "note": "",
    "source": "hand-drawn",
    "applied": "2026-09-09T09:39:02"
   }
  },
  {
   "type": "Feature",
   "geometry": {
    "type": "Polygon",
    "coordinates": [
     [
      [
       35.62469839462507,
       33.98198178005496
      ],
      [
       35.62467020720684,
       33.981979910184194
      ],
      [
       35.624666824716655,
       33.98197243070066
      ],
      [
       35.6246724622003,
       33.98193690314492
      ],
      [
       35.62468148217414,
       33.98193129352951
      ],
      [
       35.624695012134886,
       33.98193129352951
      ],
      [
       35.62471981706292,
       33.981936903144934
      ],
      [
       35.624691629644694,
       33.98194251275997
      ],
      [
       35.624701777115256,
       33.98195373198898
      ],
      [
       35.62469050214796,
       33.98195653679597
      ],
      [
       35.624684864664324,
       33.98196308134532
      ],
      [
       35.62469726712834,
       33.98197056082968
      ],
      [
       35.62469839462507,
       33.98198178005496
      ]
     ]
    ]
   },
   "properties": {
    "kind": "remove",
    "note": "",
    "source": "hand-drawn",
    "applied": "2026-09-09T09:39:02"
   }
  },
  {
   "type": "Feature",
   "geometry": {
    "type": "Polygon",
    "coordinates": [
     [
      [
       35.62473560201712,
       33.981982714990345
      ],
      [
       35.624711924585824,
       33.98197897524878
      ],
      [
       35.624724327049826,
       33.98196121147414
      ],
      [
       35.624724327049826,
       33.981945317567366
      ],
      [
       35.62471305208254,
       33.98194157782417
      ],
      [
       35.62471756206946,
       33.981938773016665
      ],
      [
       35.62473672951385,
       33.98194531756737
      ],
      [
       35.624732219526926,
       33.98195466692466
      ],
      [
       35.62473672951385,
       33.98196588615205
      ],
      [
       35.62474462199095,
       33.98196775602313
      ],
      [
       35.62474462199095,
       33.98197617044251
      ],
      [
       35.62473672951385,
       33.981976170442515
      ],
      [
       35.62473560201712,
       33.981982714990345
      ]
     ]
    ]
   },
   "properties": {
    "kind": "remove",
    "note": "",
    "source": "hand-drawn",
    "applied": "2026-09-09T09:39:02"
   }
  },
  {
   "type": "Feature",
   "geometry": {
    "type": "Polygon",
    "coordinates": [
     [
      [
       35.624821291768505,
       33.981869587735446
      ],
      [
       35.624653294755916,
       33.981868652798845
      ],
      [
       35.62464991226573,
       33.98185930343209
      ],
      [
       35.624654422252654,
       33.9818499540643
      ],
      [
       35.6246645697232,
       33.981850889001116
      ],
      [
       35.62466344222647,
       33.98185743355858
      ],
      [
       35.62468599216105,
       33.981851823937944
      ],
      [
       35.62468824715451,
       33.981858368495345
      ],
      [
       35.624691629644694,
       33.981858368495345
      ],
      [
       35.62469839462507,
       33.98185182393794
      ],
      [
       35.62468937465123,
       33.981847149253774
      ],
      [
       35.62472658204329,
       33.9818406046955
      ],
      [
       35.62476153444188,
       33.98184808419063
      ],
      [
       35.624757024454965,
       33.98184434444315
      ],
      [
       35.62477280940918,
       33.98184247456933
      ],
      [
       35.624775064402634,
       33.98185182393794
      ],
      [
       35.62477619189936,
       33.98184527938002
      ],
      [
       35.624781829383,
       33.98184434444315
      ],
      [
       35.62481001680122,
       33.98184714925376
      ],
      [
       35.624814526788136,
       33.98185369381154
      ],
      [
       35.62482580175542,
       33.981854628748316
      ],
      [
       35.62483031174234,
       33.981858368495345
      ],
      [
       35.62482580175542,
       33.981863978115584
      ],
      [
       35.62483482172926,
       33.98186678292555
      ],
      [
       35.624821291768505,
       33.981869587735446
      ]
     ]
    ]
   },
   "properties": {
    "kind": "remove",
    "note": "",
    "source": "hand-drawn",
    "applied": "2026-09-09T09:39:02"
   }
  },
  {
   "type": "Feature",
   "geometry": {
    "type": "Polygon",
    "coordinates": [
     [
      [
       35.62336005600801,
       33.98257078730303
      ],
      [
       35.62334878104072,
       33.98256798251628
      ],
      [
       35.62333976106689,
       33.98256050308451
      ],
      [
       35.623338633570164,
       33.98253525999738
      ],
      [
       35.62334539855053,
       33.982524040845156
      ],
      [
       35.62335216353091,
       33.98252591070396
      ],
      [
       35.62337584096221,
       33.98252217098631
      ],
      [
       35.62338260594259,
       33.98253152028015
      ],
      [
       35.62337020347857,
       33.98254554421895
      ],
      [
       35.62336794848511,
       33.98255489351025
      ],
      [
       35.623380350949134,
       33.98256143801351
      ],
      [
       35.62338147844586,
       33.98256798251629
      ],
      [
       35.62336005600801,
       33.98257078730303
      ]
     ]
    ]
   },
   "properties": {
    "kind": "remove",
    "note": "",
    "source": "hand-drawn",
    "applied": "2026-09-09T09:39:02"
   }
  },
  {
   "type": "Feature",
   "geometry": {
    "type": "Polygon",
    "coordinates": [
     [
      [
       35.625408717564184,
       33.982309006807775
      ],
      [
       35.62540195258381,
       33.98230152735321
      ],
      [
       35.625392932609984,
       33.98229685269377
      ],
      [
       35.62538729512635,
       33.982297787625676
      ],
      [
       35.62537714765578,
       33.9822865684421
      ],
      [
       35.62537827515251,
       33.98228189378184
      ],
      [
       35.62538842262307,
       33.982277219121315
      ],
      [
       35.62539180511326,
       33.98226693486727
      ],
      [
       35.62538278513942,
       33.982228602636674
      ],
      [
       35.62542788500858,
       33.982228602636674
      ],
      [
       35.62543126749876,
       33.98225665061198
      ],
      [
       35.62543690498241,
       33.98225945540901
      ],
      [
       35.6254290125053,
       33.982264130070504
      ],
      [
       35.625432394995485,
       33.98226880473174
      ],
      [
       35.6254290125053,
       33.982278154053425
      ],
      [
       35.62543464998895,
       33.98228656844209
      ],
      [
       35.62544592495624,
       33.98228937323814
      ],
      [
       35.62544592495624,
       33.98229404789797
      ],
      [
       35.62543915997586,
       33.98229872255757
      ],
      [
       35.62542337502166,
       33.982294982829906
      ],
      [
       35.62541435504783,
       33.98230807187599
      ],
      [
       35.625408717564184,
       33.982309006807775
      ]
     ]
    ]
   },
   "properties": {
    "kind": "remove",
    "note": "",
    "source": "hand-drawn",
    "applied": "2026-09-09T09:39:02"
   }
  },
  {
   "type": "Feature",
   "geometry": {
    "type": "Polygon",
    "coordinates": [
     [
      [
       35.62679779353401,
       33.98268391362472
      ],
      [
       35.62678313607654,
       33.98267736913086
      ],
      [
       35.62677862608962,
       33.9826792389863
      ],
      [
       35.62678088108308,
       33.98266708492524
      ],
      [
       35.62678426357326,
       33.98266521506954
      ],
      [
       35.626785391069994,
       33.9826754992754
      ],
      [
       35.62678990105691,
       33.98266428014168
      ],
      [
       35.62680568601112,
       33.98266708492524
      ],
      [
       35.62681583348167,
       33.98265773564632
      ],
      [
       35.62682147096531,
       33.98265773564632
      ],
      [
       35.626816960978395,
       33.98266708492524
      ],
      [
       35.62680568601112,
       33.98267082463653
      ],
      [
       35.62680117602421,
       33.9826783040586
      ],
      [
       35.626803431017656,
       33.98268204376938
      ],
      [
       35.62679779353401,
       33.98268391362472
      ]
     ]
    ]
   },
   "properties": {
    "kind": "remove",
    "note": "",
    "source": "hand-drawn",
    "applied": "2026-09-09T09:39:02"
   }
  },
  {
   "type": "Feature",
   "geometry": {
    "type": "Polygon",
    "coordinates": [
     [
      [
       35.623736639915414,
       33.983543107798276
      ],
      [
       35.623732129928506,
       33.983534693534
      ],
      [
       35.62372761994159,
       33.983533758615714
      ],
      [
       35.6237084524972,
       33.98353282369738
      ],
      [
       35.62370732500047,
       33.98353656337059
      ],
      [
       35.62368139257571,
       33.98354030304361
      ],
      [
       35.62366109763459,
       33.98354030304362
      ],
      [
       35.623657715144404,
       33.9835365633706
      ],
      [
       35.623659970137865,
       33.983532823697395
      ],
      [
       35.623666735118235,
       33.983533758615714
      ],
      [
       35.62367350009861,
       33.98353001894238
      ],
      [
       35.623674627595335,
       33.983521604676845
      ],
      [
       35.62368252007244,
       33.983516930084484
      ],
      [
       35.62371972746448,
       33.98351693008449
      ],
      [
       35.62373551241869,
       33.98352066975839
      ],
      [
       35.62374227739906,
       33.983515995166
      ],
      [
       35.623747914882706,
       33.98352066975839
      ],
      [
       35.623747914882706,
       33.98353936812538
      ],
      [
       35.623736639915414,
       33.983543107798276
      ]
     ]
    ]
   },
   "properties": {
    "kind": "remove",
    "note": "",
    "source": "hand-drawn",
    "applied": "2026-09-09T09:39:02"
   }
  },
  {
   "type": "Feature",
   "geometry": {
    "type": "Polygon",
    "coordinates": [
     [
      [
       35.62386855703269,
       33.98347485874186
      ],
      [
       35.62386066455558,
       33.98346363971365
      ],
      [
       35.62385502707194,
       33.98346831430892
      ],
      [
       35.62384487960138,
       33.983459900037246
      ],
      [
       35.623873067019595,
       33.98345148576474
      ],
      [
       35.62387757700652,
       33.98346831430892
      ],
      [
       35.62386855703269,
       33.98347485874186
      ]
     ]
    ]
   },
   "properties": {
    "kind": "remove",
    "note": "",
    "source": "hand-drawn",
    "applied": "2026-09-09T09:39:02"
   }
  },
  {
   "type": "Feature",
   "geometry": {
    "type": "Polygon",
    "coordinates": [
     [
      [
       35.623738894908875,
       33.98336360331325
      ],
      [
       35.623740022405606,
       33.98335799379198
      ],
      [
       35.62374565988925,
       33.98335612395148
      ],
      [
       35.623746787385976,
       33.9833477096687
      ],
      [
       35.623736639915414,
       33.9833477096687
      ],
      [
       35.623731002431775,
       33.98335238427035
      ],
      [
       35.62372649244486,
       33.98334864458905
      ],
      [
       35.623731002431775,
       33.98334957950939
      ],
      [
       35.62372874743832,
       33.98334677474835
      ],
      [
       35.62373776741215,
       33.98334210014639
      ],
      [
       35.62373551241869,
       33.98333836046463
      ],
      [
       35.62375355236635,
       33.98332901125954
      ],
      [
       35.62377271981074,
       33.98333088110064
      ],
      [
       35.62377271981074,
       33.98333742554418
      ],
      [
       35.62376369983691,
       33.98333368586222
      ],
      [
       35.623762572340176,
       33.98333836046463
      ],
      [
       35.62377271981074,
       33.98334490490759
      ],
      [
       35.62377384730747,
       33.98335144935004
      ],
      [
       35.62379977973223,
       33.98335238427035
      ],
      [
       35.62378963226167,
       33.98335425411092
      ],
      [
       35.623786249771484,
       33.98335892871222
      ],
      [
       35.62374565988925,
       33.98335892871222
      ],
      [
       35.62374453239252,
       33.983363603313244
      ],
      [
       35.623738894908875,
       33.98336360331325
      ]
     ]
    ]
   },
   "properties": {
    "kind": "remove",
    "note": "",
    "source": "hand-drawn",
    "applied": "2026-09-09T09:39:02"
   }
  },
  {
   "type": "Feature",
   "geometry": {
    "type": "Polygon",
    "coordinates": [
     [
      [
       35.6208107859043,
       33.984506068095236
      ],
      [
       35.620798383440295,
       33.984503263372346
      ],
      [
       35.62080402092393,
       33.98449765392629
      ],
      [
       35.62079612844683,
       33.984488304848725
      ],
      [
       35.62080063843375,
       33.98447334632247
      ],
      [
       35.620798383440295,
       33.98446306233412
      ],
      [
       35.62078372598281,
       33.984463062334115
      ],
      [
       35.62078936346646,
       33.98447241141447
      ],
      [
       35.62078485347954,
       33.98447615104635
      ],
      [
       35.62077583350571,
       33.984454648160934
      ],
      [
       35.620769068525334,
       33.98445558306911
      ],
      [
       35.620769068525334,
       33.984424731093924
      ],
      [
       35.62077583350571,
       33.98443688490367
      ],
      [
       35.62077470600898,
       33.98444997361991
      ],
      [
       35.620779215995896,
       33.984458387793566
      ],
      [
       35.620785980976265,
       33.98446025760982
      ],
      [
       35.620787108473,
       33.98444810380343
      ],
      [
       35.62078147098936,
       33.98444155944542
      ],
      [
       35.62078147098936,
       33.98443408017852
      ],
      [
       35.62078936346646,
       33.98443314527011
      ],
      [
       35.62078936346646,
       33.98442192636837
      ],
      [
       35.62080514842066,
       33.984420056551265
      ],
      [
       35.62080627591739,
       33.98442286127691
      ],
      [
       35.62079951093702,
       33.984424731093924
      ],
      [
       35.62080514842066,
       33.98443688490367
      ],
      [
       35.62081642338794,
       33.98441725182553
      ],
      [
       35.620835590832336,
       33.98439948856046
      ],
      [
       35.620850248289806,
       33.98439761874286
      ],
      [
       35.62084912079308,
       33.98439200928985
      ],
      [
       35.62086377825056,
       33.984377050746644
      ],
      [
       35.62086377825056,
       33.98437237620134
      ],
      [
       35.62086828823747,
       33.984373311110424
      ],
      [
       35.62087843570802,
       33.98435835256393
      ],
      [
       35.62088632818512,
       33.98435648274543
      ],
      [
       35.620898730649145,
       33.9843433940148
      ],
      [
       35.620907750622976,
       33.98434245910539
      ],
      [
       35.620917898093545,
       33.98434993838037
      ],
      [
       35.62094270302156,
       33.9843527431083
      ],
      [
       35.620937065537916,
       33.984363027109985
      ],
      [
       35.62094270302156,
       33.98436676674666
      ],
      [
       35.620967507949594,
       33.984370506383165
      ],
      [
       35.620968635446324,
       33.98438826965429
      ],
      [
       35.62098103791034,
       33.98438266020065
      ],
      [
       35.6209911853809,
       33.984382660200644
      ],
      [
       35.62098667539399,
       33.9843892045632
      ],
      [
       35.620992312877625,
       33.98439107438098
      ],
      [
       35.620993440374356,
       33.98439668383406
      ],
      [
       35.62099682286454,
       33.98439574892524
      ],
      [
       35.62099682286454,
       33.98440509801297
      ],
      [
       35.62100471534164,
       33.98441257728246
      ],
      [
       35.62101148032202,
       33.9844284707279
      ],
      [
       35.621008097831826,
       33.98443314527011
      ],
      [
       35.621001332851456,
       33.984434080178524
      ],
      [
       35.62099682286454,
       33.98445277834454
      ],
      [
       35.62099569536781,
       33.98444903871167
      ],
      [
       35.62098329290381,
       33.98444997361991
      ],
      [
       35.620984420400525,
       33.98446399724221
      ],
      [
       35.62096412545941,
       33.98447428123042
      ],
      [
       35.62095736047904,
       33.98448176049378
      ],
      [
       35.62095172299539,
       33.98448176049379
      ],
      [
       35.6209483405052,
       33.98448923975653
      ],
      [
       35.62093368304773,
       33.98449204447987
      ],
      [
       35.6209088781197,
       33.984505133187625
      ],
      [
       35.6208107859043,
       33.984506068095236
      ]
     ]
    ]
   },
   "properties": {
    "kind": "remove",
    "note": "",
    "source": "hand-drawn",
    "applied": "2026-09-09T09:39:02"
   }
  },
  {
   "type": "Feature",
   "geometry": {
    "type": "Polygon",
    "coordinates": [
     [
      [
       35.62081396579743,
       33.98450829215279
      ],
      [
       35.620985627174385,
       33.98444601851978
      ],
      [
       35.620996356010444,
       33.9844171057461
      ],
      [
       35.620958805084236,
       33.98436817641434
      ],
      [
       35.62087297439576,
       33.984339263614174
      ],
      [
       35.62081933021546,
       33.98430590267869
      ],
      [
       35.62077641487122,
       33.984299230490016
      ],
      [
       35.62069326639176,
       33.98431035080418
      ],
      [
       35.62068521976472,
       33.984332591428114
      ],
      [
       35.62074691057206,
       33.98444824257887
      ],
      [
       35.6208086013794,
       33.984503844037654
      ],
      [
       35.62083542346955,
       33.984497171864525
      ],
      [
       35.62081396579743,
       33.98450829215279
      ]
     ]
    ]
   },
   "properties": {
    "kind": "add",
    "note": "",
    "source": "hand-drawn",
    "applied": "2026-09-09T09:39:02"
   }
  },
  {
   "type": "Feature",
   "geometry": {
    "type": "Polygon",
    "coordinates": [
     [
      [
       35.62216311693192,
       33.98513102597338
      ],
      [
       35.6222489476204,
       33.98511990576659
      ],
      [
       35.62225431203843,
       33.98510433747464
      ],
      [
       35.622235536575324,
       33.98507097683945
      ],
      [
       35.62214970588685,
       33.98508209705263
      ],
      [
       35.62214702367783,
       33.98511545768347
      ],
      [
       35.62216579914094,
       33.985124353849486
      ],
      [
       35.62216311693192,
       33.98513102597338
      ]
     ]
    ]
   },
   "properties": {
    "kind": "add",
    "note": "",
    "source": "hand-drawn",
    "applied": "2026-09-09T09:39:02"
   }
  },
  {
   "type": "Feature",
   "geometry": {
    "type": "Polygon",
    "coordinates": [
     [
      [
       35.62008242301752,
       33.983813298730276
      ],
      [
       35.62007904052734,
       33.98380675432341
      ],
      [
       35.6200812955208,
       33.983679605746715
      ],
      [
       35.62009031549463,
       33.98367867083001
      ],
      [
       35.6200891879979,
       33.98367212641277
      ],
      [
       35.620094825481544,
       33.98366838674552
      ],
      [
       35.62010610044883,
       33.98367399624631
      ],
      [
       35.620118502912845,
       33.983672126412756
      ],
      [
       35.62012414039649,
       33.9836674518287
      ],
      [
       35.62015007282125,
       33.983665581995
      ],
      [
       35.62015232781471,
       33.98367586607982
      ],
      [
       35.62016134778853,
       33.98368147558011
      ],
      [
       35.62016134778853,
       33.98370391357754
      ],
      [
       35.62015232781471,
       33.9837198071555
      ],
      [
       35.62011737541612,
       33.98372822140144
      ],
      [
       35.620093697984814,
       33.98372354682045
      ],
      [
       35.62008693300444,
       33.98372541665289
      ],
      [
       35.62008355051425,
       33.983760943461085
      ],
      [
       35.62009031549463,
       33.98376655295572
      ],
      [
       35.620103845455375,
       33.98376374820848
      ],
      [
       35.620118502912845,
       33.98378899093074
      ],
      [
       35.62008693300444,
       33.983795535339
      ],
      [
       35.6200891879979,
       33.98379927500063
      ],
      [
       35.62010046296519,
       33.983801144831375
      ],
      [
       35.620093697984814,
       33.98380114483139
      ],
      [
       35.62008242301752,
       33.983813298730276
      ]
     ]
    ]
   },
   "properties": {
    "kind": "remove",
    "note": "",
    "source": "hand-drawn",
    "applied": "2026-09-09T09:39:02"
   }
  },
  {
   "type": "Feature",
   "geometry": {
    "type": "Polygon",
    "coordinates": [
     [
      [
       35.61890080644579,
       33.98265960550218
      ],
      [
       35.618883893994855,
       33.98265399593445
      ],
      [
       35.618907571426156,
       33.982643711725984
      ],
      [
       35.61890982641962,
       33.98263155765984
      ],
      [
       35.618907571426156,
       33.982625948090266
      ],
      [
       35.61890080644579,
       33.98262501316197
      ],
      [
       35.61890306143924,
       33.982610054307784
      ],
      [
       35.61889629645887,
       33.98261566387843
      ],
      [
       35.61889516896215,
       33.982610989236264
      ],
      [
       35.61890869892289,
       33.98258761602158
      ],
      [
       35.6189211013869,
       33.98257826673392
      ],
      [
       35.618923356380364,
       33.98256237294251
      ],
      [
       35.618938013837834,
       33.98253993464372
      ],
      [
       35.61894477881821,
       33.98253712985595
      ],
      [
       35.61894365132148,
       33.98254554421898
      ],
      [
       35.618948161308396,
       33.98254273943137
      ],
      [
       35.61895267129531,
       33.98253152028015
      ],
      [
       35.618949288805126,
       33.982534325068116
      ],
      [
       35.61894590631494,
       33.982532455209466
      ],
      [
       35.61896056377241,
       33.98252123605686
      ],
      [
       35.61895830877896,
       33.982512821691444
      ],
      [
       35.61896620125605,
       33.98251282169144
      ],
      [
       35.61896732875278,
       33.982503472395535
      ],
      [
       35.6189797312168,
       33.982495992958086
      ],
      [
       35.61898311370698,
       33.982488513519975
      ],
      [
       35.61899889866119,
       33.982486643660344
      ],
      [
       35.61900679113829,
       33.98249225323911
      ],
      [
       35.619012428621936,
       33.98249131830935
      ],
      [
       35.61902144859577,
       33.98249973267691
      ],
      [
       35.61901355611866,
       33.98252217098631
      ],
      [
       35.61898536870044,
       33.98255676336837
      ],
      [
       35.61898311370698,
       33.98257172223193
      ],
      [
       35.61895379879204,
       33.9826119241647
      ],
      [
       35.618939141334565,
       33.98263997201352
      ],
      [
       35.618930121360734,
       33.98264371172599
      ],
      [
       35.618930121360734,
       33.982653061006474
      ],
      [
       35.61891433640653,
       33.98265680071837
      ],
      [
       35.61889855145233,
       33.98265119115045
      ],
      [
       35.61890080644579,
       33.98265960550218
      ]
     ]
    ]
   },
   "properties": {
    "kind": "remove",
    "note": "",
    "source": "hand-drawn",
    "applied": "2026-09-09T09:39:02"
   }
  },
  {
   "type": "Feature",
   "geometry": {
    "type": "Polygon",
    "coordinates": [
     [
      [
       35.616581545674734,
       33.982971870855074
      ],
      [
       35.61657590819109,
       33.98296158668508
      ],
      [
       35.61656914321072,
       33.98296065176044
      ],
      [
       35.61657027070745,
       33.98295223743853
      ],
      [
       35.61656237823035,
       33.98294475804057
      ],
      [
       35.61656914321072,
       33.98292418969277
      ],
      [
       35.616605223106035,
       33.98291297059186
      ],
      [
       35.61662551804716,
       33.98291484044211
      ],
      [
       35.61662551804716,
       33.98291951506757
      ],
      [
       35.61663341052425,
       33.98291951506757
      ],
      [
       35.61663228302753,
       33.98292699446775
      ],
      [
       35.61664581298827,
       33.982934473867296
      ],
      [
       35.61664581298827,
       33.98294569296537
      ],
      [
       35.61663566551771,
       33.982947562814864
      ],
      [
       35.61663792051117,
       33.98295317236324
      ],
      [
       35.61663002803407,
       33.98296252160967
      ],
      [
       35.61664581298827,
       33.982960651760465
      ],
      [
       35.61664581298827,
       33.982965326383415
      ],
      [
       35.616614243079866,
       33.98297093593058
      ],
      [
       35.61661086058968,
       33.98296906608156
      ],
      [
       35.61661875306678,
       33.98296532638339
      ],
      [
       35.61660973309295,
       33.982964391458836
      ],
      [
       35.616581545674734,
       33.982971870855074
      ]
     ]
    ]
   },
   "properties": {
    "kind": "remove",
    "note": "",
    "source": "hand-drawn",
    "applied": "2026-09-09T09:39:02"
   }
  },
  {
   "type": "Feature",
   "geometry": {
    "type": "Polygon",
    "coordinates": [
     [
      [
       35.616131674479966,
       33.98249412309863
      ],
      [
       35.616131674479966,
       33.98248757859016
      ],
      [
       35.61611137953885,
       33.982491318309336
      ],
      [
       35.61611137953885,
       33.98248383887083
      ],
      [
       35.61611927201595,
       33.982477294361566
      ],
      [
       35.61615422441454,
       33.98246887999179
      ],
      [
       35.616153096917806,
       33.98247355464177
      ],
      [
       35.616138439460336,
       33.98248196901107
      ],
      [
       35.61613505697015,
       33.982487578590174
      ],
      [
       35.616137311963605,
       33.98249412309863
      ],
      [
       35.616131674479966,
       33.98249412309863
      ]
     ]
    ]
   },
   "properties": {
    "kind": "remove",
    "note": "",
    "source": "hand-drawn",
    "applied": "2026-09-09T09:39:02"
   }
  },
  {
   "type": "Feature",
   "geometry": {
    "type": "Polygon",
    "coordinates": [
     [
      [
       35.616146331937436,
       33.982517496339
      ],
      [
       35.61612829198978,
       33.98251095183233
      ],
      [
       35.61612829198978,
       33.98250627718442
      ],
      [
       35.61613392947342,
       33.98250627718442
      ],
      [
       35.61613618446688,
       33.9825025374659
      ],
      [
       35.616144076943975,
       33.982503472395535
      ],
      [
       35.61614971442762,
       33.98251001690277
      ],
      [
       35.616146331937436,
       33.982517496339
      ]
     ]
    ]
   },
   "properties": {
    "kind": "remove",
    "note": "",
    "source": "hand-drawn",
    "applied": "2026-09-09T09:39:02"
   }
  },
  {
   "type": "Feature",
   "geometry": {
    "type": "Polygon",
    "coordinates": [
     [
      [
       35.617450845652606,
       33.983227104857335
      ],
      [
       35.61744520816896,
       33.98321588579641
      ],
      [
       35.61742942321476,
       33.983212146109125
      ],
      [
       35.617426040724574,
       33.983204666734025
      ],
      [
       35.61741814824748,
       33.98320466673403
      ],
      [
       35.61741814824748,
       33.98321121118727
      ],
      [
       35.61742491322785,
       33.98321962548357
      ],
      [
       35.61741589325402,
       33.98322336517054
      ],
      [
       35.617413638260565,
       33.98320840642167
      ],
      [
       35.61740912827364,
       33.983205601655946
      ],
      [
       35.617421530737666,
       33.98319531751423
      ],
      [
       35.617435060698405,
       33.983193447670125
      ],
      [
       35.617435060698405,
       33.983188773059766
      ],
      [
       35.61744859065915,
       33.9831812936826
      ],
      [
       35.6174463356657,
       33.98316166031445
      ],
      [
       35.617437315691866,
       33.98314109201912
      ],
      [
       35.61744746316242,
       33.98314109201912
      ],
      [
       35.61745310064607,
       33.98313361263778
      ],
      [
       35.61751624046288,
       33.983123328487345
      ],
      [
       35.61752751543017,
       33.983123328487345
      ],
      [
       35.61753089792035,
       33.983128003101335
      ],
      [
       35.617541045390915,
       33.983127068178554
      ],
      [
       35.617546682874554,
       33.98313641740586
      ],
      [
       35.61754555537783,
       33.98314670155471
      ],
      [
       35.61752864292689,
       33.9831541809349
      ],
      [
       35.61752413293998,
       33.98316540000397
      ],
      [
       35.617499328011945,
       33.98316540000396
      ],
      [
       35.617484670554475,
       33.98315979046963
      ],
      [
       35.617483543057745,
       33.98316446508161
      ],
      [
       35.617489180541384,
       33.98316913969334
      ],
      [
       35.61748128806428,
       33.98317381430479
      ],
      [
       35.617484670554475,
       33.98318970798186
      ],
      [
       35.61749256303157,
       33.98319625243625
      ],
      [
       35.61750271050213,
       33.9831943825922
      ],
      [
       35.61751060297923,
       33.98318035876041
      ],
      [
       35.61752864292689,
       33.983177553993784
      ],
      [
       35.61753653540399,
       33.983183163526945
      ],
      [
       35.61753089792035,
       33.98319625243625
      ],
      [
       35.61752187794652,
       33.98319905720227
      ],
      [
       35.61752075044979,
       33.9832037318121
      ],
      [
       35.617499328011945,
       33.98321495087462
      ],
      [
       35.61749594552176,
       33.983220560405314
      ],
      [
       35.6174779055741,
       33.983222430248816
      ],
      [
       35.617468885600275,
       33.98321962548357
      ],
      [
       35.61746437561335,
       33.98322243024882
      ],
      [
       35.61745873812971,
       33.983214950874604
      ],
      [
       35.617450845652606,
       33.983227104857335
      ]
     ]
    ]
   },
   "properties": {
    "kind": "remove",
    "note": "",
    "source": "hand-drawn",
    "applied": "2026-09-09T09:39:02"
   }
  },
  {
   "type": "Feature",
   "geometry": {
    "type": "Polygon",
    "coordinates": [
     [
      [
       35.61740236329327,
       33.98312519833297
      ],
      [
       35.61739898080309,
       33.983120523718824
      ],
      [
       35.6173877058358,
       33.983123328487345
      ],
      [
       35.6173877058358,
       33.98311771895022
      ],
      [
       35.617403490790004,
       33.98310276018274
      ],
      [
       35.617420403240935,
       33.98309995541354
      ],
      [
       35.61740687328019,
       33.98310836972085
      ],
      [
       35.61741025577038,
       33.98311678402732
      ],
      [
       35.61741814824748,
       33.98311958879598
      ],
      [
       35.61740236329327,
       33.98312519833297
      ]
     ]
    ]
   },
   "properties": {
    "kind": "remove",
    "note": "",
    "source": "hand-drawn",
    "applied": "2026-09-09T09:39:02"
   }
  },
  {
   "type": "Feature",
   "geometry": {
    "type": "Polygon",
    "coordinates": [
     [
      [
       35.620026048181074,
       33.98142923145008
      ],
      [
       35.61999109578249,
       33.981410532618916
      ],
      [
       35.61996967334464,
       33.981407727793865
      ],
      [
       35.61996967334464,
       33.98138715907413
      ],
      [
       35.61999222327922,
       33.981376874712396
      ],
      [
       35.61999335077595,
       33.98137220000209
      ],
      [
       35.619996733266134,
       33.98137780965442
      ],
      [
       35.619988840789034,
       33.98137967953844
      ],
      [
       35.6199877132923,
       33.98138809401604
      ],
      [
       35.619980948311934,
       33.9813862241322
      ],
      [
       35.619980948311934,
       33.98139089884172
      ],
      [
       35.61998658579557,
       33.981398378376426
      ],
      [
       35.61998996828576,
       33.981394638609146
      ],
      [
       35.619997860762865,
       33.981396508492786
      ],
      [
       35.61999447827268,
       33.98140492296873
      ],
      [
       35.62001139072361,
       33.981404922968736
      ],
      [
       35.62001139072361,
       33.98140959767722
      ],
      [
       35.62001702820725,
       33.981409597677235
      ],
      [
       35.620026048181074,
       33.98140492296873
      ],
      [
       35.620029430671266,
       33.98139650849279
      ],
      [
       35.62003281316145,
       33.981397443434595
      ],
      [
       35.62003281316145,
       33.98140211814351
      ],
      [
       35.62003957814183,
       33.981403988027004
      ],
      [
       35.620062128076405,
       33.981403053085266
      ],
      [
       35.620061000579675,
       33.98141333744385
      ],
      [
       35.62004972561238,
       33.98140772779386
      ],
      [
       35.620044088128736,
       33.98141520732707
      ],
      [
       35.62004521562547,
       33.9814217519181
      ],
      [
       35.62003281316145,
       33.981429231450086
      ],
      [
       35.620026048181074,
       33.98142923145008
      ]
     ]
    ]
   },
   "properties": {
    "kind": "remove",
    "note": "",
    "source": "hand-drawn",
    "applied": "2026-09-09T09:39:02"
   }
  },
  {
   "type": "Feature",
   "geometry": {
    "type": "Polygon",
    "coordinates": [
     [
      [
       35.62003168566472,
       33.981300209431176
      ],
      [
       35.62002266569089,
       33.98129740460249
      ],
      [
       35.620029430671266,
       33.981289925058924
      ],
      [
       35.62004859811565,
       33.9812815105716
      ],
      [
       35.62004859811565,
       33.98127870574231
      ],
      [
       35.62004183313528,
       33.98127964068542
      ],
      [
       35.62004296063201,
       33.98127683585606
      ],
      [
       35.62007904052733,
       33.981276835856065
      ],
      [
       35.62007904052733,
       33.981300209431176
      ],
      [
       35.62003168566472,
       33.981300209431176
      ]
     ]
    ]
   },
   "properties": {
    "kind": "remove",
    "note": "",
    "source": "hand-drawn",
    "applied": "2026-09-09T09:39:02"
   }
  },
  {
   "type": "Feature",
   "geometry": {
    "type": "Polygon",
    "coordinates": [
     [
      [
       35.62021546763152,
       33.98165829179829
      ],
      [
       35.6201951726904,
       33.981656421920384
      ],
      [
       35.6201951726904,
       33.98164800746935
      ],
      [
       35.62020870265114,
       33.98164520265217
      ],
      [
       35.6202188501217,
       33.98164800746935
      ],
      [
       35.62021546763152,
       33.98165829179829
      ]
     ]
    ]
   },
   "properties": {
    "kind": "remove",
    "note": "",
    "source": "hand-drawn",
    "applied": "2026-09-09T09:39:02"
   }
  },
  {
   "type": "Feature",
   "geometry": {
    "type": "Polygon",
    "coordinates": [
     [
      [
       35.620323707317475,
       33.980762615577795
      ],
      [
       35.62029890238944,
       33.980753266089394
      ],
      [
       35.62029551989926,
       33.98074578649793
      ],
      [
       35.62028988241562,
       33.980744851548955
      ],
      [
       35.620293264905804,
       33.98073924185487
      ],
      [
       35.62028988241562,
       33.980734567109515
      ],
      [
       35.620302284879635,
       33.980730827313046
      ],
      [
       35.62030341237636,
       33.98073550205861
      ],
      [
       35.620315814840374,
       33.98073643700768
      ],
      [
       35.62031468734365,
       33.9807467214469
      ],
      [
       35.620323707317475,
       33.98074391659997
      ],
      [
       35.620330472297844,
       33.98074672144689
      ],
      [
       35.62033498228476,
       33.98075139619159
      ],
      [
       35.620332727291306,
       33.98076074568019
      ],
      [
       35.620323707317475,
       33.980762615577795
      ]
     ]
    ]
   },
   "properties": {
    "kind": "remove",
    "note": "",
    "source": "hand-drawn",
    "applied": "2026-09-09T09:39:02"
   }
  },
  {
   "type": "Feature",
   "geometry": {
    "type": "Polygon",
    "coordinates": [
     [
      [
       35.61937435507186,
       33.98062891779592
      ],
      [
       35.6193721000784,
       33.98061956829281
      ],
      [
       35.619365335098024,
       33.9806195682928
      ],
      [
       35.61937097258167,
       33.98061115373913
      ],
      [
       35.6193642076013,
       33.98061021878866
      ],
      [
       35.619376610065316,
       33.98058964987597
      ],
      [
       35.619392395019524,
       33.98058404017163
      ],
      [
       35.619392395019524,
       33.98060367413517
      ],
      [
       35.61938675753588,
       33.98060554403622
      ],
      [
       35.619392395019524,
       33.98060834888773
      ],
      [
       35.619392395019524,
       33.980620503243166
      ],
      [
       35.61938563003915,
       33.980628917795904
      ],
      [
       35.61937435507186,
       33.98062891779592
      ]
     ]
    ]
   },
   "properties": {
    "kind": "remove",
    "note": "",
    "source": "hand-drawn",
    "applied": "2026-09-09T09:39:02"
   }
  },
  {
   "type": "Feature",
   "geometry": {
    "type": "Polygon",
    "coordinates": [
     [
      [
       35.62461721486059,
       33.979512579856866
      ],
      [
       35.62462059735078,
       33.97950510015626
      ],
      [
       35.62461721486059,
       33.97949201067857
      ],
      [
       35.62463187231807,
       33.97948546593898
      ],
      [
       35.62463187231807,
       33.979506035118874
      ],
      [
       35.62461721486059,
       33.979512579856866
      ]
     ]
    ]
   },
   "properties": {
    "kind": "remove",
    "note": "",
    "source": "hand-drawn",
    "applied": "2026-09-09T09:39:02"
   }
  },
  {
   "type": "Feature",
   "geometry": {
    "type": "Polygon",
    "coordinates": [
     [
      [
       35.624648784769,
       33.979499490380356
      ],
      [
       35.62463976479517,
       33.979492945641326
      ],
      [
       35.62463976479517,
       33.979488270827446
      ],
      [
       35.62465893223956,
       33.97948172608756
      ],
      [
       35.62466344222647,
       33.97949014075302
      ],
      [
       35.62465780474284,
       33.979496685492265
      ],
      [
       35.624648784769,
       33.979499490380356
      ]
     ]
    ]
   },
   "properties": {
    "kind": "remove",
    "note": "",
    "source": "hand-drawn",
    "applied": "2026-09-09T09:39:02"
   }
  },
  {
   "type": "Feature",
   "geometry": {
    "type": "Polygon",
    "coordinates": [
     [
      [
       35.62573230912532,
       33.979701442079524
      ],
      [
       35.62571314168094,
       33.97970050711906
      ],
      [
       35.62570299421038,
       33.97969396239551
      ],
      [
       35.62570524920383,
       33.97968461278958
      ],
      [
       35.62569622923,
       33.979682742868256
      ],
      [
       35.62570186671365,
       33.979682742868256
      ],
      [
       35.62570186671365,
       33.979679937986226
      ],
      [
       35.62569622923,
       33.97966497861377
      ],
      [
       35.62571426917767,
       33.97966497861376
      ],
      [
       35.62572667164168,
       33.979654694043674
      ],
      [
       35.62575711405336,
       33.97965749892656
      ],
      [
       35.62576162404027,
       33.97966497861377
      ],
      [
       35.6257706440141,
       33.979669653417915
      ],
      [
       35.62576613402719,
       33.97967526318261
      ],
      [
       35.62576951651738,
       33.979686482710854
      ],
      [
       35.62576500653046,
       33.97969209247439
      ],
      [
       35.62574922157626,
       33.9796977022376
      ],
      [
       35.62574922157626,
       33.97970237703998
      ],
      [
       35.62574245659588,
       33.97969676727709
      ],
      [
       35.62573456411878,
       33.97969676727709
      ],
      [
       35.62573230912532,
       33.979701442079524
      ]
     ]
    ]
   },
   "properties": {
    "kind": "remove",
    "note": "",
    "source": "hand-drawn",
    "applied": "2026-09-09T09:39:02"
   }
  },
  {
   "type": "Feature",
   "geometry": {
    "type": "Polygon",
    "coordinates": [
     [
      [
       35.62367237260188,
       33.97815593839114
      ],
      [
       35.62366335262805,
       33.97815219848124
      ],
      [
       35.623668990111696,
       33.978143783683336
      ],
      [
       35.623657715144404,
       33.97813910879523
      ],
      [
       35.62365546015095,
       33.97813162897376
      ],
      [
       35.62367913758226,
       33.9781334989292
      ],
      [
       35.6236847750659,
       33.97814004377287
      ],
      [
       35.62367801008552,
       33.97814191372814
      ],
      [
       35.623674627595335,
       33.97814845857115
      ],
      [
       35.62367801008552,
       33.97815126350371
      ],
      [
       35.62367237260188,
       33.97815593839114
      ]
     ]
    ]
   },
   "properties": {
    "kind": "remove",
    "note": "",
    "source": "hand-drawn",
    "applied": "2026-09-09T09:39:02"
   }
  },
  {
   "type": "Feature",
   "geometry": {
    "type": "Polygon",
    "coordinates": [
     [
      [
       35.62521027813992,
       33.97824289125019
      ],
      [
       35.6251978756759,
       33.978232606508065
      ],
      [
       35.62519900317263,
       33.97822699664819
      ],
      [
       35.625192238192255,
       33.97821858185769
      ],
      [
       35.625185473211886,
       33.97821951683446
      ],
      [
       35.62518660070861,
       33.97821484195054
      ],
      [
       35.625176453238055,
       33.978200817297235
      ],
      [
       35.62517419824459,
       33.97818024780154
      ],
      [
       35.62516856076095,
       33.978174637938224
      ],
      [
       35.62516968825768,
       33.97816622314255
      ],
      [
       35.625176453238055,
       33.97816715811986
      ],
      [
       35.62518885570207,
       33.97815219848123
      ],
      [
       35.625217043120294,
       33.97814658861605
      ],
      [
       35.625211405636655,
       33.978132563951505
      ],
      [
       35.625193365688986,
       33.9781325639515
      ],
      [
       35.62519674817917,
       33.97812601910723
      ],
      [
       35.62520689564973,
       33.978122279196015
      ],
      [
       35.62519674817917,
       33.978117604306725
      ],
      [
       35.62520464065627,
       33.97811292941722
      ],
      [
       35.625231700577764,
       33.97811386439515
      ],
      [
       35.6252373380614,
       33.97811012448339
      ],
      [
       35.625238465558134,
       33.978086750031146
      ],
      [
       35.62523508306795,
       33.978081140161656
      ],
      [
       35.625247485531965,
       33.978083945096465
      ],
      [
       35.62525086802215,
       33.97808020518337
      ],
      [
       35.62524297554505,
       33.978057765701436
      ],
      [
       35.62525312301561,
       33.97806431055097
      ],
      [
       35.62525312301561,
       33.97807085539996
      ],
      [
       35.62526327048617,
       33.97806618050785
      ],
      [
       35.625256505505796,
       33.97805776570143
      ],
      [
       35.62525988799598,
       33.978052155830035
      ],
      [
       35.62526778047309,
       33.978059635658504
      ],
      [
       35.62526778047309,
       33.97806992042155
      ],
      [
       35.62527792794364,
       33.97806618050786
      ],
      [
       35.62527341795673,
       33.978039066128645
      ],
      [
       35.62528356542728,
       33.978042806043554
      ],
      [
       35.625286947917466,
       33.978033456256014
      ],
      [
       35.625295967891304,
       33.978030651319536
      ],
      [
       35.62530160537495,
       33.978033456256014
      ],
      [
       35.625298222884766,
       33.978003536929016
      ],
      [
       35.625303860368405,
       33.978003536929
      ],
      [
       35.62530837035532,
       33.978010081782685
      ],
      [
       35.62531062534878,
       33.978001666970705
      ],
      [
       35.62531964532261,
       33.97800447190814
      ],
      [
       35.6253230278128,
       33.97799231717865
      ],
      [
       35.6253230278128,
       33.978003536929
      ],
      [
       35.62532979279317,
       33.97800727684546
      ],
      [
       35.62532979279317,
       33.97801382169885
      ],
      [
       35.62534106776045,
       33.97801943157278
      ],
      [
       35.625343322753906,
       33.97801288671982
      ],
      [
       35.625336557773544,
       33.97800634186635
      ],
      [
       35.625337685270274,
       33.97799792705401
      ],
      [
       35.62533317528336,
       33.9779932521579
      ],
      [
       35.62533543027681,
       33.97799138219939
      ],
      [
       35.62534557774737,
       33.97799979701241
      ],
      [
       35.625351215231014,
       33.97801195174079
      ],
      [
       35.62535685271466,
       33.97801382169885
      ],
      [
       35.625359107708114,
       33.978003536929
      ],
      [
       35.62535008773428,
       33.97798670730295
      ],
      [
       35.62535798021139,
       33.97798857726156
      ],
      [
       35.625359107708114,
       33.977985772323606
      ],
      [
       35.62535008773428,
       33.97798016244745
      ],
      [
       35.62535008773428,
       33.97797455257093
      ],
      [
       35.62536474519176,
       33.977958657918755
      ],
      [
       35.62538053014597,
       33.97795398302049
      ],
      [
       35.62538842262307,
       33.97796239783719
      ],
      [
       35.62539067761653,
       33.97797455257093
      ],
      [
       35.62538616762961,
       33.977976422529814
      ],
      [
       35.6253816576427,
       33.97797361759148
      ],
      [
       35.62537827515251,
       33.97796239783719
      ],
      [
       35.62537489266232,
       33.977977357509246
      ],
      [
       35.62537827515251,
       33.977990447220115
      ],
      [
       35.62539180511326,
       33.97799699207482
      ],
      [
       35.62539857009362,
       33.97799231717865
      ],
      [
       35.62540646257072,
       33.97799512211637
      ],
      [
       35.62541097255764,
       33.97801008178268
      ],
      [
       35.62541097255764,
       33.978014756677865
      ],
      [
       35.62540195258381,
       33.97801288671983
      ],
      [
       35.62540195258381,
       33.978007276845446
      ],
      [
       35.62539631510017,
       33.978003536929016
      ],
      [
       35.62539631510017,
       33.978021301530674
      ],
      [
       35.62538278513942,
       33.97802036655171
      ],
      [
       35.62538053014597,
       33.978031586298385
      ],
      [
       35.62538504013288,
       33.97803813114991
      ],
      [
       35.62537827515251,
       33.97803719617113
      ],
      [
       35.62537376516559,
       33.978031586298385
      ],
      [
       35.625369255178676,
       33.978033456256014
      ],
      [
       35.62537151017214,
       33.978047480936915
      ],
      [
       35.62536812768195,
       33.978049350894196
      ],
      [
       35.625370382675406,
       33.97807366033507
      ],
      [
       35.62538053014597,
       33.97807927020508
      ],
      [
       35.62539067761653,
       33.97809609981281
      ],
      [
       35.62539067761653,
       33.97810638457147
      ],
      [
       35.62540308008054,
       33.97811479937307
      ],
      [
       35.62540195258381,
       33.978123214173856
      ],
      [
       35.625394060106714,
       33.97812414915165
      ],
      [
       35.625400825087084,
       33.9781334989292
      ],
      [
       35.62540308008054,
       33.97812788906279
      ],
      [
       35.62540646257072,
       33.97812882404055
      ],
      [
       35.62540646257072,
       33.9781344339069
      ],
      [
       35.62541210005437,
       33.9781344339069
      ],
      [
       35.62541210005437,
       33.978138173817605
      ],
      [
       35.62541999253147,
       33.978142848705716
      ],
      [
       35.62541886503474,
       33.978146588616035
      ],
      [
       35.62541097255764,
       33.97814378368333
      ],
      [
       35.6254132275511,
       33.978155003413654
      ],
      [
       35.62540984506091,
       33.978155938391126
      ],
      [
       35.62540533507399,
       33.97814939354869
      ],
      [
       35.62539969759035,
       33.97815874332345
      ],
      [
       35.625395187603445,
       33.978158743323455
      ],
      [
       35.625395187603445,
       33.97816154825568
      ],
      [
       35.62540420757727,
       33.9781615482557
      ],
      [
       35.62540195258381,
       33.97816996305184
      ],
      [
       35.62540533507399,
       33.978182117755914
      ],
      [
       35.62538729512635,
       33.97819801236631
      ],
      [
       35.62534106776045,
       33.978212971996896
      ],
      [
       35.625336557773544,
       33.97822138678795
      ],
      [
       35.62531964532261,
       33.97822419171812
      ],
      [
       35.62531851782588,
       33.978232606508065
      ],
      [
       35.62529709538803,
       33.97824102129717
      ],
      [
       35.625288075414204,
       33.97824008632064
      ],
      [
       35.62528469292401,
       33.97823354148467
      ],
      [
       35.625268907969826,
       33.97823354148467
      ],
      [
       35.62526214298944,
       33.97823447646126
      ],
      [
       35.62526214298944,
       33.978240086320646
      ],
      [
       35.625256505505796,
       33.97824289125018
      ],
      [
       35.62521027813992,
       33.97824289125019
      ]
     ]
    ]
   },
   "properties": {
    "kind": "remove",
    "note": "",
    "source": "hand-drawn",
    "applied": "2026-09-09T09:39:02"
   }
  },
  {
   "type": "Feature",
   "geometry": {
    "type": "Polygon",
    "coordinates": [
     [
      [
       35.62460660934449,
       33.978378568649894
      ],
      [
       35.62468439340592,
       33.9783340842804
      ],
      [
       35.624724626541145,
       33.97828737566739
      ],
      [
       35.62467366456986,
       33.97822064903288
      ],
      [
       35.6246441602707,
       33.97820285525483
      ],
      [
       35.62461197376252,
       33.97820952792205
      ],
      [
       35.62451273202897,
       33.978316290526095
      ],
      [
       35.624603927135475,
       33.97837634443197
      ],
      [
       35.62460660934449,
       33.978378568649894
      ]
     ]
    ]
   },
   "properties": {
    "kind": "add",
    "note": "",
    "source": "hand-drawn",
    "applied": "2026-09-09T09:39:02"
   }
  },
  {
   "type": "Feature",
   "geometry": {
    "type": "Polygon",
    "coordinates": [
     [
      [
       35.62521010637284,
       33.97822064903288
      ],
      [
       35.62535762786866,
       33.97820952792205
      ],
      [
       35.62539249658585,
       33.97819618258711
      ],
      [
       35.6254005432129,
       33.97815614656972
      ],
      [
       35.62555074691773,
       33.97811611053349
      ],
      [
       35.62555074691773,
       33.97807607447841
      ],
      [
       35.6255266070366,
       33.97800267499514
      ],
      [
       35.625475645065315,
       33.97791593006953
      ],
      [
       35.625448822975166,
       33.97789368776667
      ],
      [
       35.62538981437684,
       33.97792260275926
      ],
      [
       35.62518864870072,
       33.977971535801245
      ],
      [
       35.62513232231141,
       33.97800267499514
      ],
      [
       35.62512695789338,
       33.97802491726947
      ],
      [
       35.62516182661057,
       33.97814724967441
      ],
      [
       35.625212788581855,
       33.97822064903288
      ],
      [
       35.62521010637284,
       33.97822064903288
      ]
     ]
    ]
   },
   "properties": {
    "kind": "add",
    "note": "",
    "source": "hand-drawn",
    "applied": "2026-09-09T09:39:02"
   }
  },
  {
   "type": "Feature",
   "geometry": {
    "type": "Polygon",
    "coordinates": [
     [
      [
       35.62580785140615,
       33.97752295629615
      ],
      [
       35.62580334141924,
       33.977511736482384
      ],
      [
       35.625794321445404,
       33.97750986651329
      ],
      [
       35.62579206645194,
       33.97750332162107
      ],
      [
       35.62578530147157,
       33.97750238663646
      ],
      [
       35.625779663987934,
       33.977490231835205
      ],
      [
       35.625787556465035,
       33.977473402107506
      ],
      [
       35.625802213922505,
       33.97747059715257
      ],
      [
       35.625802213922505,
       33.977467792197544
      ],
      [
       35.62579319394868,
       33.97746592222747
      ],
      [
       35.62579319394868,
       33.977462182287205
      ],
      [
       35.625802213922505,
       33.97746311727228
      ],
      [
       35.625804468915966,
       33.9774593773319
      ],
      [
       35.62581461638653,
       33.97745750736164
      ],
      [
       35.625820253870174,
       33.977425717861
      ],
      [
       35.62582927384401,
       33.97742104293343
      ],
      [
       35.625899178641184,
       33.97742197791896
      ],
      [
       35.62590256113137,
       33.97742945780287
      ],
      [
       35.62589805114445,
       33.97742945780287
      ],
      [
       35.62589805114445,
       33.977437872671466
      ],
      [
       35.62590481612483,
       33.97744815750975
      ],
      [
       35.625899178641184,
       33.97745283243583
      ],
      [
       35.625893541157545,
       33.977466857212505
      ],
      [
       35.625895796151,
       33.977470597152575
      ],
      [
       35.6258879036739,
       33.977473402107506
      ],
      [
       35.625891286164084,
       33.977480881986885
      ],
      [
       35.62589015866736,
       33.97750706155953
      ],
      [
       35.62587888370007,
       33.977513606451446
      ],
      [
       35.62586422624259,
       33.977515476420464
      ],
      [
       35.62583265633419,
       33.97750986651328
      ],
      [
       35.62580785140615,
       33.97752295629615
      ]
     ]
    ]
   },
   "properties": {
    "kind": "remove",
    "note": "",
    "source": "hand-drawn",
    "applied": "2026-09-09T09:39:02"
   }
  },
  {
   "type": "Feature",
   "geometry": {
    "type": "Polygon",
    "coordinates": [
     [
      [
       35.62580287456513,
       33.977504446524485
      ],
      [
       35.62589138746262,
       33.97750889500589
      ],
      [
       35.62591284513474,
       33.97742659806219
      ],
      [
       35.62581360340119,
       33.97742437381936
      ],
      [
       35.62581360340119,
       33.9774710829065
      ],
      [
       35.62578946352006,
       33.97747997987259
      ],
      [
       35.62580287456513,
       33.97751334348707
      ],
      [
       35.62580287456513,
       33.977504446524485
      ]
     ]
    ]
   },
   "properties": {
    "kind": "add",
    "note": "",
    "source": "hand-drawn",
    "applied": "2026-09-09T09:39:02"
   }
  },
  {
   "type": "Feature",
   "geometry": {
    "type": "Polygon",
    "coordinates": [
     [
      [
       35.62306803435527,
       33.978589766824385
      ],
      [
       35.62305337689779,
       33.97858509196081
      ],
      [
       35.62304210193051,
       33.978577612178604
      ],
      [
       35.62304097443378,
       33.978572937314375
      ],
      [
       35.62305563189125,
       33.97857013239571
      ],
      [
       35.62305788688471,
       33.97856545753107
      ],
      [
       35.62307367183891,
       33.97857293731437
      ],
      [
       35.62308832929638,
       33.97856358758515
      ],
      [
       35.62309058428984,
       33.978557977747116
      ],
      [
       35.623133429165534,
       33.97857106736861
      ],
      [
       35.6231244091917,
       33.97858228704257
      ],
      [
       35.62310975173423,
       33.97858322201534
      ],
      [
       35.62310975173423,
       33.978578547151415
      ],
      [
       35.62311426172114,
       33.97857667720579
      ],
      [
       35.623108624237496,
       33.97857387228724
      ],
      [
       35.62311989920479,
       33.97857200234151
      ],
      [
       35.62311426172114,
       33.97857013239572
      ],
      [
       35.62309960426367,
       33.978572937314375
      ],
      [
       35.623091711786564,
       33.97857854715141
      ],
      [
       35.623101859257126,
       33.97858509196083
      ],
      [
       35.62309058428984,
       33.978584156988084
      ],
      [
       35.623084946806195,
       33.978589766824385
      ],
      [
       35.62306803435527,
       33.978589766824385
      ]
     ]
    ]
   },
   "properties": {
    "kind": "remove",
    "note": "",
    "source": "hand-drawn",
    "applied": "2026-09-09T09:39:02"
   }
  },
  {
   "type": "Feature",
   "geometry": {
    "type": "Polygon",
    "coordinates": [
     [
      [
       35.622750080277754,
       33.978630905612604
      ],
      [
       35.622743315297384,
       33.97861220616589
      ],
      [
       35.62274895278102,
       33.978606596331055
      ],
      [
       35.622750080277754,
       33.97859631163295
      ],
      [
       35.62275459026467,
       33.97859631163294
      ],
      [
       35.62275346276794,
       33.978600986495884
      ],
      [
       35.6227715027156,
       33.978608466276064
      ],
      [
       35.622781650186155,
       33.978608466276064
      ],
      [
       35.622789542663256,
       33.978602856440965
      ],
      [
       35.622768120225416,
       33.97860285644098
      ],
      [
       35.622768120225416,
       33.97860005152331
      ],
      [
       35.622787287669794,
       33.97859818157815
      ],
      [
       35.622790670159986,
       33.97860192146844
      ],
      [
       35.622803072624,
       33.978602856440986
      ],
      [
       35.62280645511419,
       33.97859631163294
      ],
      [
       35.62279856263709,
       33.97859350671505
      ],
      [
       35.62281209259783,
       33.978592571742396
      ],
      [
       35.62280081763055,
       33.9785785471514
      ],
      [
       35.622797435140356,
       33.978553302881814
      ],
      [
       35.622790670159986,
       33.978545823096795
      ],
      [
       35.62280194512728,
       33.9785355383913
      ],
      [
       35.62282336756512,
       33.97853460341802
      ],
      [
       35.62282562255858,
       33.97859911655073
      ],
      [
       35.62280645511419,
       33.978601921468446
      ],
      [
       35.62279856263709,
       33.97860753130357
      ],
      [
       35.62279856263709,
       33.97861220616589
      ],
      [
       35.62276135524504,
       33.978620620917425
      ],
      [
       35.6227636102385,
       33.97862623075132
      ],
      [
       35.622750080277754,
       33.978630905612604
      ]
     ]
    ]
   },
   "properties": {
    "kind": "remove",
    "note": "",
    "source": "hand-drawn",
    "applied": "2026-09-09T09:39:02"
   }
  },
  {
   "type": "Feature",
   "geometry": {
    "type": "Polygon",
    "coordinates": [
     [
      [
       35.622870722427734,
       33.97801475667787
      ],
      [
       35.62286733993755,
       33.97801101676175
      ],
      [
       35.622870722427734,
       33.97800727684546
      ],
      [
       35.62286733993755,
       33.97801008178268
      ],
      [
       35.6228617024539,
       33.97800727684546
      ],
      [
       35.622856064970264,
       33.97800914680362
      ],
      [
       35.62285155498334,
       33.97800447190813
      ],
      [
       35.62284817249316,
       33.97800914680363
      ],
      [
       35.6228380250226,
       33.97797548755037
      ],
      [
       35.62283915251933,
       33.977947438162495
      ],
      [
       35.62284704499643,
       33.97794463322319
      ],
      [
       35.62285155498334,
       33.977931543505264
      ],
      [
       35.6228617024539,
       33.97793808836449
      ],
      [
       35.62287523241466,
       33.97793621840476
      ],
      [
       35.62288537988521,
       33.97794182828381
      ],
      [
       35.62289778234923,
       33.9779567879595
      ],
      [
       35.62289778234923,
       33.977960527878
      ],
      [
       35.62289439985904,
       33.97795959289838
      ],
      [
       35.6228966548525,
       33.97796987767354
      ],
      [
       35.622902292336136,
       33.97797081265304
      ],
      [
       35.62289778234923,
       33.97798109742684
      ],
      [
       35.62290792981978,
       33.97798109742684
      ],
      [
       35.6229045473296,
       33.97799231717866
      ],
      [
       35.622911312309974,
       33.97799418713715
      ],
      [
       35.62290567482633,
       33.9779988620332
      ],
      [
       35.62290567482633,
       33.97800914680362
      ],
      [
       35.622870722427734,
       33.97801475667787
      ]
     ]
    ]
   },
   "properties": {
    "kind": "remove",
    "note": "",
    "source": "hand-drawn",
    "applied": "2026-09-09T09:39:02"
   }
  },
  {
   "type": "Feature",
   "geometry": {
    "type": "Polygon",
    "coordinates": [
     [
      [
       35.622624456882484,
       33.97802936572366
      ],
      [
       35.62266737222672,
       33.97802936572366
      ],
      [
       35.62265664339066,
       33.97799377808375
      ],
      [
       35.622629821300514,
       33.977998226539555
      ],
      [
       35.6226271390915,
       33.97802269304232
      ],
      [
       35.622624456882484,
       33.97802936572366
      ]
     ]
    ]
   },
   "properties": {
    "kind": "add",
    "note": "",
    "source": "hand-drawn",
    "applied": "2026-09-09T09:39:02"
   }
  },
  {
   "type": "Feature",
   "geometry": {
    "type": "Polygon",
    "coordinates": [
     [
      [
       35.62328696250916,
       33.97780249426406
      ],
      [
       35.62335669994355,
       33.977800270031075
      ],
      [
       35.62335669994355,
       33.97774021571826
      ],
      [
       35.62330573797227,
       33.97774021571826
      ],
      [
       35.62329232692719,
       33.97779137309852
      ],
      [
       35.62328696250916,
       33.97780249426406
      ]
     ]
    ]
   },
   "properties": {
    "kind": "add",
    "note": "",
    "source": "hand-drawn",
    "applied": "2026-09-09T09:39:02"
   }
  },
  {
   "type": "Feature",
   "geometry": {
    "type": "Polygon",
    "coordinates": [
     [
      [
       35.62305629253388,
       33.97794706928378
      ],
      [
       35.623096525669105,
       33.977942620825296
      ],
      [
       35.623096525669105,
       33.97791148160942
      ],
      [
       35.623064339160926,
       33.977913705839526
      ],
      [
       35.62305629253388,
       33.97795151774203
      ],
      [
       35.62305629253388,
       33.97794706928378
      ]
     ]
    ]
   },
   "properties": {
    "kind": "add",
    "note": "",
    "source": "hand-drawn",
    "applied": "2026-09-09T09:39:02"
   }
  },
  {
   "type": "Feature",
   "geometry": {
    "type": "Polygon",
    "coordinates": [
     [
      [
       35.62305361032487,
       33.978187285695974
      ],
      [
       35.622975826263435,
       33.97820952792205
      ],
      [
       35.62297314405442,
       33.978222873254865
      ],
      [
       35.62305092811585,
       33.97822064903288
      ],
      [
       35.62305629253388,
       33.978189509918856
      ],
      [
       35.62305361032487,
       33.978187285695974
      ]
     ]
    ]
   },
   "properties": {
    "kind": "add",
    "note": "",
    "source": "hand-drawn",
    "applied": "2026-09-09T09:39:02"
   }
  },
  {
   "type": "Feature",
   "geometry": {
    "type": "Polygon",
    "coordinates": [
     [
      [
       35.624635254808254,
       33.979853840497846
      ],
      [
       35.6246329998148,
       33.979846360827246
      ],
      [
       35.62462285234424,
       33.97984542586837
      ],
      [
       35.624611577376946,
       33.979835141320116
      ],
      [
       35.62459691991948,
       33.97983607627909
      ],
      [
       35.624592409932575,
       33.97982018197495
      ],
      [
       35.624586772448914,
       33.97981737709746
      ],
      [
       35.624590154939106,
       33.979810832382924
      ],
      [
       35.62459804741621,
       33.9798080275051
      ],
      [
       35.62459691991948,
       33.97980335270854
      ],
      [
       35.62458564495219,
       33.979805222627164
      ],
      [
       35.62459691991948,
       33.97979680799292
      ],
      [
       35.624590154939106,
       33.97978745839829
      ],
      [
       35.62460030240967,
       33.9797846535197
      ],
      [
       35.62460255740312,
       33.97977717384301
      ],
      [
       35.624592409932575,
       33.979770629125376
      ],
      [
       35.624603684899846,
       33.979765019367
      ],
      [
       35.62460593989331,
       33.979755669768885
      ],
      [
       35.62461834235732,
       33.97974819008965
      ],
      [
       35.62460932238349,
       33.9797332307292
      ],
      [
       35.624611577376946,
       33.97973042584882
      ],
      [
       35.62463187231807,
       33.9797351006494
      ],
      [
       35.62463187231807,
       33.97973977544972
      ],
      [
       35.624635254808254,
       33.97973042584884
      ],
      [
       35.624643147285354,
       33.97973042584883
      ],
      [
       35.624661187233016,
       33.979740710409764
      ],
      [
       35.62467697218722,
       33.97974445024978
      ],
      [
       35.624693884638155,
       33.97974351528979
      ],
      [
       35.62470290461198,
       33.979757539688585
      ],
      [
       35.62469613963161,
       33.97979213319573
      ],
      [
       35.62467020720684,
       33.979840751073866
      ],
      [
       35.62466231472975,
       33.97984729578611
      ],
      [
       35.624643147285354,
       33.9798472957861
      ],
      [
       35.624645402278816,
       33.97984542586837
      ],
      [
       35.62464201978863,
       33.9798435559506
      ],
      [
       35.624644274782085,
       33.979851970580256
      ],
      [
       35.624635254808254,
       33.979853840497846
      ]
     ]
    ]
   },
   "properties": {
    "kind": "remove",
    "note": "",
    "source": "hand-drawn",
    "applied": "2026-09-09T09:39:02"
   }
  },
  {
   "type": "Feature",
   "geometry": {
    "type": "Polygon",
    "coordinates": [
     [
      [
       35.62473267316819,
       33.97991104096481
      ],
      [
       35.62474876642228,
       33.97993105856262
      ],
      [
       35.624735355377204,
       33.979964421215165
      ],
      [
       35.62465220689774,
       33.979955524509116
      ],
      [
       35.62452882528306,
       33.979897695896966
      ],
      [
       35.62451004981995,
       33.97985543650167
      ],
      [
       35.624445676803596,
       33.97983764306581
      ],
      [
       35.624445676803596,
       33.97980650454408
      ],
      [
       35.624483227729804,
       33.97975757255827
      ],
      [
       35.62452346086503,
       33.9796485875796
      ],
      [
       35.624561011791236,
       33.97965081176423
      ],
      [
       35.62464147806168,
       33.97967750197531
      ],
      [
       35.62464952468873,
       33.979728658189806
      ],
      [
       35.624708533287055,
       33.979759796740055
      ],
      [
       35.62467634677888,
       33.97985543650167
      ],
      [
       35.62462270259858,
       33.97986878157616
      ],
      [
       35.624692440032966,
       33.97988879918392
      ],
      [
       35.62472730875016,
       33.97991104096481
      ],
      [
       35.62473267316819,
       33.97991104096481
      ]
     ]
    ]
   },
   "properties": {
    "kind": "add",
    "note": "",
    "source": "hand-drawn",
    "applied": "2026-09-09T09:39:02"
   }
  },
  {
   "type": "Feature",
   "geometry": {
    "type": "Polygon",
    "coordinates": [
     [
      [
       35.624949826395564,
       33.97984823074495
      ],
      [
       35.6249238939708,
       33.97984636082724
      ],
      [
       35.6249238939708,
       33.97983794619704
      ],
      [
       35.62492953145444,
       33.97983888115599
      ],
      [
       35.62493065895117,
       33.97983514132012
      ],
      [
       35.62491825648716,
       33.979831401484084
      ],
      [
       35.62491261900352,
       33.97983701123807
      ],
      [
       35.624901344036225,
       33.97983701123806
      ],
      [
       35.62489119656566,
       33.97984355595061
      ],
      [
       35.62488781407548,
       33.97984168603279
      ],
      [
       35.624885559082024,
       33.97979680799292
      ],
      [
       35.62488894157221,
       33.979791198236256
      ],
      [
       35.62493065895117,
       33.979807092545805
      ],
      [
       35.62495433638248,
       33.97980896246438
      ],
      [
       35.624956591375934,
       33.97981457221986
      ],
      [
       35.62496222885958,
       33.97981457221986
      ],
      [
       35.62496335635631,
       33.97981924701581
      ],
      [
       35.624957718872665,
       33.97982579172971
      ],
      [
       35.624959973866126,
       33.979839816114925
      ],
      [
       35.624952081389026,
       33.97984262099169
      ],
      [
       35.624949826395564,
       33.97984823074495
      ]
     ]
    ]
   },
   "properties": {
    "kind": "remove",
    "note": "",
    "source": "hand-drawn",
    "applied": "2026-09-09T09:39:02"
   }
  },
  {
   "type": "Feature",
   "geometry": {
    "type": "Polygon",
    "coordinates": [
     [
      [
       35.624878794101676,
       33.97982953156599
      ],
      [
       35.62486526414093,
       33.97981831205665
      ],
      [
       35.62487315661803,
       33.97981363726065
      ],
      [
       35.62488330408859,
       33.97981457221986
      ],
      [
       35.624877666604945,
       33.9798061575865
      ],
      [
       35.62488330408859,
       33.979806157586516
      ],
      [
       35.62488555908205,
       33.979829531565976
      ],
      [
       35.624878794101676,
       33.97982953156599
      ]
     ]
    ]
   },
   "properties": {
    "kind": "remove",
    "note": "",
    "source": "hand-drawn",
    "applied": "2026-09-09T09:39:02"
   }
  },
  {
   "type": "Feature",
   "geometry": {
    "type": "Polygon",
    "coordinates": [
     [
      [
       35.62128335237504,
       33.97848088261135
      ],
      [
       35.62118411064149,
       33.97843862251175
      ],
      [
       35.62121361494065,
       33.97836967177787
      ],
      [
       35.621259212493904,
       33.9783607749049
      ],
      [
       35.621248483657844,
       33.978416380345635
      ],
      [
       35.62131822109223,
       33.97843862251175
      ],
      [
       35.6212940812111,
       33.978476434180806
      ],
      [
       35.62128335237504,
       33.97848088261135
      ]
     ]
    ]
   },
   "properties": {
    "kind": "add",
    "note": "",
    "source": "hand-drawn",
    "applied": "2026-09-09T09:39:02"
   }
  },
  {
   "type": "Feature",
   "geometry": {
    "type": "Polygon",
    "coordinates": [
     [
      [
       35.619216505529835,
       33.97880855015139
      ],
      [
       35.619209740549465,
       33.97880200535918
      ],
      [
       35.61920748555601,
       33.97879172068468
      ],
      [
       35.61921988802002,
       33.97878237097952
      ],
      [
       35.61922101551675,
       33.97880107038883
      ],
      [
       35.619224398006935,
       33.97880294032955
      ],
      [
       35.619216505529835,
       33.97880855015139
      ]
     ]
    ]
   },
   "properties": {
    "kind": "remove",
    "note": "",
    "source": "hand-drawn",
    "applied": "2026-09-09T09:39:02"
   }
  },
  {
   "type": "Feature",
   "geometry": {
    "type": "Polygon",
    "coordinates": [
     [
      [
       35.61929204781066,
       33.9788945673736
      ],
      [
       35.61928415533355,
       33.97888615264921
      ],
      [
       35.61928528283029,
       33.97887119313705
      ],
      [
       35.619303322777945,
       33.97884594895436
      ],
      [
       35.61931347024851,
       33.9788431440447
      ],
      [
       35.61930896026159,
       33.97884968883375
      ],
      [
       35.61930783276487,
       33.97886932319786
      ],
      [
       35.61931685273869,
       33.97887212810665
      ],
      [
       35.61931685273869,
       33.97887960786296
      ],
      [
       35.61930670526813,
       33.978885217679775
      ],
      [
       35.61930219528122,
       33.978892697434944
      ],
      [
       35.61929204781066,
       33.9788945673736
      ]
     ]
    ]
   },
   "properties": {
    "kind": "remove",
    "note": "",
    "source": "hand-drawn",
    "applied": "2026-09-09T09:39:02"
   }
  },
  {
   "type": "Feature",
   "geometry": {
    "type": "Polygon",
    "coordinates": [
     [
      [
       35.624039936535446,
       33.98387126345502
      ],
      [
       35.624015131607415,
       33.9838693936258
      ],
      [
       35.62401174911723,
       33.983863784137924
      ],
      [
       35.624009494123776,
       33.983830127202836
      ],
      [
       35.624015131607415,
       33.98381797330633
      ],
      [
       35.6240264065747,
       33.98381610347595
      ],
      [
       35.62402866156816,
       33.983803014662094
      ],
      [
       35.62403655404526,
       33.9838030146621
      ],
      [
       35.62403768154199,
       33.98379366550813
      ],
      [
       35.624047829012554,
       33.98379086076172
      ],
      [
       35.62404557401909,
       33.98378525126864
      ],
      [
       35.62406023147657,
       33.98377777194398
      ],
      [
       35.624085036404594,
       33.98377216245005
      ],
      [
       35.62408841889478,
       33.983778706859624
      ],
      [
       35.62408954639152,
       33.983775902112725
      ],
      [
       35.624094056378425,
       33.98377683702836
      ],
      [
       35.624095183875156,
       33.983782446521985
      ],
      [
       35.62410420384899,
       33.98378151160641
      ],
      [
       35.624110968829356,
       33.983788056015236
      ],
      [
       35.62410420384899,
       33.98379834008524
      ],
      [
       35.624094056378425,
       33.98379740516983
      ],
      [
       35.62408616390133,
       33.9838058194081
      ],
      [
       35.624087291398055,
       33.983817038391145
      ],
      [
       35.624094056378425,
       33.98381703839115
      ],
      [
       35.624095183875156,
       33.983835736692946
      ],
      [
       35.62410307635226,
       33.983844150927396
      ],
      [
       35.624096311371886,
       33.98384976041659
      ],
      [
       35.62409856636534,
       33.98385817464967
      ],
      [
       35.62408954639152,
       33.98386378413794
      ],
      [
       35.62408954639152,
       33.983856304820144
      ],
      [
       35.62408278141114,
       33.98385817464967
      ],
      [
       35.624079398920955,
       33.98385163024623
      ],
      [
       35.624071506443855,
       33.98385350007583
      ],
      [
       35.62406474146349,
       33.98386284922324
      ],
      [
       35.624039936535446,
       33.98387126345502
      ]
     ]
    ]
   },
   "properties": {
    "kind": "remove",
    "note": "",
    "source": "hand-drawn"
   }
  },
  {
   "type": "Feature",
   "geometry": {
    "type": "Polygon",
    "coordinates": [
     [
      [
       35.62532641030298,
       33.98626648090007
      ],
      [
       35.62532415530953,
       33.98625993668207
      ],
      [
       35.62532866529644,
       33.98625619712871
      ],
      [
       35.62532415530953,
       33.98625619712872
      ],
      [
       35.6253230278128,
       33.986250587798345
      ],
      [
       35.62532077281934,
       33.986214127142
      ],
      [
       35.62532641030298,
       33.98621412714199
      ],
      [
       35.62532415530953,
       33.986222541141004
      ],
      [
       35.62532866529644,
       33.98622908536188
      ],
      [
       35.62532415530953,
       33.986230955139185
      ],
      [
       35.625330920289905,
       33.98623189002781
      ],
      [
       35.625330920289905,
       33.98623936913653
      ],
      [
       35.62534896023755,
       33.98624123891361
      ],
      [
       35.625330920289905,
       33.986245913356115
      ],
      [
       35.62533430278009,
       33.9862618064587
      ],
      [
       35.62532641030298,
       33.98626648090007
      ]
     ]
    ]
   },
   "properties": {
    "kind": "remove",
    "note": "",
    "source": "hand-drawn"
   }
  },
  {
   "type": "Feature",
   "geometry": {
    "type": "Polygon",
    "coordinates": [
     [
      [
       35.62531175284551,
       33.986269285564774
      ],
      [
       35.625302732871674,
       33.986262741347005
      ],
      [
       35.62531062534878,
       33.98625619712872
      ],
      [
       35.62530949785205,
       33.986251522686786
      ],
      [
       35.62529935038149,
       33.98625152268678
      ],
      [
       35.625295967891304,
       33.98625619712872
      ],
      [
       35.62527905544037,
       33.98625619712872
      ],
      [
       35.62527680044692,
       33.98625245757518
      ],
      [
       35.62528243793056,
       33.98624965290993
      ],
      [
       35.62527905544037,
       33.98624497846763
      ],
      [
       35.62528356542728,
       33.98624123891361
      ],
      [
       35.62527792794364,
       33.98624123891361
      ],
      [
       35.625274545453465,
       33.986236564470836
      ],
      [
       35.62526778047309,
       33.98624404357914
      ],
      [
       35.62527003546654,
       33.986245913356115
      ],
      [
       35.62526214298944,
       33.98624497846761
      ],
      [
       35.62526778047309,
       33.98623189002783
      ],
      [
       35.625286947917466,
       33.98623375980506
      ],
      [
       35.625288075414204,
       33.986230955139185
      ],
      [
       35.625280182937104,
       33.986222541141
      ],
      [
       35.62526214298944,
       33.98622347602973
      ],
      [
       35.62525988799598,
       33.98621786669722
      ],
      [
       35.62528243793056,
       33.986215996919626
      ],
      [
       35.625286947917466,
       33.986220671363526
      ],
      [
       35.625298222884766,
       33.98621973647477
      ],
      [
       35.62529709538803,
       33.98622908536188
      ],
      [
       35.62529258540112,
       33.98623095513919
      ],
      [
       35.625294840394574,
       33.98623375980505
      ],
      [
       35.625304987865135,
       33.98623189002782
      ],
      [
       35.62531851782588,
       33.986234694693664
      ],
      [
       35.62531851782588,
       33.9862608715704
      ],
      [
       35.62531175284551,
       33.986269285564774
      ]
     ]
    ]
   },
   "properties": {
    "kind": "remove",
    "note": "",
    "source": "hand-drawn"
   }
  },
  {
   "type": "Feature",
   "geometry": {
    "type": "Polygon",
    "coordinates": [
     [
      [
       35.61720956135265,
       33.986214127142006
      ],
      [
       35.617194903895175,
       33.98621132247549
      ],
      [
       35.617196031391906,
       33.98620758291996
      ],
      [
       35.61719039390826,
       33.986204778253246
      ],
      [
       35.617193776398445,
       33.98619542936345
      ],
      [
       35.617203923869006,
       33.98619262469631
      ],
      [
       35.61720617886247,
       33.98618234091601
      ],
      [
       35.61721294384284,
       33.98618234091601
      ],
      [
       35.61721745382975,
       33.986174861802304
      ],
      [
       35.61722083631994,
       33.98618421069433
      ],
      [
       35.6172230913134,
       33.98617953624842
      ],
      [
       35.61724564124797,
       33.986183275805175
      ],
      [
       35.617249023738154,
       33.986179536248436
      ],
      [
       35.61725578871853,
       33.98617953624843
      ],
      [
       35.61725578871853,
       33.98616457801983
      ],
      [
       35.61726142620217,
       33.986167382687874
      ],
      [
       35.617265936189085,
       33.986164578019846
      ],
      [
       35.617265936189085,
       33.98615990357285
      ],
      [
       35.61726029870544,
       33.986157098904535
      ],
      [
       35.617268191182546,
       33.98614775000951
      ],
      [
       35.617263681195624,
       33.986139336003085
      ],
      [
       35.617270446176,
       33.986133726665024
      ],
      [
       35.61727608365965,
       33.98613466155473
      ],
      [
       35.617290741117124,
       33.986128117326594
      ],
      [
       35.617313291051694,
       33.98612998710611
      ],
      [
       35.61731892853533,
       33.98612624754701
      ],
      [
       35.61733245849608,
       33.98612624754701
      ],
      [
       35.61733245849608,
       33.986214127142006
      ],
      [
       35.61720956135265,
       33.986214127142006
      ]
     ]
    ]
   },
   "properties": {
    "kind": "remove",
    "note": "",
    "source": "hand-drawn"
   }
  },
  {
   "type": "Feature",
   "geometry": {
    "type": "Polygon",
    "coordinates": [
     [
      [
       35.61726540327073,
       33.98618966299695
      ],
      [
       35.617340505123146,
       33.986200783063744
      ],
      [
       35.61734318733216,
       33.98614295870041
      ],
      [
       35.61727613210679,
       33.98613628665595
      ],
      [
       35.6172600388527,
       33.98618966299695
      ],
      [
       35.61726540327073,
       33.98618966299695
      ]
     ]
    ]
   },
   "properties": {
    "kind": "add",
    "note": "",
    "source": "hand-drawn"
   }
  }
 ]
}